{"type":"FeatureCollection","features":[{"type":"Feature","geometry":{"type":"Point","coordinates":[-80.86572093350672,32.00114777673713]},"properties":{"Business License Number":"STR-026161-2025","Business Name":"AMY & JEREMY WILLIAMS","DBA":"130 SAN MARCO DR.","Business Status":"Active","Business License Type":"Short Term Rental","Business License Classification":"STR - Short Term Rental","Business License Status":"Renewed","Business License Year":"2026","Business License Issued Date":"8/4/2026","Business License Expiration Date":"6/30/2027","Parcel_Matched_Address":"130 SAN MARCO DR","Parcel_PIN":"10011 02004","Parcel_Match_Method":"Exact normalized","misc0":"","misc1":"","misc2":"","misc3":"","misc4":"","misc5":"","misc6":"","misc7":"","longitude":-80.86572093350672,"latitude":32.00114777673713,"licenseNumber":"STR-026161-2025","matchedAddress":"130 SAN MARCO DR"}},{"type":"Feature","geometry":{"type":"Point","coordinates":[-80.8667625800002,32.00016959137206]},"properties":{"Business License Number":"STR-024944","Business Name":"HH REAL ESTATE INVESTMENTS INC","DBA":"140 SAN MARCO DRIVE","Business Status":"Active","Business License Type":"Short Term Rental","Business License Classification":"STR - Short Term Rental","Business License Status":"Renewed","Business License Year":"2026","Business License Issued Date":"8/5/2026","Business License Expiration Date":"6/30/2027","Parcel_Matched_Address":"140 SAN MARCO DR","Parcel_PIN":"10011 02010","Parcel_Match_Method":"Exact normalized","misc0":"","misc1":"","misc2":"","misc3":"","misc4":"","misc5":"","misc6":"","misc7":"","longitude":-80.8667625800002,"latitude":32.00016959137206,"licenseNumber":"STR-024944","matchedAddress":"140 SAN MARCO DR"}},{"type":"Feature","geometry":{"type":"Point","coordinates":[-80.86286864946916,32.00442806633491]},"properties":{"Business License Number":"STR-026492-2026","Business Name":"DUNE PROPERTY MANAGEMENT, LLC.","DBA":"132 CATALINA","Business Status":"Active","Business License Type":"Short Term Rental","Business License Classification":"STR - Short Term Rental","Business License Status":"Renewed","Business License Year":"2026","Business License Issued Date":"6/29/2026","Business License Expiration Date":"6/30/2027","Parcel_Matched_Address":"132 CATALINA DR","Parcel_PIN":"10012 02016","Parcel_Match_Method":"Manually Added","misc0":"","misc1":"","misc2":"","misc3":"","misc4":"","misc5":"","misc6":"","misc7":"","longitude":-80.86286864946916,"latitude":32.00442806633491,"licenseNumber":"STR-026492-2026","matchedAddress":"132 CATALINA DR"}},{"type":"Feature","geometry":{"type":"Point","coordinates":[-80.86525061036623,32.012838270987935]},"properties":{"Business License Number":"STR-025697-2025","Business Name":"JACK & BELINDA FLANIGAN REAL ESTATE LLC","DBA":"114 ANDREA DRIVE UNIT 6","Business Status":"Active","Business License Type":"Short Term Rental","Business License Classification":"STR - Short Term Rental","Business License Status":"Renewed","Business License Year":"2026","Business License Issued Date":"7/6/2026","Business License Expiration Date":"6/30/2027","Parcel_Matched_Address":"114 ANDREA DR","Parcel_PIN":"10013 01021","Parcel_Match_Method":"Normalized address core","misc0":"","misc1":"","misc2":"","misc3":"","misc4":"","misc5":"","misc6":"","misc7":"","longitude":-80.86525061036623,"latitude":32.012838270987935,"licenseNumber":"STR-025697-2025","matchedAddress":"114 ANDREA DR"}},{"type":"Feature","geometry":{"type":"Point","coordinates":[-80.86700445351433,32.01176382617325]},"properties":{"Business License Number":"STR-025698-2025","Business Name":"JACK & BELINDA FLANIGAN REAL ESTATE LLC","DBA":"33 ESTILL HAMMOCK RD ","Business Status":"Active","Business License Type":"Short Term Rental","Business License Classification":"STR - Short Term Rental","Business License Status":"Renewed","Business License Year":"2026","Business License Issued Date":"6/23/2026","Business License Expiration Date":"6/30/2027","Parcel_Matched_Address":"33 ESTILL HAMMOCK RD","Parcel_PIN":"10013 02010","Parcel_Match_Method":"Exact normalized","misc0":"","misc1":"","misc2":"","misc3":"","misc4":"","misc5":"","misc6":"","misc7":"","longitude":-80.86700445351433,"latitude":32.01176382617325,"licenseNumber":"STR-025698-2025","matchedAddress":"33 ESTILL HAMMOCK RD"}},{"type":"Feature","geometry":{"type":"Point","coordinates":[-80.86866336158461,32.01497299950042]},"properties":{"Business License Number":"STR-026557-2026","Business Name":"ERCEL JOANNE GARCIA-MELENDEZ","DBA":"4  ESTILL HAMMOCK RD","Business Status":"Active","Business License Type":"Short Term Rental","Business License Classification":"STR - Short Term Rental","Business License Status":"Issued","Business License Year":"2026","Business License Issued Date":"7/21/2026","Business License Expiration Date":"6/30/2027","Parcel_Matched_Address":"4 ESTILL HAMMOCK RD","Parcel_PIN":"10014 01003","Parcel_Match_Method":"Exact normalized","misc0":"","misc1":"","misc2":"","misc3":"","misc4":"","misc5":"","misc6":"","misc7":"","longitude":-80.86866336158461,"latitude":32.01497299950042,"licenseNumber":"STR-026557-2026","matchedAddress":"4 ESTILL HAMMOCK RD"}},{"type":"Feature","geometry":{"type":"Point","coordinates":[-80.86673402273846,32.015491631913925]},"properties":{"Business License Number":"STR-025835-2025","Business Name":"DAVID ALLEN BAESSLER","DBA":"122 PELICAN DRIVE","Business Status":"Active","Business License Type":"Short Term Rental","Business License Classification":"STR - Short Term Rental","Business License Status":"Renewed","Business License Year":"2026","Business License Issued Date":"8/4/2026","Business License Expiration Date":"6/30/2027","Parcel_Matched_Address":"122 PELICAN DR","Parcel_PIN":"10014 01015","Parcel_Match_Method":"Exact normalized","misc0":"","misc1":"","misc2":"","misc3":"","misc4":"","misc5":"","misc6":"","misc7":"","longitude":-80.86673402273846,"latitude":32.015491631913925,"licenseNumber":"STR-025835-2025","matchedAddress":"122 PELICAN DR"}},{"type":"Feature","geometry":{"type":"Point","coordinates":[-80.86654059682414,32.01404264874042]},"properties":{"Business License Number":"STR-025784-2025","Business Name":"JADELARK LLC","DBA":"116 PELICAN COURT","Business Status":"Active","Business License Type":"Short Term Rental","Business License Classification":"STR - Short Term Rental","Business License Status":"Renewed","Business License Year":"2026","Business License Issued Date":"8/4/2026","Business License Expiration Date":"6/30/2027","Parcel_Matched_Address":"116 PELICAN CT","Parcel_PIN":"10014 01028","Parcel_Match_Method":"Exact normalized","misc0":"","misc1":"","misc2":"","misc3":"","misc4":"","misc5":"","misc6":"","misc7":"","longitude":-80.86654059682414,"latitude":32.01404264874042,"licenseNumber":"STR-025784-2025","matchedAddress":"116 PELICAN CT"}},{"type":"Feature","geometry":{"type":"Point","coordinates":[-80.86609227192614,32.01424878269512]},"properties":{"Business License Number":"STR-026200-2026","Business Name":"CBH, LLC.","DBA":"106 PELICAN CT.","Business Status":"Active","Business License Type":"Short Term Rental","Business License Classification":"STR - Short Term Rental","Business License Status":"Renewed","Business License Year":"2027","Business License Issued Date":"6/23/2026","Business License Expiration Date":"6/30/2027","Parcel_Matched_Address":"106 PELICAN CT","Parcel_PIN":"10014 01033","Parcel_Match_Method":"Exact normalized","misc0":"","misc1":"","misc2":"","misc3":"","misc4":"","misc5":"","misc6":"","misc7":"","longitude":-80.86609227192614,"latitude":32.01424878269512,"licenseNumber":"STR-026200-2026","matchedAddress":"106 PELICAN CT"}},{"type":"Feature","geometry":{"type":"Point","coordinates":[-80.8650079530618,32.01398135188402]},"properties":{"Business License Number":"STR-026369-2026","Business Name":"LEX K. BAZEMORE","DBA":"140 PELICAN DR.","Business Status":"Active","Business License Type":"Short Term Rental","Business License Classification":"STR - Short Term Rental","Business License Status":"Renewed","Business License Year":"2027","Business License Issued Date":"7/17/2026","Business License Expiration Date":"6/30/2027","Parcel_Matched_Address":"140 PELICAN DR","Parcel_PIN":"10014 01040","Parcel_Match_Method":"Exact normalized","misc0":"","misc1":"","misc2":"","misc3":"","misc4":"","misc5":"","misc6":"","misc7":"","longitude":-80.8650079530618,"latitude":32.01398135188402,"licenseNumber":"STR-026369-2026","matchedAddress":"140 PELICAN DR"}},{"type":"Feature","geometry":{"type":"Point","coordinates":[-80.87560857569147,32.012862564163335]},"properties":{"Business License Number":"STR-025029","Business Name":"VENTURE ON TYBEE, LLC.","DBA":"2552 CRUSOE ISLAND DR.","Business Status":"Applied","Business License Type":"Short Term Rental","Business License Classification":"STR - Short Term Rental","Business License Status":"Renewed","Business License Year":"2026","Business License Issued Date":"7/23/2026","Business License Expiration Date":"6/30/2027","Parcel_Matched_Address":"2552 CRUSOE ISLAND DR","Parcel_PIN":"10021 01002","Parcel_Match_Method":"Exact normalized","misc0":"","misc1":"","misc2":"","misc3":"","misc4":"","misc5":"","misc6":"","misc7":"","longitude":-80.87560857569147,"latitude":32.012862564163335,"licenseNumber":"STR-025029","matchedAddress":"2552 CRUSOE ISLAND DR"}},{"type":"Feature","geometry":{"type":"Point","coordinates":[-80.9619037182261,32.02585279203059]},"properties":{"Business License Number":"STR-026170-2025","Business Name":"HRISTINA ARNAUDOVA","DBA":"28 RIVER OAKS RD","Business Status":"Active","Business License Type":"Short Term Rental","Business License Classification":"STR - Short Term Rental","Business License Status":"Renewed","Business License Year":"2026","Business License Issued Date":"6/29/2026","Business License Expiration Date":"6/30/2027","Parcel_Matched_Address":"28 RIVER OAKS RD","Parcel_PIN":"10025A04003","Parcel_Match_Method":"Exact normalized","misc0":"","misc1":"","misc2":"","misc3":"","misc4":"","misc5":"","misc6":"","misc7":"","longitude":-80.9619037182261,"latitude":32.02585279203059,"licenseNumber":"STR-026170-2025","matchedAddress":"28 RIVER OAKS RD"}},{"type":"Feature","geometry":{"type":"Point","coordinates":[-80.96156811374702,32.02358331898582]},"properties":{"Business License Number":"STR-025577-2025","Business Name":"LARRY OR  CHERYL MAYORGA","DBA":"21 BARNACLE COURT","Business Status":"Active","Business License Type":"Short Term Rental","Business License Classification":"STR - Short Term Rental","Business License Status":"Renewed","Business License Year":"2026","Business License Issued Date":"6/29/2026","Business License Expiration Date":"6/30/2027","Parcel_Matched_Address":"21 BARNACLE CT","Parcel_PIN":"10025C01053","Parcel_Match_Method":"Exact normalized","misc0":"","misc1":"","misc2":"","misc3":"","misc4":"","misc5":"","misc6":"","misc7":"","longitude":-80.96156811374702,"latitude":32.02358331898582,"licenseNumber":"STR-025577-2025","matchedAddress":"21 BARNACLE CT"}},{"type":"Feature","geometry":{"type":"Point","coordinates":[-80.95886843272956,32.02129245946058]},"properties":{"Business License Number":"STR-025473-2025","Business Name":"CANON STAYS, LLC.","DBA":"107 RUNNER RD.","Business Status":"Active","Business License Type":"Short Term Rental","Business License Classification":"STR - Short Term Rental","Business License Status":"Renewed","Business License Year":"2027","Business License Issued Date":"8/3/2026","Business License Expiration Date":"6/30/2027","Parcel_Matched_Address":"107 RUNNER RD","Parcel_PIN":"10025C02015","Parcel_Match_Method":"Exact normalized","misc0":"","misc1":"","misc2":"","misc3":"","misc4":"","misc5":"","misc6":"","misc7":"","longitude":-80.95886843272956,"latitude":32.02129245946058,"licenseNumber":"STR-025473-2025","matchedAddress":"107 RUNNER RD"}},{"type":"Feature","geometry":{"type":"Point","coordinates":[-80.95850876126808,32.0214153398902]},"properties":{"Business License Number":"STR-026302-2026","Business Name":"PEYTON HARM","DBA":"111 RUNNER RD.","Business Status":"Active","Business License Type":"Short Term Rental","Business License Classification":"STR - Short Term Rental","Business License Status":"Renewed","Business License Year":"2027","Business License Issued Date":"7/21/2026","Business License Expiration Date":"6/30/2027","Parcel_Matched_Address":"111 RUNNER RD","Parcel_PIN":"10025C02017","Parcel_Match_Method":"Exact normalized","misc0":"","misc1":"","misc2":"","misc3":"","misc4":"","misc5":"","misc6":"","misc7":"","longitude":-80.95850876126808,"latitude":32.0214153398902,"licenseNumber":"STR-026302-2026","matchedAddress":"111 RUNNER RD"}},{"type":"Feature","geometry":{"type":"Point","coordinates":[-80.9588512211415,32.02181315687151]},"properties":{"Business License Number":"STR-026403-2026","Business Name":"PETER KRUEGER","DBA":"108 RUNNER RD","Business Status":"Active","Business License Type":"Short Term Rental","Business License Classification":"STR - Short Term Rental","Business License Status":"Renewed","Business License Year":"2027","Business License Issued Date":"7/21/2026","Business License Expiration Date":"6/30/2027","Parcel_Matched_Address":"108 RUNNER RD","Parcel_PIN":"10025C03012","Parcel_Match_Method":"Exact normalized","misc0":"","misc1":"","misc2":"","misc3":"","misc4":"","misc5":"","misc6":"","misc7":"","longitude":-80.9588512211415,"latitude":32.02181315687151,"licenseNumber":"STR-026403-2026","matchedAddress":"108 RUNNER RD"}},{"type":"Feature","geometry":{"type":"Point","coordinates":[-80.9592118196522,32.02469879901492]},"properties":{"Business License Number":"STR-025755-2025","Business Name":"KELLI KOSTICK","DBA":"4 HIGHPOINT CT","Business Status":"Active","Business License Type":"Short Term Rental","Business License Classification":"STR - Short Term Rental","Business License Status":"Renewed","Business License Year":"2026","Business License Issued Date":"7/13/2026","Business License Expiration Date":"6/30/2027","Parcel_Matched_Address":"4 HIGHPOINT CT","Parcel_PIN":"10025D01032","Parcel_Match_Method":"Exact normalized","misc0":"","misc1":"","misc2":"","misc3":"","misc4":"","misc5":"","misc6":"","misc7":"","longitude":-80.9592118196522,"latitude":32.02469879901492,"licenseNumber":"STR-025755-2025","matchedAddress":"4 HIGHPOINT CT"}},{"type":"Feature","geometry":{"type":"Point","coordinates":[-80.95781638785597,32.02183254738666]},"properties":{"Business License Number":"STR-026417-2026","Business Name":"MARY ELIZABETH CARLEY","DBA":"119 RUNNER ROAD (LOWER LEVEL)","Business Status":"Active","Business License Type":"Short Term Rental","Business License Classification":"STR - Short Term Rental","Business License Status":"Renewed","Business License Year":"2027","Business License Issued Date":"7/22/2026","Business License Expiration Date":"6/30/2027","Parcel_Matched_Address":"119 RUNNER RD","Parcel_PIN":"10025E01002","Parcel_Match_Method":"Normalized address core","misc0":"","misc1":"","misc2":"","misc3":"","misc4":"","misc5":"","misc6":"","misc7":"","longitude":-80.95781638785597,"latitude":32.02183254738666,"licenseNumber":"STR-026417-2026","matchedAddress":"119 RUNNER RD"}},{"type":"Feature","geometry":{"type":"Point","coordinates":[-80.95861043064377,32.02353360242435]},"properties":{"Business License Number":"STR-025436-2025","Business Name":"SALT LIFE AT 912, LLC.","DBA":"127 TEAKWOOD DRIVE","Business Status":"Active","Business License Type":"Short Term Rental","Business License Classification":"STR - Short Term Rental","Business License Status":"Renewed","Business License Year":"2027","Business License Issued Date":"6/24/2026","Business License Expiration Date":"6/30/2027","Parcel_Matched_Address":"127 TEAKWOOD DR","Parcel_PIN":"10025E03035","Parcel_Match_Method":"Exact normalized","misc0":"","misc1":"","misc2":"","misc3":"","misc4":"","misc5":"","misc6":"","misc7":"","longitude":-80.95861043064377,"latitude":32.02353360242435,"licenseNumber":"STR-025436-2025","matchedAddress":"127 TEAKWOOD DR"}},{"type":"Feature","geometry":{"type":"Point","coordinates":[-80.9564622040131,32.012766751865215]},"properties":{"Business License Number":"STR-025594-2025","Business Name":"RIVER OF DREAMS, LLC.","DBA":"529 POINTE SOUTH DRIVE","Business Status":"Active","Business License Type":"Short Term Rental","Business License Classification":"STR - Short Term Rental","Business License Status":"Renewed","Business License Year":"2026","Business License Issued Date":"7/21/2026","Business License Expiration Date":"6/30/2027","Parcel_Matched_Address":"529 POINTE SOUTH DR","Parcel_PIN":"10037 01046","Parcel_Match_Method":"Exact normalized","misc0":"","misc1":"","misc2":"","misc3":"","misc4":"","misc5":"","misc6":"","misc7":"","longitude":-80.9564622040131,"latitude":32.012766751865215,"licenseNumber":"STR-025594-2025","matchedAddress":"529 POINTE SOUTH DR"}},{"type":"Feature","geometry":{"type":"Point","coordinates":[-80.95743348197462,32.010607729070216]},"properties":{"Business License Number":"STR-025624-2025","Business Name":"COASTAL PALM PROPERTIES LLC","DBA":"816 OEMLER LOOP","Business Status":"Active","Business License Type":"Short Term Rental","Business License Classification":"STR - Short Term Rental","Business License Status":"Renewed","Business License Year":"2026","Business License Issued Date":"7/21/2026","Business License Expiration Date":"6/30/2027","Parcel_Matched_Address":"816 OEMLER LOOP","Parcel_PIN":"10037 02002","Parcel_Match_Method":"Exact normalized","misc0":"","misc1":"","misc2":"","misc3":"","misc4":"","misc5":"","misc6":"","misc7":"","longitude":-80.95743348197462,"latitude":32.010607729070216,"licenseNumber":"STR-025624-2025","matchedAddress":"816 OEMLER LOOP"}},{"type":"Feature","geometry":{"type":"Point","coordinates":[-80.95615104065611,32.00945676912336]},"properties":{"Business License Number":"STR-025140","Business Name":"GREENANT 4, LLC.","DBA":"4 SHAD RIVER RD","Business Status":"Applied","Business License Type":"Short Term Rental","Business License Classification":"STR - Short Term Rental","Business License Status":"Renewed","Business License Year":"2026","Business License Issued Date":"7/21/2026","Business License Expiration Date":"6/30/2027","Parcel_Matched_Address":"4 SHAD RIVER RD","Parcel_PIN":"10037 02031","Parcel_Match_Method":"Exact normalized","misc0":"","misc1":"","misc2":"","misc3":"","misc4":"","misc5":"","misc6":"","misc7":"","longitude":-80.95615104065611,"latitude":32.00945676912336,"licenseNumber":"STR-025140","matchedAddress":"4 SHAD RIVER RD"}},{"type":"Feature","geometry":{"type":"Point","coordinates":[-80.95501056894828,32.01040661061687]},"properties":{"Business License Number":"STR-025807-2025","Business Name":"SAVANNAH MARSHES STUDIO, LLC","DBA":"16 SHAD RIVER RD","Business Status":"Active","Business License Type":"Short Term Rental","Business License Classification":"STR - Short Term Rental","Business License Status":"Renewed","Business License Year":"2026","Business License Issued Date":"7/13/2026","Business License Expiration Date":"6/30/2027","Parcel_Matched_Address":"16 SHAD RIVER RD","Parcel_PIN":"10037 02037","Parcel_Match_Method":"Exact normalized","misc0":"","misc1":"","misc2":"","misc3":"","misc4":"","misc5":"","misc6":"","misc7":"","longitude":-80.95501056894828,"latitude":32.01040661061687,"licenseNumber":"STR-025807-2025","matchedAddress":"16 SHAD RIVER RD"}},{"type":"Feature","geometry":{"type":"Point","coordinates":[-80.95791056538015,32.01351448182081]},"properties":{"Business License Number":"STR-025627-2025","Business Name":"ZDS PROPERTY MANAGEMENT, LLC","DBA":"518 POINTE SOUTH CIRCLE","Business Status":"Active","Business License Type":"Short Term Rental","Business License Classification":"STR - Short Term Rental","Business License Status":"Renewed","Business License Year":"2026","Business License Issued Date":"7/22/2026","Business License Expiration Date":"6/30/2027","Parcel_Matched_Address":"518 POINTE SOUTH DR","Parcel_PIN":"10037 04003","Parcel_Match_Method":"Manually added","misc0":"","misc1":"","misc2":"","misc3":"","misc4":"","misc5":"","misc6":"","misc7":"","longitude":-80.95791056538015,"latitude":32.01351448182081,"licenseNumber":"STR-025627-2025","matchedAddress":"518 POINTE SOUTH DR"}},{"type":"Feature","geometry":{"type":"Point","coordinates":[-80.95752882642745,32.0136248882596]},"properties":{"Business License Number":"STR-025752-2025","Business Name":"SAI C KUMAR STVR","DBA":"522 POINTE SOUTH DRIVE","Business Status":"Active","Business License Type":"Short Term Rental","Business License Classification":"STR - Short Term Rental","Business License Status":"Renewed","Business License Year":"2026","Business License Issued Date":"8/3/2026","Business License Expiration Date":"6/30/2027","Parcel_Matched_Address":"522 POINTE SOUTH DR","Parcel_PIN":"10037 04005","Parcel_Match_Method":"Exact normalized","misc0":"","misc1":"","misc2":"","misc3":"","misc4":"","misc5":"","misc6":"","misc7":"","longitude":-80.95752882642745,"latitude":32.0136248882596,"licenseNumber":"STR-025752-2025","matchedAddress":"522 POINTE SOUTH DR"}},{"type":"Feature","geometry":{"type":"Point","coordinates":[-80.9565116911026,32.01368063291506]},"properties":{"Business License Number":"STR-025866-2025","Business Name":"JONATHAN MUNOZ","DBA":"535 POINTE NORTH DRIVE","Business Status":"Active","Business License Type":"Short Term Rental","Business License Classification":"STR - Short Term Rental","Business License Status":"Renewed","Business License Year":"2026","Business License Issued Date":"8/4/2026","Business License Expiration Date":"6/30/2027","Parcel_Matched_Address":"535 POINTE NORTH DR","Parcel_PIN":"10037 04016","Parcel_Match_Method":"Exact normalized","misc0":"","misc1":"","misc2":"","misc3":"","misc4":"","misc5":"","misc6":"","misc7":"","longitude":-80.9565116911026,"latitude":32.01368063291506,"licenseNumber":"STR-025866-2025","matchedAddress":"535 POINTE NORTH DR"}},{"type":"Feature","geometry":{"type":"Point","coordinates":[-80.95766268257726,32.01448534234171]},"properties":{"Business License Number":"STR-026512-2026","Business Name":"LEANDRO de OLIVEIRA ABIZ","DBA":"520 POINTE NORTH DRIVE","Business Status":"Active","Business License Type":"Short Term Rental","Business License Classification":"STR - Short Term Rental","Business License Status":"Renewed","Business License Year":"2026","Business License Issued Date":"7/21/2026","Business License Expiration Date":"6/30/2027","Parcel_Matched_Address":"520 POINTE NORTH DR","Parcel_PIN":"10037 05011","Parcel_Match_Method":"Exact normalized","misc0":"","misc1":"","misc2":"","misc3":"","misc4":"","misc5":"","misc6":"","misc7":"","longitude":-80.95766268257726,"latitude":32.01448534234171,"licenseNumber":"STR-026512-2026","matchedAddress":"520 POINTE NORTH DR"}},{"type":"Feature","geometry":{"type":"Point","coordinates":[-80.96935438499418,32.003676279006235]},"properties":{"Business License Number":"STR-025593-2025","Business Name":"JAMES K., MARY FAITH & JILL K BECKWORTH","DBA":"904 PENWALLER ROAD","Business Status":"Active","Business License Type":"Short Term Rental","Business License Classification":"STR - Short Term Rental","Business License Status":"Renewed","Business License Year":"2026","Business License Issued Date":"7/17/2026","Business License Expiration Date":"6/30/2027","Parcel_Matched_Address":"904 PENN WALLER RD","Parcel_PIN":"10040 01007","Parcel_Match_Method":"No unique match","misc0":"","misc1":"","misc2":"","misc3":"","misc4":"","misc5":"","misc6":"","misc7":"","longitude":-80.96935438499418,"latitude":32.003676279006235,"licenseNumber":"STR-025593-2025","matchedAddress":"904 PENN WALLER RD"}},{"type":"Feature","geometry":{"type":"Point","coordinates":[-80.9686783431394,32.00196956626529]},"properties":{"Business License Number":"STR-025689-2025","Business Name":"BREEZEWAY STUDIO MANOR II","DBA":"916 PENN WALLER ROAD","Business Status":"Active","Business License Type":"Short Term Rental","Business License Classification":"STR - Short Term Rental","Business License Status":"Renewed","Business License Year":"2026","Business License Issued Date":"7/22/2026","Business License Expiration Date":"6/30/2027","Parcel_Matched_Address":"916 PENN WALLER RD","Parcel_PIN":"10040 01012","Parcel_Match_Method":"Exact normalized","misc0":"","misc1":"","misc2":"","misc3":"","misc4":"","misc5":"","misc6":"","misc7":"","longitude":-80.9686783431394,"latitude":32.00196956626529,"licenseNumber":"STR-025689-2025","matchedAddress":"916 PENN WALLER RD"}},{"type":"Feature","geometry":{"type":"Point","coordinates":[-80.96855744647176,32.001709196021466]},"properties":{"Business License Number":"STR-025699-2025","Business Name":"BREEZEWAY STUDIO MANOR","DBA":"918 PENN WALLER RD","Business Status":"Active","Business License Type":"Short Term Rental","Business License Classification":"STR - Short Term Rental","Business License Status":"Renewed","Business License Year":"2026","Business License Issued Date":"8/4/2026","Business License Expiration Date":"6/30/2027","Parcel_Matched_Address":"918 PENN WALLER RD","Parcel_PIN":"10040 01013","Parcel_Match_Method":"Exact normalized","misc0":"","misc1":"","misc2":"","misc3":"","misc4":"","misc5":"","misc6":"","misc7":"","longitude":-80.96855744647176,"latitude":32.001709196021466,"licenseNumber":"STR-025699-2025","matchedAddress":"918 PENN WALLER RD"}},{"type":"Feature","geometry":{"type":"Point","coordinates":[-80.96228907703535,32.00334727590583]},"properties":{"Business License Number":"STR-025024","Business Name":"BOSCH HOSPITALITY GROUP, LLC.","DBA":"1009 BOB WHITE RD","Business Status":"Active","Business License Type":"Short Term Rental","Business License Classification":"STR - Short Term Rental","Business License Status":"Renewed","Business License Year":"2026","Business License Issued Date":"7/14/2026","Business License Expiration Date":"6/30/2027","Parcel_Matched_Address":"1009 BOB WHITE RD","Parcel_PIN":"10040 02015","Parcel_Match_Method":"Exact normalized","misc0":"","misc1":"","misc2":"","misc3":"","misc4":"","misc5":"","misc6":"","misc7":"","longitude":-80.96228907703535,"latitude":32.00334727590583,"licenseNumber":"STR-025024","matchedAddress":"1009 BOB WHITE RD"}},{"type":"Feature","geometry":{"type":"Point","coordinates":[-80.96450835744857,32.00429000683748]},"properties":{"Business License Number":"STR-025764-2025","Business Name":"SCENIC SAVANNAH VACATION RENTAL LLC","DBA":"10 EAST STREET","Business Status":"Active","Business License Type":"Short Term Rental","Business License Classification":"STR - Short Term Rental","Business License Status":"Renewed","Business License Year":"2026","Business License Issued Date":"7/21/2026","Business License Expiration Date":"6/30/2027","Parcel_Matched_Address":"10 EAST ST","Parcel_PIN":"10040 05017","Parcel_Match_Method":"Exact normalized","misc0":"","misc1":"","misc2":"","misc3":"","misc4":"","misc5":"","misc6":"","misc7":"","longitude":-80.96450835744857,"latitude":32.00429000683748,"licenseNumber":"STR-025764-2025","matchedAddress":"10 EAST ST"}},{"type":"Feature","geometry":{"type":"Point","coordinates":[-80.97078285298645,32.009633807816705]},"properties":{"Business License Number":"STR-025955-2025","Business Name":"LINDSEY WOLLER","DBA":"1116 COBB RD","Business Status":"Active","Business License Type":"Short Term Rental","Business License Classification":"STR - Short Term Rental","Business License Status":"Renewed","Business License Year":"2026","Business License Issued Date":"6/24/2026","Business License Expiration Date":"6/30/2027","Parcel_Matched_Address":"1116 COBB RD","Parcel_PIN":"10041 01019","Parcel_Match_Method":"Exact normalized","misc0":"","misc1":"","misc2":"","misc3":"","misc4":"","misc5":"","misc6":"","misc7":"","longitude":-80.97078285298645,"latitude":32.009633807816705,"licenseNumber":"STR-025955-2025","matchedAddress":"1116 COBB RD"}},{"type":"Feature","geometry":{"type":"Point","coordinates":[-80.96863181009145,32.00838652198439]},"properties":{"Business License Number":"STR-025609-2025","Business Name":"RNOCHONG LIU","DBA":"1023 BRITTLEWOOD DR","Business Status":"Active","Business License Type":"Short Term Rental","Business License Classification":"STR - Short Term Rental","Business License Status":"Renewed","Business License Year":"2026","Business License Issued Date":"7/20/2026","Business License Expiration Date":"6/30/2027","Parcel_Matched_Address":"1023 BRITTLEWOOD DR","Parcel_PIN":"10041 06003","Parcel_Match_Method":"Exact normalized","misc0":"","misc1":"","misc2":"","misc3":"","misc4":"","misc5":"","misc6":"","misc7":"","longitude":-80.96863181009145,"latitude":32.00838652198439,"licenseNumber":"STR-025609-2025","matchedAddress":"1023 BRITTLEWOOD DR"}},{"type":"Feature","geometry":{"type":"Point","coordinates":[-80.96883520502291,32.011276707616474]},"properties":{"Business License Number":"STR-025716-2025","Business Name":"KHAJA KAMAL MOHIUDDIN","DBA":"133 S. SHEFTALL CIR.","Business Status":"Active","Business License Type":"Short Term Rental","Business License Classification":"STR - Short Term Rental","Business License Status":"Renewed","Business License Year":"2026","Business License Issued Date":"8/6/2026","Business License Expiration Date":"6/30/2027","Parcel_Matched_Address":"133 S SHEFTALL CIR","Parcel_PIN":"10042 01042","Parcel_Match_Method":"Exact normalized","misc0":"","misc1":"","misc2":"","misc3":"","misc4":"","misc5":"","misc6":"","misc7":"","longitude":-80.96883520502291,"latitude":32.011276707616474,"licenseNumber":"STR-025716-2025","matchedAddress":"133 S SHEFTALL CIR"}},{"type":"Feature","geometry":{"type":"Point","coordinates":[-80.96897782710147,32.01271658918271]},"properties":{"Business License Number":"STR-025696-2025","Business Name":"MARISA DIPALO","DBA":"130 N. SHEFTALL CIRCLE ","Business Status":"Active","Business License Type":"Short Term Rental","Business License Classification":"STR - Short Term Rental","Business License Status":"Renewed","Business License Year":"2026","Business License Issued Date":"7/23/2026","Business License Expiration Date":"6/30/2027","Parcel_Matched_Address":"130 N SHEFTALL CIR","Parcel_PIN":"10042 01052","Parcel_Match_Method":"Exact normalized","misc0":"","misc1":"","misc2":"","misc3":"","misc4":"","misc5":"","misc6":"","misc7":"","longitude":-80.96897782710147,"latitude":32.01271658918271,"licenseNumber":"STR-025696-2025","matchedAddress":"130 N SHEFTALL CIR"}},{"type":"Feature","geometry":{"type":"Point","coordinates":[-80.97261513795078,32.01227749354138]},"properties":{"Business License Number":"STR-025861-2025","Business Name":"CHARITY DANIELS","DBA":"108 N SHEFTALL CIRCLE","Business Status":"Active","Business License Type":"Short Term Rental","Business License Classification":"STR - Short Term Rental","Business License Status":"Renewed","Business License Year":"2026","Business License Issued Date":"8/4/2026","Business License Expiration Date":"6/30/2027","Parcel_Matched_Address":"108 N SHEFTALL CIR","Parcel_PIN":"10042 01080","Parcel_Match_Method":"Exact normalized","misc0":"","misc1":"","misc2":"","misc3":"","misc4":"","misc5":"","misc6":"","misc7":"","longitude":-80.97261513795078,"latitude":32.01227749354138,"licenseNumber":"STR-025861-2025","matchedAddress":"108 N SHEFTALL CIR"}},{"type":"Feature","geometry":{"type":"Point","coordinates":[-80.966825632283,32.013091090826464]},"properties":{"Business License Number":"STR-025711-2025","Business Name":"SHAWN FARLEY-BLACK","DBA":"923 BETZ CREEK RD ","Business Status":"Active","Business License Type":"Short Term Rental","Business License Classification":"STR - Short Term Rental","Business License Status":"Renewed","Business License Year":"2026","Business License Issued Date":"8/3/2026","Business License Expiration Date":"6/30/2027","Parcel_Matched_Address":"923 BETZ CREEK RD","Parcel_PIN":"10042 02008","Parcel_Match_Method":"Exact normalized","misc0":"","misc1":"","misc2":"","misc3":"","misc4":"","misc5":"","misc6":"","misc7":"","longitude":-80.966825632283,"latitude":32.013091090826464,"licenseNumber":"STR-025711-2025","matchedAddress":"923 BETZ CREEK RD"}},{"type":"Feature","geometry":{"type":"Point","coordinates":[-80.97140088265337,32.011849406860044]},"properties":{"Business License Number":"STR-026577-2026","Business Name":"18 SHEFTALL COVE, LLC.","DBA":"18 SHEFTALL CV.","Business Status":"Active","Business License Type":"Short Term Rental","Business License Classification":"STR - Short Term Rental","Business License Status":"Issued","Business License Year":"2026","Business License Issued Date":"8/4/2026","Business License Expiration Date":"6/30/2027","Parcel_Matched_Address":"18 SHEFTALL CV","Parcel_PIN":"10042 06042","Parcel_Match_Method":"Exact normalized","misc0":"","misc1":"","misc2":"","misc3":"","misc4":"","misc5":"","misc6":"","misc7":"","longitude":-80.97140088265337,"latitude":32.011849406860044,"licenseNumber":"STR-026577-2026","matchedAddress":"18 SHEFTALL CV"}},{"type":"Feature","geometry":{"type":"Point","coordinates":[-80.96506330731225,32.01769462093617]},"properties":{"Business License Number":"STR-025741-2025","Business Name":"MATTHEW BEATTY","DBA":"132 VICKERY LN","Business Status":"Closed","Business License Type":"Short Term Rental","Business License Classification":"STR - Short Term Rental","Business License Status":"Renewed","Business License Year":"2026","Business License Issued Date":"8/3/2026","Business License Expiration Date":"6/30/2027","Parcel_Matched_Address":"132 VICKERY LN","Parcel_PIN":"10043 01028","Parcel_Match_Method":"Exact normalized","misc0":"","misc1":"","misc2":"","misc3":"","misc4":"","misc5":"","misc6":"","misc7":"","longitude":-80.96506330731225,"latitude":32.01769462093617,"licenseNumber":"STR-025741-2025","matchedAddress":"132 VICKERY LN"}},{"type":"Feature","geometry":{"type":"Point","coordinates":[-80.96976950901008,32.02245615800212]},"properties":{"Business License Number":"STR-025632-2025","Business Name":"ISLANDS COZY COTTAGE 2","DBA":"7024 #2 JOHNNY MERCER BLVD","Business Status":"Active","Business License Type":"Short Term Rental","Business License Classification":"STR - Short Term Rental","Business License Status":"Renewed","Business License Year":"2026","Business License Issued Date":"7/23/2026","Business License Expiration Date":"6/30/2027","Parcel_Matched_Address":"7024 JOHNNY MERCER BLVD","Parcel_PIN":"10044 01006","Parcel_Match_Method":"No unique match","misc0":"","misc1":"","misc2":"","misc3":"","misc4":"","misc5":"","misc6":"","misc7":"","longitude":-80.96976950901008,"latitude":32.02245615800212,"licenseNumber":"STR-025632-2025","matchedAddress":"7024 JOHNNY MERCER BLVD"}},{"type":"Feature","geometry":{"type":"Point","coordinates":[-80.96682559552939,32.02245830546572]},"properties":{"Business License Number":"STR-025798-2025","Business Name":"CHARLES RUSS MATHIS","DBA":"13 WALTHOUR COVE","Business Status":"Active","Business License Type":"Short Term Rental","Business License Classification":"STR - Short Term Rental","Business License Status":"Renewed","Business License Year":"2026","Business License Issued Date":"6/24/2026","Business License Expiration Date":"6/30/2027","Parcel_Matched_Address":"13 WALTHOUR CV","Parcel_PIN":"10044 06012","Parcel_Match_Method":"Manually Added","misc0":"","misc1":"","misc2":"","misc3":"","misc4":"","misc5":"","misc6":"","misc7":"","longitude":-80.96682559552939,"latitude":32.02245830546572,"licenseNumber":"STR-025798-2025","matchedAddress":"13 WALTHOUR CV"}},{"type":"Feature","geometry":{"type":"Point","coordinates":[-80.96104454691653,32.01826339154931]},"properties":{"Business License Number":"STR-024788","Business Name":"OFFSHORE ROW LLC","DBA":"109 PICKET ROW","Business Status":"Applied","Business License Type":"Short Term Rental","Business License Classification":"STR - Short Term Rental","Business License Status":"Renewed","Business License Year":"2027","Business License Issued Date":"7/22/2026","Business License Expiration Date":"6/30/2027","Parcel_Matched_Address":"109 PICKET ROW","Parcel_PIN":"10044A01015","Parcel_Match_Method":"Exact normalized","misc0":"","misc1":"","misc2":"","misc3":"","misc4":"","misc5":"","misc6":"","misc7":"","longitude":-80.96104454691653,"latitude":32.01826339154931,"licenseNumber":"STR-024788","matchedAddress":"109 PICKET ROW"}},{"type":"Feature","geometry":{"type":"Point","coordinates":[-80.96188227455761,32.01875454196496]},"properties":{"Business License Number":"STR-026523-2026","Business Name":"ANTHONY MICHAEL SCARPULLA","DBA":"98 PICKET ROW","Business Status":"Active","Business License Type":"Short Term Rental","Business License Classification":"STR - Short Term Rental","Business License Status":"Issued","Business License Year":"2026","Business License Issued Date":"7/10/2026","Business License Expiration Date":"6/30/2027","Parcel_Matched_Address":"98 PICKET ROW","Parcel_PIN":"10044A01021","Parcel_Match_Method":"Exact normalized","misc0":"","misc1":"","misc2":"","misc3":"","misc4":"","misc5":"","misc6":"","misc7":"","longitude":-80.96188227455761,"latitude":32.01875454196496,"licenseNumber":"STR-026523-2026","matchedAddress":"98 PICKET ROW"}},{"type":"Feature","geometry":{"type":"Point","coordinates":[-80.96717998408086,32.02398572860754]},"properties":{"Business License Number":"STR-025954-2025","Business Name":"DYLAN BRODY SNELL","DBA":"7212 JOHNNY MERCER BLVD","Business Status":"Active","Business License Type":"Short Term Rental","Business License Classification":"STR - Short Term Rental","Business License Status":"Renewed","Business License Year":"2026","Business License Issued Date":"8/4/2026","Business License Expiration Date":"6/30/2027","Parcel_Matched_Address":"7212 JOHNNY MERCER BLVD","Parcel_PIN":"10045 01002","Parcel_Match_Method":"Exact normalized","misc0":"","misc1":"","misc2":"","misc3":"","misc4":"","misc5":"","misc6":"","misc7":"","longitude":-80.96717998408086,"latitude":32.02398572860754,"licenseNumber":"STR-025954-2025","matchedAddress":"7212 JOHNNY MERCER BLVD"}},{"type":"Feature","geometry":{"type":"Point","coordinates":[-80.96693087752823,32.02421984313634]},"properties":{"Business License Number":"STR-025722-2025","Business Name":"WILMINGTON ISL HISTORIC SAVANNAH & TYBEE ISLAND","DBA":"7216 JOHNNY MERCER BLVD UNIT 1","Business Status":"Active","Business License Type":"Short Term Rental","Business License Classification":"STR - Short Term Rental","Business License Status":"Renewed","Business License Year":"2026","Business License Issued Date":"7/22/2026","Business License Expiration Date":"6/30/2027","Parcel_Matched_Address":"7216 JOHNNY MERCER BLVD","Parcel_PIN":"10045 01004","Parcel_Match_Method":"Normalized address core","misc0":"","misc1":"","misc2":"","misc3":"","misc4":"","misc5":"","misc6":"","misc7":"","longitude":-80.96693087752823,"latitude":32.02421984313634,"licenseNumber":"STR-025722-2025","matchedAddress":"7216 JOHNNY MERCER BLVD"}},{"type":"Feature","geometry":{"type":"Point","coordinates":[-80.96693087752823,32.02421984313634]},"properties":{"Business License Number":"STR-024875","Business Name":"WILMINGTON ISL HISTORIC SAVANNAH & TYBEE ISLAND","DBA":"7216 JOHNNY MERCER BLVD UNIT 2","Business Status":"Active","Business License Type":"Short Term Rental","Business License Classification":"STR - Short Term Rental","Business License Status":"Renewed","Business License Year":"2026","Business License Issued Date":"7/22/2026","Business License Expiration Date":"6/30/2027","Parcel_Matched_Address":"7216 JOHNNY MERCER BLVD","Parcel_PIN":"10045 01004","Parcel_Match_Method":"Normalized address core","misc0":"","misc1":"","misc2":"","misc3":"","misc4":"","misc5":"","misc6":"","misc7":"","longitude":-80.96693087752823,"latitude":32.02421984313634,"licenseNumber":"STR-024875","matchedAddress":"7216 JOHNNY MERCER BLVD"}},{"type":"Feature","geometry":{"type":"Point","coordinates":[-80.9667264629037,32.02441015259471]},"properties":{"Business License Number":"STR-025420-2025","Business Name":"MONTY WAYNE NEELY","DBA":"7220 JOHNNY MERCER BLVD UNIT A","Business Status":"Active","Business License Type":"Short Term Rental","Business License Classification":"STR - Short Term Rental","Business License Status":"Renewed","Business License Year":"2027","Business License Issued Date":"8/3/2026","Business License Expiration Date":"6/30/2027","Parcel_Matched_Address":"7220 JOHNNY MERCER BLVD","Parcel_PIN":"10045 01006","Parcel_Match_Method":"Normalized address core","misc0":"","misc1":"","misc2":"","misc3":"","misc4":"","misc5":"","misc6":"","misc7":"","longitude":-80.9667264629037,"latitude":32.02441015259471,"licenseNumber":"STR-025420-2025","matchedAddress":"7220 JOHNNY MERCER BLVD"}},{"type":"Feature","geometry":{"type":"Point","coordinates":[-80.96822198312981,32.02633657833922]},"properties":{"Business License Number":"STR-026429-2026","Business Name":"302 SUGAR TREE COURT","DBA":"302 SUGAR TREE COURT","Business Status":"Active","Business License Type":"Short Term Rental","Business License Classification":"STR - Short Term Rental","Business License Status":"Issued","Business License Year":"2026","Business License Issued Date":"5/29/2026","Business License Expiration Date":"6/30/2027","Parcel_Matched_Address":"302 E SUGAR TREE CT","Parcel_PIN":"10045 12008","Parcel_Match_Method":"No unique match","misc0":"","misc1":"","misc2":"302 E SUGAR TREE CT","misc3":"","misc4":"","misc5":"","misc6":"","misc7":"","longitude":-80.96822198312981,"latitude":32.02633657833922,"licenseNumber":"STR-026429-2026","matchedAddress":"302 E SUGAR TREE CT"}},{"type":"Feature","geometry":{"type":"Point","coordinates":[-80.97040130910536,32.02570674947321]},"properties":{"Business License Number":"STR-025958-2025","Business Name":"302 QUARTERMAN DR, LLC.","DBA":"302 QUARTERMAN DR.","Business Status":"Active","Business License Type":"Short Term Rental","Business License Classification":"STR - Short Term Rental","Business License Status":"Renewed","Business License Year":"2026","Business License Issued Date":"6/29/2026","Business License Expiration Date":"6/30/2027","Parcel_Matched_Address":"302 QUARTERMAN DR","Parcel_PIN":"10045 12044","Parcel_Match_Method":"Exact normalized","misc0":"","misc1":"","misc2":"","misc3":"","misc4":"","misc5":"","misc6":"","misc7":"","longitude":-80.97040130910536,"latitude":32.02570674947321,"licenseNumber":"STR-025958-2025","matchedAddress":"302 QUARTERMAN DR"}},{"type":"Feature","geometry":{"type":"Point","coordinates":[-80.96779426422786,32.025839059372196]},"properties":{"Business License Number":"STR-025332-2025","Business Name":"CLARE'S ISLAND GETAWAY, LLC.","DBA":"7310 TROPICAL WAY","Business Status":"Active","Business License Type":"Short Term Rental","Business License Classification":"STR - Short Term Rental","Business License Status":"Renewed","Business License Year":"2027","Business License Issued Date":"6/29/2026","Business License Expiration Date":"6/30/2027","Parcel_Matched_Address":"7310 TROPICAL WAY","Parcel_PIN":"10045 13006","Parcel_Match_Method":"Exact normalized","misc0":"","misc1":"","misc2":"","misc3":"","misc4":"","misc5":"","misc6":"","misc7":"","longitude":-80.96779426422786,"latitude":32.025839059372196,"licenseNumber":"STR-025332-2025","matchedAddress":"7310 TROPICAL WAY"}},{"type":"Feature","geometry":{"type":"Point","coordinates":[-80.9674488740487,32.02498721843841]},"properties":{"Business License Number":"STR-025777-2025","Business Name":"THE COTTAGE ON GOLDEN ISLE","DBA":"7209 GOLDEN ISLE WAY (GUEST HOUSE)","Business Status":"Active","Business License Type":"Short Term Rental","Business License Classification":"STR - Short Term Rental","Business License Status":"Renewed","Business License Year":"2026","Business License Issued Date":"8/4/2026","Business License Expiration Date":"6/30/2027","Parcel_Matched_Address":"7209 GOLDEN ISLES WAY","Parcel_PIN":"10045 14005","Parcel_Match_Method":"No unique match","misc0":"","misc1":"","misc2":"","misc3":"","misc4":"","misc5":"","misc6":"","misc7":"","longitude":-80.9674488740487,"latitude":32.02498721843841,"licenseNumber":"STR-025777-2025","matchedAddress":"7209 GOLDEN ISLES WAY"}},{"type":"Feature","geometry":{"type":"Point","coordinates":[-80.96216330117878,32.03158716089861]},"properties":{"Business License Number":"STR-025565-2025","Business Name":"ISLAND SHACK, LLC","DBA":"7833 JOHNNY MERCER BLVD","Business Status":"Active","Business License Type":"Short Term Rental","Business License Classification":"STR - Short Term Rental","Business License Status":"Renewed","Business License Year":"2026","Business License Issued Date":"6/22/2026","Business License Expiration Date":"6/30/2027","Parcel_Matched_Address":"7833 JOHNNY MERCER BLVD","Parcel_PIN":"10046 02009","Parcel_Match_Method":"Exact normalized","misc0":"","misc1":"","misc2":"","misc3":"","misc4":"","misc5":"","misc6":"","misc7":"","longitude":-80.96216330117878,"latitude":32.03158716089861,"licenseNumber":"STR-025565-2025","matchedAddress":"7833 JOHNNY MERCER BLVD"}},{"type":"Feature","geometry":{"type":"Point","coordinates":[-80.96520178744044,32.029002231571006]},"properties":{"Business License Number":"STR-025582-2025","Business Name":"FRANCISCO POURCELY","DBA":"7612 JOHNNY MERCER BLVD UNIT A","Business Status":"Active","Business License Type":"Short Term Rental","Business License Classification":"STR - Short Term Rental","Business License Status":"Renewed","Business License Year":"2026","Business License Issued Date":"7/22/2026","Business License Expiration Date":"6/30/2027","Parcel_Matched_Address":"7612 JOHNNY MERCER BLVD","Parcel_PIN":"10046 06002","Parcel_Match_Method":"Normalized address core","misc0":"","misc1":"","misc2":"","misc3":"","misc4":"","misc5":"","misc6":"","misc7":"","longitude":-80.96520178744044,"latitude":32.029002231571006,"licenseNumber":"STR-025582-2025","matchedAddress":"7612 JOHNNY MERCER BLVD"}},{"type":"Feature","geometry":{"type":"Point","coordinates":[-80.9648362722266,32.03022907754495]},"properties":{"Business License Number":"STR-026468-2026","Business Name":"6th HEART LLC","DBA":"7712 JOHNNY MERCER BLVD","Business Status":"Active","Business License Type":"Short Term Rental","Business License Classification":"STR - Short Term Rental","Business License Status":"Renewed","Business License Year":"2027","Business License Issued Date":"7/20/2026","Business License Expiration Date":"6/30/2027","Parcel_Matched_Address":"7712 JOHNNY MERCER BLVD","Parcel_PIN":"10046 07005","Parcel_Match_Method":"Exact normalized","misc0":"","misc1":"","misc2":"","misc3":"","misc4":"","misc5":"","misc6":"","misc7":"","longitude":-80.9648362722266,"latitude":32.03022907754495,"licenseNumber":"STR-026468-2026","matchedAddress":"7712 JOHNNY MERCER BLVD"}},{"type":"Feature","geometry":{"type":"Point","coordinates":[-80.96945977287231,32.03495066052387]},"properties":{"Business License Number":"STR-025649-2025","Business Name":"COLMOR ENTERPRISES, INC","DBA":"24 BRANNEN DRIVE","Business Status":"Active","Business License Type":"Short Term Rental","Business License Classification":"STR - Short Term Rental","Business License Status":"Renewed","Business License Year":"2026","Business License Issued Date":"8/3/2026","Business License Expiration Date":"6/30/2027","Parcel_Matched_Address":"24 BRANNEN DR","Parcel_PIN":"10047 01013","Parcel_Match_Method":"Exact normalized","misc0":"","misc1":"","misc2":"","misc3":"","misc4":"","misc5":"","misc6":"","misc7":"","longitude":-80.96945977287231,"latitude":32.03495066052387,"licenseNumber":"STR-025649-2025","matchedAddress":"24 BRANNEN DR"}},{"type":"Feature","geometry":{"type":"Point","coordinates":[-80.96714712494929,32.03391573645951]},"properties":{"Business License Number":"STR-026410-2026","Business Name":"SALT AND MAGNOLEA STAYS, LLC.","DBA":"200 EAST POINT DR.","Business Status":"Active","Business License Type":"Short Term Rental","Business License Classification":"STR - Short Term Rental","Business License Status":"Renewed","Business License Year":"2027","Business License Issued Date":"7/22/2026","Business License Expiration Date":"6/30/2027","Parcel_Matched_Address":"200 E POINT DR","Parcel_PIN":"10047 01020","Parcel_Match_Method":"Exact normalized","misc0":"","misc1":"","misc2":"","misc3":"","misc4":"","misc5":"","misc6":"","misc7":"","longitude":-80.96714712494929,"latitude":32.03391573645951,"licenseNumber":"STR-026410-2026","matchedAddress":"200 E POINT DR"}},{"type":"Feature","geometry":{"type":"Point","coordinates":[-80.96560815922857,32.035222406985135]},"properties":{"Business License Number":"STR-026183-2025","Business Name":"214 EAST POINT DRIVE LLC.","DBA":"214 EAST POINT DRIVE LLC.","Business Status":"Active","Business License Type":"Short Term Rental","Business License Classification":"STR - Short Term Rental","Business License Status":"Renewed","Business License Year":"2026","Business License Issued Date":"6/29/2026","Business License Expiration Date":"6/30/2027","Parcel_Matched_Address":"214 E POINT DR","Parcel_PIN":"10047 01025C","Parcel_Match_Method":"No unique match","misc0":"","misc1":"","misc2":"","misc3":"","misc4":"","misc5":"","misc6":"","misc7":"","longitude":-80.96560815922857,"latitude":32.035222406985135,"licenseNumber":"STR-026183-2025","matchedAddress":"214 E POINT DR"}},{"type":"Feature","geometry":{"type":"Point","coordinates":[-80.96420486951348,32.03489465898537]},"properties":{"Business License Number":"STR-026028-2025","Business Name":"EAST POINT DRIVE, LLC.","DBA":"217 E. POINT DRIVE","Business Status":"Active","Business License Type":"Short Term Rental","Business License Classification":"STR - Short Term Rental","Business License Status":"Renewed","Business License Year":"2026","Business License Issued Date":"7/20/2026","Business License Expiration Date":"6/30/2027","Parcel_Matched_Address":"217 E POINT DR","Parcel_PIN":"10047 03005","Parcel_Match_Method":"Exact normalized","misc0":"","misc1":"","misc2":"","misc3":"","misc4":"","misc5":"","misc6":"","misc7":"","longitude":-80.96420486951348,"latitude":32.03489465898537,"licenseNumber":"STR-026028-2025","matchedAddress":"217 E POINT DR"}},{"type":"Feature","geometry":{"type":"Point","coordinates":[-80.96733159526698,32.03304092241363]},"properties":{"Business License Number":"STR-025610-2025","Business Name":"FAMILY BNB LLC","DBA":"109 E POINT DRIVE","Business Status":"Active","Business License Type":"Short Term Rental","Business License Classification":"STR - Short Term Rental","Business License Status":"Renewed","Business License Year":"2026","Business License Issued Date":"7/20/2026","Business License Expiration Date":"6/30/2027","Parcel_Matched_Address":"109 E POINT DR","Parcel_PIN":"10047 03018","Parcel_Match_Method":"Exact normalized","misc0":"","misc1":"","misc2":"","misc3":"","misc4":"","misc5":"","misc6":"","misc7":"","longitude":-80.96733159526698,"latitude":32.03304092241363,"licenseNumber":"STR-025610-2025","matchedAddress":"109 E POINT DR"}},{"type":"Feature","geometry":{"type":"Point","coordinates":[-80.96445476777525,32.03456034556287]},"properties":{"Business License Number":"STR-026482-2026","Business Name":"MARYANN TIEDEMANN","DBA":"213 E. POINT DR.","Business Status":"Active","Business License Type":"Short Term Rental","Business License Classification":"STR - Short Term Rental","Business License Status":"Issued","Business License Year":"2026","Business License Issued Date":"7/6/2026","Business License Expiration Date":"6/30/2027","Parcel_Matched_Address":"213 E POINT DR","Parcel_PIN":"10047 03021","Parcel_Match_Method":"Exact normalized","misc0":"","misc1":"","misc2":"","misc3":"","misc4":"","misc5":"","misc6":"","misc7":"","longitude":-80.96445476777525,"latitude":32.03456034556287,"licenseNumber":"STR-026482-2026","matchedAddress":"213 E POINT DR"}},{"type":"Feature","geometry":{"type":"Point","coordinates":[-80.97294272069111,32.03466411410879]},"properties":{"Business License Number":"STR-025715-2025","Business Name":"TALAHI INVESTMENTS LLC","DBA":"505 QUARTERMAN DRIVE","Business Status":"Active","Business License Type":"Short Term Rental","Business License Classification":"STR - Short Term Rental","Business License Status":"Renewed","Business License Year":"2026","Business License Issued Date":"6/17/2026","Business License Expiration Date":"6/30/2027","Parcel_Matched_Address":"505 QUARTERMAN DR","Parcel_PIN":"10048 01003","Parcel_Match_Method":"Exact normalized","misc0":"","misc1":"","misc2":"","misc3":"","misc4":"","misc5":"","misc6":"","misc7":"","longitude":-80.97294272069111,"latitude":32.03466411410879,"licenseNumber":"STR-025715-2025","matchedAddress":"505 QUARTERMAN DR"}},{"type":"Feature","geometry":{"type":"Point","coordinates":[-80.97290626306389,32.03656634829517]},"properties":{"Business License Number":"STR-025537-2025","Business Name":"GELIN GAO","DBA":"533 QUARTERMAN DR.","Business Status":"Active","Business License Type":"Short Term Rental","Business License Classification":"STR - Short Term Rental","Business License Status":"Renewed","Business License Year":"2027","Business License Issued Date":"7/17/2026","Business License Expiration Date":"6/30/2027","Parcel_Matched_Address":"533 QUARTERMAN DR","Parcel_PIN":"10048 01010","Parcel_Match_Method":"Exact normalized","misc0":"","misc1":"","misc2":"","misc3":"","misc4":"","misc5":"","misc6":"","misc7":"","longitude":-80.97290626306389,"latitude":32.03656634829517,"licenseNumber":"STR-025537-2025","matchedAddress":"533 QUARTERMAN DR"}},{"type":"Feature","geometry":{"type":"Point","coordinates":[-80.97790297990231,32.033142520374795]},"properties":{"Business License Number":"STR-025066","Business Name":"THE NICKEL HOUSE LLC","DBA":"633 SUNCREST BLVD","Business Status":"Active","Business License Type":"Short Term Rental","Business License Classification":"STR - Short Term Rental","Business License Status":"Renewed","Business License Year":"2026","Business License Issued Date":"8/6/2026","Business License Expiration Date":"6/30/2027","Parcel_Matched_Address":"633 SUNCREST BLVD","Parcel_PIN":"10053 01008A","Parcel_Match_Method":"Exact normalized","misc0":"","misc1":"","misc2":"","misc3":"","misc4":"","misc5":"","misc6":"","misc7":"","longitude":-80.97790297990231,"latitude":32.033142520374795,"licenseNumber":"STR-025066","matchedAddress":"633 SUNCREST BLVD"}},{"type":"Feature","geometry":{"type":"Point","coordinates":[-80.97844233736791,32.03248834158422]},"properties":{"Business License Number":"STR-025761-2025","Business Name":"STEVEN P SCHULTE","DBA":"612 SUNCREST BLVD","Business Status":"Active","Business License Type":"Short Term Rental","Business License Classification":"STR - Short Term Rental","Business License Status":"Renewed","Business License Year":"2026","Business License Issued Date":"6/29/2026","Business License Expiration Date":"6/30/2027","Parcel_Matched_Address":"612 SUNCREST BLVD","Parcel_PIN":"10054 01011","Parcel_Match_Method":"Exact normalized","misc0":"","misc1":"","misc2":"","misc3":"","misc4":"","misc5":"","misc6":"","misc7":"","longitude":-80.97844233736791,"latitude":32.03248834158422,"licenseNumber":"STR-025761-2025","matchedAddress":"612 SUNCREST BLVD"}},{"type":"Feature","geometry":{"type":"Point","coordinates":[-80.97474359692883,32.02926229435041]},"properties":{"Business License Number":"STR-025732-2025","Business Name":"LUKA HOMES, LLC.","DBA":"24 NILSSON DRIVE","Business Status":"Active","Business License Type":"Short Term Rental","Business License Classification":"STR - Short Term Rental","Business License Status":"Renewed","Business License Year":"2026","Business License Issued Date":"7/21/2026","Business License Expiration Date":"6/30/2027","Parcel_Matched_Address":"24 NILSSON DR","Parcel_PIN":"10054 03015","Parcel_Match_Method":"Exact normalized","misc0":"","misc1":"","misc2":"","misc3":"","misc4":"","misc5":"","misc6":"","misc7":"","longitude":-80.97474359692883,"latitude":32.02926229435041,"licenseNumber":"STR-025732-2025","matchedAddress":"24 NILSSON DR"}},{"type":"Feature","geometry":{"type":"Point","coordinates":[-80.96868159815601,32.032532195885025]},"properties":{"Business License Number":"STR-025613-2025","Business Name":"SAVANNAH COASTAL STAYS, LLC.","DBA":"101 EAST POINT DR.","Business Status":"On Hold","Business License Type":"Short Term Rental","Business License Classification":"STR - Short Term Rental","Business License Status":"Renewed","Business License Year":"2026","Business License Issued Date":"6/18/2026","Business License Expiration Date":"6/30/2027","Parcel_Matched_Address":"101 E POINT DR","Parcel_PIN":"10055 04006","Parcel_Match_Method":"Exact normalized","misc0":"","misc1":"","misc2":"","misc3":"","misc4":"","misc5":"","misc6":"","misc7":"","longitude":-80.96868159815601,"latitude":32.032532195885025,"licenseNumber":"STR-025613-2025","matchedAddress":"101 E POINT DR"}},{"type":"Feature","geometry":{"type":"Point","coordinates":[-80.97123511814873,32.02848610947528]},"properties":{"Business License Number":"STR-025921-2025","Business Name":"STAY HERE","DBA":"100 BLUE HERON DRIVE","Business Status":"Active","Business License Type":"Short Term Rental","Business License Classification":"STR - Short Term Rental","Business License Status":"Renewed","Business License Year":"2026","Business License Issued Date":"","Business License Expiration Date":"6/30/2027","Parcel_Matched_Address":"100 BLUE HERON DR","Parcel_PIN":"10056 02021","Parcel_Match_Method":"Exact normalized","misc0":"","misc1":"","misc2":"","misc3":"","misc4":"","misc5":"","misc6":"","misc7":"","longitude":-80.97123511814873,"latitude":32.02848610947528,"licenseNumber":"STR-025921-2025","matchedAddress":"100 BLUE HERON DR"}},{"type":"Feature","geometry":{"type":"Point","coordinates":[-80.96754789266515,32.02925301697488]},"properties":{"Business License Number":"STR-026490-2026","Business Name":"MARSH CREEK INVESTMENTS, LLC.","DBA":"111 MARSH SIDE DR.","Business Status":"Active","Business License Type":"Short Term Rental","Business License Classification":"STR - Short Term Rental","Business License Status":"Issued","Business License Year":"2026","Business License Issued Date":"7/2/2026","Business License Expiration Date":"6/30/2027","Parcel_Matched_Address":"111 MARSH SIDE DR","Parcel_PIN":"10056 03024","Parcel_Match_Method":"Exact normalized","misc0":"","misc1":"","misc2":"","misc3":"","misc4":"","misc5":"","misc6":"","misc7":"","longitude":-80.96754789266515,"latitude":32.02925301697488,"licenseNumber":"STR-026490-2026","matchedAddress":"111 MARSH SIDE DR"}},{"type":"Feature","geometry":{"type":"Point","coordinates":[-80.96608616064854,32.02936215734895]},"properties":{"Business License Number":"STR-025850-2025","Business Name":"RLB PROPERTY GROUP LLC","DBA":"208 BLUE HERON DR","Business Status":"Active","Business License Type":"Short Term Rental","Business License Classification":"STR - Short Term Rental","Business License Status":"Renewed","Business License Year":"2026","Business License Issued Date":"7/21/2026","Business License Expiration Date":"6/30/2027","Parcel_Matched_Address":"208 BLUE HERON DR","Parcel_PIN":"10056 05001","Parcel_Match_Method":"Exact normalized","misc0":"","misc1":"","misc2":"","misc3":"","misc4":"","misc5":"","misc6":"","misc7":"","longitude":-80.96608616064854,"latitude":32.02936215734895,"licenseNumber":"STR-025850-2025","matchedAddress":"208 BLUE HERON DR"}},{"type":"Feature","geometry":{"type":"Point","coordinates":[-80.97197974795253,32.02392283833907]},"properties":{"Business License Number":"STR-025680-2025","Business Name":"MARK STEPHENS OR ELISSA GREENE","DBA":"210 CHRISTIE ROAD","Business Status":"Active","Business License Type":"Short Term Rental","Business License Classification":"STR - Short Term Rental","Business License Status":"Renewed","Business License Year":"2026","Business License Issued Date":"6/18/2026","Business License Expiration Date":"6/30/2027","Parcel_Matched_Address":"210 CHRISTIE RD","Parcel_PIN":"10057 02004","Parcel_Match_Method":"Exact normalized","misc0":"","misc1":"","misc2":"","misc3":"","misc4":"","misc5":"","misc6":"","misc7":"","longitude":-80.97197974795253,"latitude":32.02392283833907,"licenseNumber":"STR-025680-2025","matchedAddress":"210 CHRISTIE RD"}},{"type":"Feature","geometry":{"type":"Point","coordinates":[-80.97467198690026,32.01964648774734]},"properties":{"Business License Number":"STR-025630-2025","Business Name":"ISLANDS COZY COTTAGE I UNIT 2","DBA":"6714 JOHNNY MERCER BLVD, UNIT 2","Business Status":"Active","Business License Type":"Short Term Rental","Business License Classification":"STR - Short Term Rental","Business License Status":"Renewed","Business License Year":"2026","Business License Issued Date":"7/23/2026","Business License Expiration Date":"6/30/2027","Parcel_Matched_Address":"6714 JOHNNY MERCER BLVD","Parcel_PIN":"10059 01006A","Parcel_Match_Method":"Normalized address core","misc0":"","misc1":"","misc2":"","misc3":"","misc4":"","misc5":"","misc6":"","misc7":"","longitude":-80.97467198690026,"latitude":32.01964648774734,"licenseNumber":"STR-025630-2025","matchedAddress":"6714 JOHNNY MERCER BLVD"}},{"type":"Feature","geometry":{"type":"Point","coordinates":[-80.97467198690026,32.01964648774734]},"properties":{"Business License Number":"STR-025633-2025","Business Name":"JJSDO RENTALS LLC DBA ISLANDS COZY COTTAGE I","DBA":"6714 JOHNNY MERCER BLVD UNIT 1","Business Status":"Active","Business License Type":"Short Term Rental","Business License Classification":"STR - Short Term Rental","Business License Status":"Renewed","Business License Year":"2026","Business License Issued Date":"7/23/2026","Business License Expiration Date":"6/30/2027","Parcel_Matched_Address":"6714 JOHNNY MERCER BLVD","Parcel_PIN":"10059 01006A","Parcel_Match_Method":"Normalized address core","misc0":"","misc1":"","misc2":"","misc3":"","misc4":"","misc5":"","misc6":"","misc7":"","longitude":-80.97467198690026,"latitude":32.01964648774734,"licenseNumber":"STR-025633-2025","matchedAddress":"6714 JOHNNY MERCER BLVD"}},{"type":"Feature","geometry":{"type":"Point","coordinates":[-80.97616179543617,32.01925167243925]},"properties":{"Business License Number":"STR-025003","Business Name":"WICKED WEATHER VENTURES","DBA":"6715 SAND RD","Business Status":"Applied","Business License Type":"Short Term Rental","Business License Classification":"STR - Short Term Rental","Business License Status":"Renewed","Business License Year":"2026","Business License Issued Date":"8/4/2026","Business License Expiration Date":"6/30/2027","Parcel_Matched_Address":"6715 SAND RD","Parcel_PIN":"10059 01038","Parcel_Match_Method":"Exact normalized","misc0":"","misc1":"","misc2":"","misc3":"","misc4":"","misc5":"","misc6":"","misc7":"","longitude":-80.97616179543617,"latitude":32.01925167243925,"licenseNumber":"STR-025003","matchedAddress":"6715 SAND RD"}},{"type":"Feature","geometry":{"type":"Point","coordinates":[-80.98006926404366,32.02104468881534]},"properties":{"Business License Number":"STR-025740-2025","Business Name":"SUNSET CREEK BNB","DBA":"217 HILLARY RD","Business Status":"Active","Business License Type":"Short Term Rental","Business License Classification":"STR - Short Term Rental","Business License Status":"Renewed","Business License Year":"2026","Business License Issued Date":"7/17/2026","Business License Expiration Date":"6/30/2027","Parcel_Matched_Address":"217 HILLARY DR","Parcel_PIN":"10059 02013","Parcel_Match_Method":"No unique match","misc0":"","misc1":"","misc2":"","misc3":"","misc4":"","misc5":"","misc6":"","misc7":"","longitude":-80.98006926404366,"latitude":32.02104468881534,"licenseNumber":"STR-025740-2025","matchedAddress":"217 HILLARY DR"}},{"type":"Feature","geometry":{"type":"Point","coordinates":[-80.97395803088843,32.014514617568885]},"properties":{"Business License Number":"STR-025902-2025","Business Name":"KEVIN & JILL ROMINE","DBA":"29 ANGEL OAKS DR","Business Status":"Active","Business License Type":"Short Term Rental","Business License Classification":"STR - Short Term Rental","Business License Status":"Renewed","Business License Year":"2026","Business License Issued Date":"7/13/2026","Business License Expiration Date":"6/30/2027","Parcel_Matched_Address":"29 ANGEL OAKS DR","Parcel_PIN":"10061 01043","Parcel_Match_Method":"Exact normalized","misc0":"","misc1":"","misc2":"","misc3":"","misc4":"","misc5":"","misc6":"","misc7":"","longitude":-80.97395803088843,"latitude":32.014514617568885,"licenseNumber":"STR-025902-2025","matchedAddress":"29 ANGEL OAKS DR"}},{"type":"Feature","geometry":{"type":"Point","coordinates":[-80.97579914404785,32.015087624220314]},"properties":{"Business License Number":"STR-025858-2025","Business Name":"DINKNACK LLC","DBA":"206 PENN WALLER RD","Business Status":"Active","Business License Type":"Short Term Rental","Business License Classification":"STR - Short Term Rental","Business License Status":"Renewed","Business License Year":"2026","Business License Issued Date":"8/3/2026","Business License Expiration Date":"6/30/2027","Parcel_Matched_Address":"206 PENN WALLER RD","Parcel_PIN":"10061 03025","Parcel_Match_Method":"Exact normalized","misc0":"","misc1":"","misc2":"","misc3":"","misc4":"","misc5":"","misc6":"","misc7":"","longitude":-80.97579914404785,"latitude":32.015087624220314,"licenseNumber":"STR-025858-2025","matchedAddress":"206 PENN WALLER RD"}},{"type":"Feature","geometry":{"type":"Point","coordinates":[-80.97015480491703,31.99892156303616]},"properties":{"Business License Number":"STR-025810-2025","Business Name":"LYNDA & ROBERT LUM","DBA":"1316 1/2 WALTHOUR ROAD","Business Status":"Active","Business License Type":"Short Term Rental","Business License Classification":"STR - Short Term Rental","Business License Status":"Renewed","Business License Year":"2026","Business License Issued Date":"7/17/2026","Business License Expiration Date":"6/30/2027","Parcel_Matched_Address":"1316 WALTHOUR RD","Parcel_PIN":"10066 01003A","Parcel_Match_Method":"Manually Added","misc0":"","misc1":"","misc2":"","misc3":"","misc4":"","misc5":"","misc6":"","misc7":"","longitude":-80.97015480491703,"latitude":31.99892156303616,"licenseNumber":"STR-025810-2025","matchedAddress":"1316 WALTHOUR RD"}},{"type":"Feature","geometry":{"type":"Point","coordinates":[-80.97009435613435,31.998458323772006]},"properties":{"Business License Number":"STR-025822-2025","Business Name":"SHERRY L. JAKUBOWSKI","DBA":"1318 WALTHOUR RD - GUEST HOUSE","Business Status":"Active","Business License Type":"Short Term Rental","Business License Classification":"STR - Short Term Rental","Business License Status":"Renewed","Business License Year":"2026","Business License Issued Date":"8/4/2026","Business License Expiration Date":"6/30/2027","Parcel_Matched_Address":"1318 WALTHOUR RD","Parcel_PIN":"10066 01015","Parcel_Match_Method":"Normalized address core","misc0":"","misc1":"","misc2":"","misc3":"","misc4":"","misc5":"","misc6":"","misc7":"","longitude":-80.97009435613435,"latitude":31.998458323772006,"licenseNumber":"STR-025822-2025","matchedAddress":"1318 WALTHOUR RD"}},{"type":"Feature","geometry":{"type":"Point","coordinates":[-80.97085226859444,31.996894308116513]},"properties":{"Business License Number":"STR-025693-2025","Business Name":"SAVVY PLACES","DBA":"1402 WALTHOUR RD","Business Status":"Active","Business License Type":"Short Term Rental","Business License Classification":"STR - Short Term Rental","Business License Status":"Renewed","Business License Year":"2026","Business License Issued Date":"7/21/2026","Business License Expiration Date":"6/30/2027","Parcel_Matched_Address":"1402 WALTHOUR RD","Parcel_PIN":"10066 02008","Parcel_Match_Method":"Exact normalized","misc0":"","misc1":"","misc2":"","misc3":"","misc4":"","misc5":"","misc6":"","misc7":"","longitude":-80.97085226859444,"latitude":31.996894308116513,"licenseNumber":"STR-025693-2025","matchedAddress":"1402 WALTHOUR RD"}},{"type":"Feature","geometry":{"type":"Point","coordinates":[-80.97488149102593,31.996913397415224]},"properties":{"Business License Number":"STR-026341-2026","Business Name":"WICKED WEATHER VENTURES","DBA":"1507 WALTHOUR RD.","Business Status":"Active","Business License Type":"Short Term Rental","Business License Classification":"STR - Short Term Rental","Business License Status":"Renewed","Business License Year":"2027","Business License Issued Date":"8/4/2026","Business License Expiration Date":"6/30/2027","Parcel_Matched_Address":"1507 WALTHOUR RD","Parcel_PIN":"10066 03014","Parcel_Match_Method":"Exact normalized","misc0":"","misc1":"","misc2":"","misc3":"","misc4":"","misc5":"","misc6":"","misc7":"","longitude":-80.97488149102593,"latitude":31.996913397415224,"licenseNumber":"STR-026341-2026","matchedAddress":"1507 WALTHOUR RD"}},{"type":"Feature","geometry":{"type":"Point","coordinates":[-80.97687971306799,31.995507728793324]},"properties":{"Business License Number":"STR-026340-2026","Business Name":"1521 WALTHOUR RD, LLC.","DBA":"1521 WALTHOUR RD.","Business Status":"Active","Business License Type":"Short Term Rental","Business License Classification":"STR - Short Term Rental","Business License Status":"Renewed","Business License Year":"2027","Business License Issued Date":"6/22/2026","Business License Expiration Date":"6/30/2027","Parcel_Matched_Address":"1521 WALTHOUR RD","Parcel_PIN":"10067 01017","Parcel_Match_Method":"Exact normalized","misc0":"","misc1":"","misc2":"","misc3":"","misc4":"","misc5":"","misc6":"","misc7":"","longitude":-80.97687971306799,"latitude":31.995507728793324,"licenseNumber":"STR-026340-2026","matchedAddress":"1521 WALTHOUR RD"}},{"type":"Feature","geometry":{"type":"Point","coordinates":[-80.97517911740067,31.993876939605258]},"properties":{"Business License Number":"STR-026278-2026","Business Name":"CORY SCOVILLE","DBA":"1518 C WALTHOUR RD. - GUEST HOUSE","Business Status":"Active","Business License Type":"Short Term Rental","Business License Classification":"STR - Short Term Rental","Business License Status":"Renewed","Business License Year":"2027","Business License Issued Date":"7/13/2026","Business License Expiration Date":"6/30/2027","Parcel_Matched_Address":"1518 WALTHOUR RD","Parcel_PIN":"10067 02003","Parcel_Match_Method":"Manually Added","misc0":"","misc1":"","misc2":"","misc3":"","misc4":"","misc5":"","misc6":"","misc7":"","longitude":-80.97517911740067,"latitude":31.993876939605258,"licenseNumber":"STR-026278-2026","matchedAddress":"1518 WALTHOUR RD"}},{"type":"Feature","geometry":{"type":"Point","coordinates":[-80.98246060050455,32.00333886329384]},"properties":{"Business License Number":"STR-026115-2025","Business Name":"ALICE WERNTZ","DBA":"8 WYCKFIELD CT.","Business Status":"Active","Business License Type":"Short Term Rental","Business License Classification":"STR - Short Term Rental","Business License Status":"Renewed","Business License Year":"2026","Business License Issued Date":"7/21/2026","Business License Expiration Date":"6/30/2027","Parcel_Matched_Address":"8 WYCKFIELD CT","Parcel_PIN":"10074 06011","Parcel_Match_Method":"Exact normalized","misc0":"","misc1":"","misc2":"","misc3":"","misc4":"","misc5":"","misc6":"","misc7":"","longitude":-80.98246060050455,"latitude":32.00333886329384,"licenseNumber":"STR-026115-2025","matchedAddress":"8 WYCKFIELD CT"}},{"type":"Feature","geometry":{"type":"Point","coordinates":[-80.98261996800544,32.003515093431375]},"properties":{"Business License Number":"STR-026114-2025","Business Name":"ALICE WERNTZ","DBA":"10 WYCKFIELD CT.","Business Status":"Active","Business License Type":"Short Term Rental","Business License Classification":"STR - Short Term Rental","Business License Status":"Renewed","Business License Year":"2026","Business License Issued Date":"7/14/2026","Business License Expiration Date":"6/30/2027","Parcel_Matched_Address":"10 WYCKFIELD CT","Parcel_PIN":"10074 06012","Parcel_Match_Method":"Exact normalized","misc0":"","misc1":"","misc2":"","misc3":"","misc4":"","misc5":"","misc6":"","misc7":"","longitude":-80.98261996800544,"latitude":32.003515093431375,"licenseNumber":"STR-026114-2025","matchedAddress":"10 WYCKFIELD CT"}},{"type":"Feature","geometry":{"type":"Point","coordinates":[-80.97703881809541,32.00635851718685]},"properties":{"Business License Number":"STR-026491-2026","Business Name":"SMASH PROPERTY MANAGEMENT, LLC.","DBA":"152 PENN STATION","Business Status":"Active","Business License Type":"Short Term Rental","Business License Classification":"STR - Short Term Rental","Business License Status":"Renewed","Business License Year":"2026","Business License Issued Date":"6/29/2026","Business License Expiration Date":"6/30/2027","Parcel_Matched_Address":"152 PENN STATION","Parcel_PIN":"10075 03024","Parcel_Match_Method":"Exact normalized","misc0":"","misc1":"","misc2":"","misc3":"","misc4":"","misc5":"","misc6":"","misc7":"","longitude":-80.97703881809541,"latitude":32.00635851718685,"licenseNumber":"STR-026491-2026","matchedAddress":"152 PENN STATION"}},{"type":"Feature","geometry":{"type":"Point","coordinates":[-80.98262534458655,32.00926097805627]},"properties":{"Business License Number":"STR-025829-2025","Business Name":"ISLAND CREEK INN","DBA":"120 OKATEE DRIVE #B","Business Status":"Active","Business License Type":"Short Term Rental","Business License Classification":"STR - Short Term Rental","Business License Status":"Renewed","Business License Year":"2026","Business License Issued Date":"6/29/2026","Business License Expiration Date":"6/30/2027","Parcel_Matched_Address":"120 OKATEE DR","Parcel_PIN":"10076 02005","Parcel_Match_Method":"Normalized address core","misc0":"","misc1":"","misc2":"","misc3":"","misc4":"","misc5":"","misc6":"","misc7":"","longitude":-80.98262534458655,"latitude":32.00926097805627,"licenseNumber":"STR-025829-2025","matchedAddress":"120 OKATEE DR"}},{"type":"Feature","geometry":{"type":"Point","coordinates":[-80.98262534458655,32.00926097805627]},"properties":{"Business License Number":"STR-025957-2025","Business Name":"ISLAND PARLOR INN ","DBA":"120 OKATEE DR. (GARAGE APT)","Business Status":"Active","Business License Type":"Short Term Rental","Business License Classification":"STR - Short Term Rental","Business License Status":"Renewed","Business License Year":"2026","Business License Issued Date":"6/29/2026","Business License Expiration Date":"6/30/2027","Parcel_Matched_Address":"120 OKATEE DR","Parcel_PIN":"10076 02005","Parcel_Match_Method":"Normalized address core","misc0":"","misc1":"","misc2":"","misc3":"","misc4":"","misc5":"","misc6":"","misc7":"","longitude":-80.98262534458655,"latitude":32.00926097805627,"licenseNumber":"STR-025957-2025","matchedAddress":"120 OKATEE DR"}},{"type":"Feature","geometry":{"type":"Point","coordinates":[-80.98198185702701,32.00989551266669]},"properties":{"Business License Number":"STR-026086-2025","Business Name":"JOSHUA & MEGGON CAHALL","DBA":"122 NASSAU DRIVE","Business Status":"Active","Business License Type":"Short Term Rental","Business License Classification":"STR - Short Term Rental","Business License Status":"Renewed","Business License Year":"2026","Business License Issued Date":"7/13/2026","Business License Expiration Date":"6/30/2027","Parcel_Matched_Address":"122 NASSAU DR","Parcel_PIN":"10076 04015","Parcel_Match_Method":"Exact normalized","misc0":"","misc1":"","misc2":"","misc3":"","misc4":"","misc5":"","misc6":"","misc7":"","longitude":-80.98198185702701,"latitude":32.00989551266669,"licenseNumber":"STR-026086-2025","matchedAddress":"122 NASSAU DR"}},{"type":"Feature","geometry":{"type":"Point","coordinates":[-80.98090997270788,32.01240411650519]},"properties":{"Business License Number":"STR-025607-2025","Business Name":"MID-SOUTH INVESTMENT #100 LLC","DBA":"11 OSSABAW RD","Business Status":"Active","Business License Type":"Short Term Rental","Business License Classification":"STR - Short Term Rental","Business License Status":"Renewed","Business License Year":"2026","Business License Issued Date":"7/21/2026","Business License Expiration Date":"6/30/2027","Parcel_Matched_Address":"11 OSSABAW RD","Parcel_PIN":"10077 03023","Parcel_Match_Method":"Exact normalized","misc0":"","misc1":"","misc2":"","misc3":"","misc4":"","misc5":"","misc6":"","misc7":"","longitude":-80.98090997270788,"latitude":32.01240411650519,"licenseNumber":"STR-025607-2025","matchedAddress":"11 OSSABAW RD"}},{"type":"Feature","geometry":{"type":"Point","coordinates":[-80.9804771585822,32.01277937814667]},"properties":{"Business License Number":"STR-025685-2025","Business Name":"GLEN ALAN AMENSON","DBA":"12 OSSABAW ROAD","Business Status":"Active","Business License Type":"Short Term Rental","Business License Classification":"STR - Short Term Rental","Business License Status":"Renewed","Business License Year":"2026","Business License Issued Date":"6/22/2026","Business License Expiration Date":"6/30/2027","Parcel_Matched_Address":"12 OSSABAW RD","Parcel_PIN":"10077 04006","Parcel_Match_Method":"Exact normalized","misc0":"","misc1":"","misc2":"","misc3":"","misc4":"","misc5":"","misc6":"","misc7":"","longitude":-80.9804771585822,"latitude":32.01277937814667,"licenseNumber":"STR-025685-2025","matchedAddress":"12 OSSABAW RD"}},{"type":"Feature","geometry":{"type":"Point","coordinates":[-80.98013490038966,32.01367799081245]},"properties":{"Business License Number":"STR-024927","Business Name":"SETH DAVID WARWICK","DBA":"8 CALIBOGUE ROAD","Business Status":"Active","Business License Type":"Short Term Rental","Business License Classification":"STR - Short Term Rental","Business License Status":"Renewed","Business License Year":"2026","Business License Issued Date":"7/22/2026","Business License Expiration Date":"6/30/2027","Parcel_Matched_Address":"8 CALIBOGUE RD","Parcel_PIN":"10077 05004","Parcel_Match_Method":"Exact normalized","misc0":"","misc1":"","misc2":"","misc3":"","misc4":"","misc5":"","misc6":"","misc7":"","longitude":-80.98013490038966,"latitude":32.01367799081245,"licenseNumber":"STR-024927","matchedAddress":"8 CALIBOGUE RD"}},{"type":"Feature","geometry":{"type":"Point","coordinates":[-80.97807335630935,32.01246636602929]},"properties":{"Business License Number":"STR-026363-2026","Business Name":"LVM TEAMS, LLC.","DBA":"23 SAPELO RD.","Business Status":"Active","Business License Type":"Short Term Rental","Business License Classification":"STR - Short Term Rental","Business License Status":"Renewed","Business License Year":"2027","Business License Issued Date":"7/21/2026","Business License Expiration Date":"6/30/2027","Parcel_Matched_Address":"23 SAPELO RD","Parcel_PIN":"10077 05015","Parcel_Match_Method":"Exact normalized","misc0":"","misc1":"","misc2":"","misc3":"","misc4":"","misc5":"","misc6":"","misc7":"","longitude":-80.97807335630935,"latitude":32.01246636602929,"licenseNumber":"STR-026363-2026","matchedAddress":"23 SAPELO RD"}},{"type":"Feature","geometry":{"type":"Point","coordinates":[-80.98019216869938,32.0141101395779]},"properties":{"Business License Number":"STR-025748-2025","Business Name":"ISLAND BREEZE ","DBA":"3 SAPELO RD","Business Status":"Active","Business License Type":"Short Term Rental","Business License Classification":"STR - Short Term Rental","Business License Status":"Renewed","Business License Year":"2026","Business License Issued Date":"7/20/2026","Business License Expiration Date":"6/30/2027","Parcel_Matched_Address":"3 SAPELO RD","Parcel_PIN":"10077 05025","Parcel_Match_Method":"Exact normalized","misc0":"","misc1":"","misc2":"","misc3":"","misc4":"","misc5":"","misc6":"","misc7":"","longitude":-80.98019216869938,"latitude":32.0141101395779,"licenseNumber":"STR-025748-2025","matchedAddress":"3 SAPELO RD"}},{"type":"Feature","geometry":{"type":"Point","coordinates":[-80.97937918064125,32.014166198062775]},"properties":{"Business License Number":"STR-025004","Business Name":"NORMAN WITMER","DBA":"8 SAPELO ROAD","Business Status":"Active","Business License Type":"Short Term Rental","Business License Classification":"STR - Short Term Rental","Business License Status":"Renewed","Business License Year":"2026","Business License Issued Date":"7/21/2026","Business License Expiration Date":"6/30/2027","Parcel_Matched_Address":"8 SAPELO RD","Parcel_PIN":"10077 06004","Parcel_Match_Method":"Exact normalized","misc0":"","misc1":"","misc2":"","misc3":"","misc4":"","misc5":"","misc6":"","misc7":"","longitude":-80.97937918064125,"latitude":32.014166198062775,"licenseNumber":"STR-025004","matchedAddress":"8 SAPELO RD"}},{"type":"Feature","geometry":{"type":"Point","coordinates":[-80.97798362088625,32.01301158540539]},"properties":{"Business License Number":"STR-025718-2025","Business Name":"22 SAPELO LLC","DBA":"22 SAPELO RD","Business Status":"Active","Business License Type":"Short Term Rental","Business License Classification":"STR - Short Term Rental","Business License Status":"Renewed","Business License Year":"2026","Business License Issued Date":"7/21/2026","Business License Expiration Date":"6/30/2027","Parcel_Matched_Address":"22 SAPELO RD","Parcel_PIN":"10077 06011","Parcel_Match_Method":"Exact normalized","misc0":"","misc1":"","misc2":"","misc3":"","misc4":"","misc5":"","misc6":"","misc7":"","longitude":-80.97798362088625,"latitude":32.01301158540539,"licenseNumber":"STR-025718-2025","matchedAddress":"22 SAPELO RD"}},{"type":"Feature","geometry":{"type":"Point","coordinates":[-80.98385461372854,32.02617586015108]},"properties":{"Business License Number":"STR-024907","Business Name":"THE WOODSMEN LLC","DBA":"406 SUNCREST BLVD","Business Status":"Active","Business License Type":"Short Term Rental","Business License Classification":"STR - Short Term Rental","Business License Status":"Renewed","Business License Year":"2026","Business License Issued Date":"7/14/2026","Business License Expiration Date":"6/30/2027","Parcel_Matched_Address":"406 SUNCREST BLVD","Parcel_PIN":"10081 01020","Parcel_Match_Method":"Exact normalized","misc0":"","misc1":"","misc2":"","misc3":"","misc4":"","misc5":"","misc6":"","misc7":"","longitude":-80.98385461372854,"latitude":32.02617586015108,"licenseNumber":"STR-024907","matchedAddress":"406 SUNCREST BLVD"}},{"type":"Feature","geometry":{"type":"Point","coordinates":[-80.98262798186224,32.03215385210691]},"properties":{"Business License Number":"STR-025802-2025","Business Name":"SARAH ARKINS","DBA":"557 SUNCREST BLVD","Business Status":"Active","Business License Type":"Short Term Rental","Business License Classification":"STR - Short Term Rental","Business License Status":"Renewed","Business License Year":"2026","Business License Issued Date":"7/21/2026","Business License Expiration Date":"6/30/2027","Parcel_Matched_Address":"557 SUNCREST BLVD","Parcel_PIN":"10082 01019","Parcel_Match_Method":"Exact normalized","misc0":"","misc1":"","misc2":"","misc3":"","misc4":"","misc5":"","misc6":"","misc7":"","longitude":-80.98262798186224,"latitude":32.03215385210691,"licenseNumber":"STR-025802-2025","matchedAddress":"557 SUNCREST BLVD"}},{"type":"Feature","geometry":{"type":"Point","coordinates":[-80.98700499255615,32.04043746788022]},"properties":{"Business License Number":"STR-025602-2025","Business Name":"1790 OGLETHORPE LLC","DBA":"212 BATTERY WAY","Business Status":"Active","Business License Type":"Short Term Rental","Business License Classification":"STR - Short Term Rental","Business License Status":"Renewed","Business License Year":"2026","Business License Issued Date":"7/21/2026","Business License Expiration Date":"6/30/2027","Parcel_Matched_Address":"212 BATTERY WAY","Parcel_PIN":"10084 03001","Parcel_Match_Method":"Exact normalized","misc0":"","misc1":"","misc2":"","misc3":"","misc4":"","misc5":"","misc6":"","misc7":"","longitude":-80.98700499255615,"latitude":32.04043746788022,"licenseNumber":"STR-025602-2025","matchedAddress":"212 BATTERY WAY"}},{"type":"Feature","geometry":{"type":"Point","coordinates":[-80.98722751776074,32.04000711430478]},"properties":{"Business License Number":"STR-026573-2026","Business Name":"CHEN HAO JIN & LIYING WU","DBA":"210 BATTERY WAY","Business Status":"Active","Business License Type":"Short Term Rental","Business License Classification":"STR - Short Term Rental","Business License Status":"Issued","Business License Year":"2026","Business License Issued Date":"8/4/2026","Business License Expiration Date":"6/30/2027","Parcel_Matched_Address":"210 BATTERY WAY","Parcel_PIN":"10084 03002","Parcel_Match_Method":"Exact normalized","misc0":"","misc1":"","misc2":"","misc3":"","misc4":"","misc5":"","misc6":"","misc7":"","longitude":-80.98722751776074,"latitude":32.04000711430478,"licenseNumber":"STR-026573-2026","matchedAddress":"210 BATTERY WAY"}},{"type":"Feature","geometry":{"type":"Point","coordinates":[-80.98681597816557,32.03983042827886]},"properties":{"Business License Number":"STR-025757-2025","Business Name":"LISA DEMARIA","DBA":"215 BATTERY CRESCENT ","Business Status":"Active","Business License Type":"Short Term Rental","Business License Classification":"STR - Short Term Rental","Business License Status":"Renewed","Business License Year":"2026","Business License Issued Date":"","Business License Expiration Date":"6/30/2027","Parcel_Matched_Address":"215 BATTERY CRES","Parcel_PIN":"10084 03008","Parcel_Match_Method":"Unsure","misc0":"","misc1":"","misc2":"","misc3":"","misc4":"","misc5":"","misc6":"","misc7":"","longitude":-80.98681597816557,"latitude":32.03983042827886,"licenseNumber":"STR-025757-2025","matchedAddress":"215 BATTERY CRES"}},{"type":"Feature","geometry":{"type":"Point","coordinates":[-80.99059002930389,32.03842250093738]},"properties":{"Business License Number":"STR-025760-2025","Business Name":"ANDERSON RESENDE","DBA":"4 BRYAN WOOD CIRCLE","Business Status":"Active","Business License Type":"Short Term Rental","Business License Classification":"STR - Short Term Rental","Business License Status":"Renewed","Business License Year":"2026","Business License Issued Date":"6/29/2026","Business License Expiration Date":"6/30/2027","Parcel_Matched_Address":"4 BRYAN WOOD CIR","Parcel_PIN":"10086 03012","Parcel_Match_Method":"Exact normalized","misc0":"","misc1":"","misc2":"","misc3":"","misc4":"","misc5":"","misc6":"","misc7":"","longitude":-80.99059002930389,"latitude":32.03842250093738,"licenseNumber":"STR-025760-2025","matchedAddress":"4 BRYAN WOOD CIR"}},{"type":"Feature","geometry":{"type":"Point","coordinates":[-80.99435954120125,31.986803833628933]},"properties":{"Business License Number":"STR-024985","Business Name":"ERIC & DANIELLE HESS","DBA":"1233 WILMINGTON ISLAND RD","Business Status":"Active","Business License Type":"Short Term Rental","Business License Classification":"STR - Short Term Rental","Business License Status":"Renewed","Business License Year":"2027","Business License Issued Date":"7/17/2026","Business License Expiration Date":"6/30/2027","Parcel_Matched_Address":"1233 WILMINGTON ISLAND RD","Parcel_PIN":"10096 01006B","Parcel_Match_Method":"Exact normalized","misc0":"","misc1":"","misc2":"","misc3":"","misc4":"","misc5":"","misc6":"","misc7":"","longitude":-80.99435954120125,"latitude":31.986803833628933,"licenseNumber":"STR-024985","matchedAddress":"1233 WILMINGTON ISLAND RD"}},{"type":"Feature","geometry":{"type":"Point","coordinates":[-80.99435954120125,31.986803833628933]},"properties":{"Business License Number":"STR-026559-2026","Business Name":"ERIC & DANIELLE HESS","DBA":"1233 WILMINGTON ISLAND RD","Business Status":"Active","Business License Type":"Short Term Rental","Business License Classification":"STR - Short Term Rental","Business License Status":"Renewed","Business License Year":"2026","Business License Issued Date":"7/14/2026","Business License Expiration Date":"6/30/2027","Parcel_Matched_Address":"1233 WILMINGTON ISLAND RD","Parcel_PIN":"10096 01006B","Parcel_Match_Method":"Exact normalized","misc0":"","misc1":"","misc2":"","misc3":"","misc4":"","misc5":"","misc6":"","misc7":"","longitude":-80.99435954120125,"latitude":31.986803833628933,"licenseNumber":"STR-026559-2026","matchedAddress":"1233 WILMINGTON ISLAND RD"}},{"type":"Feature","geometry":{"type":"Point","coordinates":[-80.99554343087547,31.98788807069501]},"properties":{"Business License Number":"STR-025998-2025","Business Name":"1224 WILMINGTON ISLAND RD LLC","DBA":"1224 WILMINGTON ISLAND ROAD","Business Status":"Active","Business License Type":"Short Term Rental","Business License Classification":"STR - Short Term Rental","Business License Status":"Renewed","Business License Year":"2026","Business License Issued Date":"7/14/2026","Business License Expiration Date":"6/30/2027","Parcel_Matched_Address":"1224 WILMINGTON ISLAND RD","Parcel_PIN":"10096 04008","Parcel_Match_Method":"Exact normalized","misc0":"","misc1":"","misc2":"","misc3":"","misc4":"","misc5":"","misc6":"","misc7":"","longitude":-80.99554343087547,"latitude":31.98788807069501,"licenseNumber":"STR-025998-2025","matchedAddress":"1224 WILMINGTON ISLAND RD"}},{"type":"Feature","geometry":{"type":"Point","coordinates":[-80.99550120861416,31.983244127208696]},"properties":{"Business License Number":"STR-025672-2025","Business Name":"JCA MANAGEMENT LLC","DBA":"1345 WILMINGTON ISLAND RD (GARAGE APARTMENT ONLY)","Business Status":"Active","Business License Type":"Short Term Rental","Business License Classification":"STR - Short Term Rental","Business License Status":"Renewed","Business License Year":"2026","Business License Issued Date":"6/23/2026","Business License Expiration Date":"6/30/2027","Parcel_Matched_Address":"1345 WILMINGTON ISLAND RD","Parcel_PIN":"10097 05001","Parcel_Match_Method":"Normalized address core","misc0":"","misc1":"","misc2":"","misc3":"","misc4":"","misc5":"","misc6":"","misc7":"","longitude":-80.99550120861416,"latitude":31.983244127208696,"licenseNumber":"STR-025672-2025","matchedAddress":"1345 WILMINGTON ISLAND RD"}},{"type":"Feature","geometry":{"type":"Point","coordinates":[-80.99434078323927,31.980610292056205]},"properties":{"Business License Number":"STR-025766-2025","Business Name":"1940 STONE STREET LLC","DBA":"1940 STONE STREET","Business Status":"Active","Business License Type":"Short Term Rental","Business License Classification":"STR - Short Term Rental","Business License Status":"Renewed","Business License Year":"2026","Business License Issued Date":"7/22/2026","Business License Expiration Date":"6/30/2027","Parcel_Matched_Address":"1940 STONE ST","Parcel_PIN":"10098 02009","Parcel_Match_Method":"Exact normalized","misc0":"","misc1":"","misc2":"","misc3":"","misc4":"","misc5":"","misc6":"","misc7":"","longitude":-80.99434078323927,"latitude":31.980610292056205,"licenseNumber":"STR-025766-2025","matchedAddress":"1940 STONE ST"}},{"type":"Feature","geometry":{"type":"Point","coordinates":[-80.9929671944082,31.979516398774958]},"properties":{"Business License Number":"STR-025765-2025","Business Name":"JOHN HOWKINS","DBA":"1917 STONE STREET","Business Status":"Active","Business License Type":"Short Term Rental","Business License Classification":"STR - Short Term Rental","Business License Status":"Renewed","Business License Year":"2026","Business License Issued Date":"7/23/2026","Business License Expiration Date":"6/30/2027","Parcel_Matched_Address":"1917 STONE ST","Parcel_PIN":"10098 04018","Parcel_Match_Method":"Exact normalized","misc0":"","misc1":"","misc2":"","misc3":"","misc4":"","misc5":"","misc6":"","misc7":"","longitude":-80.9929671944082,"latitude":31.979516398774958,"licenseNumber":"STR-025765-2025","matchedAddress":"1917 STONE ST"}},{"type":"Feature","geometry":{"type":"Point","coordinates":[-81.00121314122819,31.974629864948433]},"properties":{"Business License Number":"STR-025615-2025","Business Name":"JOSEPH A & VALERIA S HUSZTY","DBA":"1802 WILMINGTON ISLAND ROAD","Business Status":"Active","Business License Type":"Short Term Rental","Business License Classification":"STR - Short Term Rental","Business License Status":"Renewed","Business License Year":"2026","Business License Issued Date":"7/13/2026","Business License Expiration Date":"6/30/2027","Parcel_Matched_Address":"1802 WILMINGTON ISLAND RD","Parcel_PIN":"10100 01009","Parcel_Match_Method":"Exact normalized","misc0":"","misc1":"","misc2":"","misc3":"","misc4":"","misc5":"","misc6":"","misc7":"","longitude":-81.00121314122819,"latitude":31.974629864948433,"licenseNumber":"STR-025615-2025","matchedAddress":"1802 WILMINGTON ISLAND RD"}},{"type":"Feature","geometry":{"type":"Point","coordinates":[-80.99865008422368,31.971692918523885]},"properties":{"Business License Number":"STR-024841","Business Name":"WALTHOUR INVESTMENT LLC","DBA":"2324 EAST BLVD.","Business Status":"Applied","Business License Type":"Short Term Rental","Business License Classification":"STR - Short Term Rental","Business License Status":"Renewed","Business License Year":"2026","Business License Issued Date":"6/22/2026","Business License Expiration Date":"6/30/2027","Parcel_Matched_Address":"2324 EAST BLVD","Parcel_PIN":"10100 02007","Parcel_Match_Method":"Exact normalized","misc0":"","misc1":"","misc2":"","misc3":"","misc4":"","misc5":"","misc6":"","misc7":"","longitude":-80.99865008422368,"latitude":31.971692918523885,"licenseNumber":"STR-024841","matchedAddress":"2324 EAST BLVD"}},{"type":"Feature","geometry":{"type":"Point","coordinates":[-80.99862252943839,32.00190624765888]},"properties":{"Business License Number":"STR-025743-2025","Business Name":"WILMINGTON RIVER HOME LLC","DBA":"730 WILMINGTON ISLAND RD","Business Status":"Active","Business License Type":"Short Term Rental","Business License Classification":"STR - Short Term Rental","Business License Status":"Renewed","Business License Year":"2026","Business License Issued Date":"6/30/2026","Business License Expiration Date":"6/30/2027","Parcel_Matched_Address":"730 WILMINGTON ISLAND RD","Parcel_PIN":"10108 01012","Parcel_Match_Method":"Exact normalized","misc0":"","misc1":"","misc2":"","misc3":"","misc4":"","misc5":"","misc6":"","misc7":"","longitude":-80.99862252943839,"latitude":32.00190624765888,"licenseNumber":"STR-025743-2025","matchedAddress":"730 WILMINGTON ISLAND RD"}},{"type":"Feature","geometry":{"type":"Point","coordinates":[-81.00509389887596,32.039753492892956]},"properties":{"Business License Number":"STR-025960-2025","Business Name":"GREGORY D  & JODIE A VAUGHN","DBA":"218 MAPMAKER LANE","Business Status":"Active","Business License Type":"Short Term Rental","Business License Classification":"STR - Short Term Rental","Business License Status":"Renewed","Business License Year":"2026","Business License Issued Date":"7/20/2026","Business License Expiration Date":"6/30/2027","Parcel_Matched_Address":"218 MAPMAKER LN","Parcel_PIN":"10115A01019","Parcel_Match_Method":"Exact normalized","misc0":"","misc1":"","misc2":"","misc3":"","misc4":"","misc5":"","misc6":"","misc7":"","longitude":-81.00509389887596,"latitude":32.039753492892956,"licenseNumber":"STR-025960-2025","matchedAddress":"218 MAPMAKER LN"}},{"type":"Feature","geometry":{"type":"Point","coordinates":[-81.00391008490165,32.04066298588542]},"properties":{"Business License Number":"STR-026318-2026","Business Name":"CORTNEY ELWOOD","DBA":"145 ROPEMAKER LANE","Business Status":"Active","Business License Type":"Short Term Rental","Business License Classification":"STR - Short Term Rental","Business License Status":"Renewed","Business License Year":"2027","Business License Issued Date":"7/22/2026","Business License Expiration Date":"6/30/2027","Parcel_Matched_Address":"145 ROPEMAKER LN","Parcel_PIN":"10115A01029","Parcel_Match_Method":"Exact normalized","misc0":"","misc1":"","misc2":"","misc3":"","misc4":"","misc5":"","misc6":"","misc7":"","longitude":-81.00391008490165,"latitude":32.04066298588542,"licenseNumber":"STR-026318-2026","matchedAddress":"145 ROPEMAKER LN"}},{"type":"Feature","geometry":{"type":"Point","coordinates":[-81.00305199208071,32.03990475975111]},"properties":{"Business License Number":"STR-025705-2025","Business Name":"SANA  DALA, LLC","DBA":"7 ROPEMAKER COURT","Business Status":"Active","Business License Type":"Short Term Rental","Business License Classification":"STR - Short Term Rental","Business License Status":"Renewed","Business License Year":"2026","Business License Issued Date":"7/21/2026","Business License Expiration Date":"6/30/2027","Parcel_Matched_Address":"7 ROPEMAKER CT","Parcel_PIN":"10115A01055","Parcel_Match_Method":"Exact normalized","misc0":"","misc1":"","misc2":"","misc3":"","misc4":"","misc5":"","misc6":"","misc7":"","longitude":-81.00305199208071,"latitude":32.03990475975111,"licenseNumber":"STR-025705-2025","matchedAddress":"7 ROPEMAKER CT"}},{"type":"Feature","geometry":{"type":"Point","coordinates":[-81.00248445378111,32.038402947207665]},"properties":{"Business License Number":"STR-025860-2025","Business Name":"TIMOTHY & AMY FLYNN ","DBA":"109 MAPMAKER COVE","Business Status":"Active","Business License Type":"Short Term Rental","Business License Classification":"STR - Short Term Rental","Business License Status":"Renewed","Business License Year":"2026","Business License Issued Date":"8/5/2026","Business License Expiration Date":"6/30/2027","Parcel_Matched_Address":"109 MAPMAKER CV","Parcel_PIN":"10115A02005","Parcel_Match_Method":"No unique match","misc0":"","misc1":"","misc2":"","misc3":"","misc4":"","misc5":"","misc6":"","misc7":"","longitude":-81.00248445378111,"latitude":32.038402947207665,"licenseNumber":"STR-025860-2025","matchedAddress":"109 MAPMAKER CV"}},{"type":"Feature","geometry":{"type":"Point","coordinates":[-81.001928501343,32.037735472351216]},"properties":{"Business License Number":"STR-025684-2025","Business Name":"MELISSA MCCANDLESS","DBA":"4 BLOCKADE COURT","Business Status":"Active","Business License Type":"Short Term Rental","Business License Classification":"STR - Short Term Rental","Business License Status":"Renewed","Business License Year":"2026","Business License Issued Date":"6/22/2026","Business License Expiration Date":"6/30/2027","Parcel_Matched_Address":"4 N BLOCKADE CT","Parcel_PIN":"10115A02040","Parcel_Match_Method":"No unique match","misc0":"","misc1":"","misc2":"","misc3":"","misc4":"","misc5":"","misc6":"","misc7":"","longitude":-81.001928501343,"latitude":32.037735472351216,"licenseNumber":"STR-025684-2025","matchedAddress":"4 N BLOCKADE CT"}},{"type":"Feature","geometry":{"type":"Point","coordinates":[-81.00274388392953,32.03756287881507]},"properties":{"Business License Number":"STR-025619-2025","Business Name":"PATRICIA CYR RENTAL","DBA":"101 BLOCKADE CT","Business Status":"Active","Business License Type":"Short Term Rental","Business License Classification":"STR - Short Term Rental","Business License Status":"Renewed","Business License Year":"2026","Business License Issued Date":"7/17/2026","Business License Expiration Date":"6/30/2027","Parcel_Matched_Address":"101 BLOCKADE CT","Parcel_PIN":"10115A02047","Parcel_Match_Method":"Exact normalized","misc0":"","misc1":"","misc2":"","misc3":"","misc4":"","misc5":"","misc6":"","misc7":"","longitude":-81.00274388392953,"latitude":32.03756287881507,"licenseNumber":"STR-025619-2025","matchedAddress":"101 BLOCKADE CT"}},{"type":"Feature","geometry":{"type":"Point","coordinates":[-80.99998848817734,32.03850968421141]},"properties":{"Business License Number":"STR-025806-2025","Business Name":"ERICA DEEB & DANIEL CANNON","DBA":"109 STONEBRIDGE DRIVE","Business Status":"Active","Business License Type":"Short Term Rental","Business License Classification":"STR - Short Term Rental","Business License Status":"Renewed","Business License Year":"2026","Business License Issued Date":"7/21/2026","Business License Expiration Date":"6/30/2027","Parcel_Matched_Address":"109 STONEBRIDGE DR","Parcel_PIN":"10115A03006","Parcel_Match_Method":"Exact normalized","misc0":"","misc1":"","misc2":"","misc3":"","misc4":"","misc5":"","misc6":"","misc7":"","longitude":-80.99998848817734,"latitude":32.03850968421141,"licenseNumber":"STR-025806-2025","matchedAddress":"109 STONEBRIDGE DR"}},{"type":"Feature","geometry":{"type":"Point","coordinates":[-81.00044163908638,32.03870658103695]},"properties":{"Business License Number":"STR-025781-2025","Business Name":"OSCAR RAMON TELLEZ & LUCIA BARCENAS","DBA":"106 REDAN DR","Business Status":"Active","Business License Type":"Short Term Rental","Business License Classification":"STR - Short Term Rental","Business License Status":"Renewed","Business License Year":"2026","Business License Issued Date":"7/22/2026","Business License Expiration Date":"6/30/2027","Parcel_Matched_Address":"106 REDAN DR","Parcel_PIN":"10115A03045","Parcel_Match_Method":"Exact normalized","misc0":"","misc1":"","misc2":"","misc3":"","misc4":"","misc5":"","misc6":"","misc7":"","longitude":-81.00044163908638,"latitude":32.03870658103695,"licenseNumber":"STR-025781-2025","matchedAddress":"106 REDAN DR"}},{"type":"Feature","geometry":{"type":"Point","coordinates":[-81.00072142413187,32.03803511140341]},"properties":{"Business License Number":"STR-025873-2025","Business Name":"GEIR KILEN LLC","DBA":"114 REDAN DR ","Business Status":"Active","Business License Type":"Short Term Rental","Business License Classification":"STR - Short Term Rental","Business License Status":"Renewed","Business License Year":"2026","Business License Issued Date":"8/4/2026","Business License Expiration Date":"6/30/2027","Parcel_Matched_Address":"114 REDAN DR","Parcel_PIN":"10115A03049","Parcel_Match_Method":"Exact normalized","misc0":"","misc1":"","misc2":"","misc3":"","misc4":"","misc5":"","misc6":"","misc7":"","longitude":-81.00072142413187,"latitude":32.03803511140341,"licenseNumber":"STR-025873-2025","matchedAddress":"114 REDAN DR"}},{"type":"Feature","geometry":{"type":"Point","coordinates":[-81.00110375352263,32.0369910766716]},"properties":{"Business License Number":"STR-025584-2025","Business Name":"MONA KOUSSA AND ABDEL RASHYDI","DBA":"128 REDAN DRIVE","Business Status":"Active","Business License Type":"Short Term Rental","Business License Classification":"STR - Short Term Rental","Business License Status":"Renewed","Business License Year":"2026","Business License Issued Date":"6/29/2026","Business License Expiration Date":"6/30/2027","Parcel_Matched_Address":"128 REDAN DR","Parcel_PIN":"10115A03056","Parcel_Match_Method":"Exact normalized","misc0":"","misc1":"","misc2":"","misc3":"","misc4":"","misc5":"","misc6":"","misc7":"","longitude":-81.00110375352263,"latitude":32.0369910766716,"licenseNumber":"STR-025584-2025","matchedAddress":"128 REDAN DR"}},{"type":"Feature","geometry":{"type":"Point","coordinates":[-80.99891328528332,32.0378598005752]},"properties":{"Business License Number":"STR-025847-2025","Business Name":"DCR & COMPANY LLC","DBA":"117 STONEBRIDGE DR","Business Status":"Active","Business License Type":"Short Term Rental","Business License Classification":"STR - Short Term Rental","Business License Status":"Renewed","Business License Year":"2026","Business License Issued Date":"","Business License Expiration Date":"6/30/2027","Parcel_Matched_Address":"117 STONEBRIDGE DR","Parcel_PIN":"10115A04003","Parcel_Match_Method":"Exact normalized","misc0":"","misc1":"","misc2":"","misc3":"","misc4":"","misc5":"","misc6":"","misc7":"","longitude":-80.99891328528332,"latitude":32.0378598005752,"licenseNumber":"STR-025847-2025","matchedAddress":"117 STONEBRIDGE DR"}},{"type":"Feature","geometry":{"type":"Point","coordinates":[-80.99901866180981,32.03724959205358]},"properties":{"Business License Number":"STR-026572-2026","Business Name":"YIFTACH GOLAN","DBA":"109 STONEBRIDGE LN","Business Status":"Active","Business License Type":"Short Term Rental","Business License Classification":"STR - Short Term Rental","Business License Status":"Issued","Business License Year":"2026","Business License Issued Date":"8/4/2026","Business License Expiration Date":"6/30/2027","Parcel_Matched_Address":"109 STONEBRIDGE LN","Parcel_PIN":"10115A04015","Parcel_Match_Method":"Exact normalized","misc0":"","misc1":"","misc2":"","misc3":"","misc4":"","misc5":"","misc6":"","misc7":"","longitude":-80.99901866180981,"latitude":32.03724959205358,"licenseNumber":"STR-026572-2026","matchedAddress":"109 STONEBRIDGE LN"}},{"type":"Feature","geometry":{"type":"Point","coordinates":[-80.99882053532116,32.03646549700979]},"properties":{"Business License Number":"STR-025880-2025","Business Name":"ABBIE BROWN","DBA":"202 STONEBRIDGE LANE","Business Status":"Active","Business License Type":"Short Term Rental","Business License Classification":"STR - Short Term Rental","Business License Status":"Renewed","Business License Year":"2026","Business License Issued Date":"7/23/2026","Business License Expiration Date":"6/30/2027","Parcel_Matched_Address":"202 STONEBRIDGE LN","Parcel_PIN":"10115A05009","Parcel_Match_Method":"Exact normalized","misc0":"","misc1":"","misc2":"","misc3":"","misc4":"","misc5":"","misc6":"","misc7":"","longitude":-80.99882053532116,"latitude":32.03646549700979,"licenseNumber":"STR-025880-2025","matchedAddress":"202 STONEBRIDGE LN"}},{"type":"Feature","geometry":{"type":"Point","coordinates":[-81.00574666140623,32.03991036592215]},"properties":{"Business License Number":"STR-025839-2025","Business Name":"VERITY GROUP LEASING LLC","DBA":"301 MAPMAKER LANE","Business Status":"Active","Business License Type":"Short Term Rental","Business License Classification":"STR - Short Term Rental","Business License Status":"Renewed","Business License Year":"2026","Business License Issued Date":"7/21/2026","Business License Expiration Date":"6/30/2027","Parcel_Matched_Address":"301 MAPMAKER LN","Parcel_PIN":"10115A06042","Parcel_Match_Method":"Exact normalized","misc0":"","misc1":"","misc2":"","misc3":"","misc4":"","misc5":"","misc6":"","misc7":"","longitude":-81.00574666140623,"latitude":32.03991036592215,"licenseNumber":"STR-025839-2025","matchedAddress":"301 MAPMAKER LN"}},{"type":"Feature","geometry":{"type":"Point","coordinates":[-81.00581264049882,32.04004801095754]},"properties":{"Business License Number":"STR-026411-2026","Business Name":"MOSSY TIDES RETREAT, LLC.","DBA":"303 MAPMAKER LN.","Business Status":"Active","Business License Type":"Short Term Rental","Business License Classification":"STR - Short Term Rental","Business License Status":"Renewed","Business License Year":"2027","Business License Issued Date":"6/17/2026","Business License Expiration Date":"6/30/2027","Parcel_Matched_Address":"303 MAPMAKER LN","Parcel_PIN":"10115A06043","Parcel_Match_Method":"Exact normalized","misc0":"","misc1":"","misc2":"","misc3":"","misc4":"","misc5":"","misc6":"","misc7":"","longitude":-81.00581264049882,"latitude":32.04004801095754,"licenseNumber":"STR-026411-2026","matchedAddress":"303 MAPMAKER LN"}},{"type":"Feature","geometry":{"type":"Point","coordinates":[-81.00632261662675,32.04046051121824]},"properties":{"Business License Number":"STR-026181-2025","Business Name":"YELLOW DOOR PROPERTIES LLC","DBA":"313 MAPMAKER LANE","Business Status":"Active","Business License Type":"Short Term Rental","Business License Classification":"STR - Short Term Rental","Business License Status":"Renewed","Business License Year":"2026","Business License Issued Date":"7/17/2026","Business License Expiration Date":"6/30/2027","Parcel_Matched_Address":"313 MAPMAKER LN","Parcel_PIN":"10115A06047","Parcel_Match_Method":"Exact normalized","misc0":"","misc1":"","misc2":"","misc3":"","misc4":"","misc5":"","misc6":"","misc7":"","longitude":-81.00632261662675,"latitude":32.04046051121824,"licenseNumber":"STR-026181-2025","matchedAddress":"313 MAPMAKER LN"}},{"type":"Feature","geometry":{"type":"Point","coordinates":[-81.00589509687673,32.04082752897443]},"properties":{"Business License Number":"STR-025763-2025","Business Name":"SHEILA NAYDECK","DBA":"312 MAPMAKER LN","Business Status":"Active","Business License Type":"Short Term Rental","Business License Classification":"STR - Short Term Rental","Business License Status":"Renewed","Business License Year":"2026","Business License Issued Date":"7/21/2026","Business License Expiration Date":"6/30/2027","Parcel_Matched_Address":"312 MAPMAKER LN","Parcel_PIN":"10115A07004","Parcel_Match_Method":"Exact normalized","misc0":"","misc1":"","misc2":"","misc3":"","misc4":"","misc5":"","misc6":"","misc7":"","longitude":-81.00589509687673,"latitude":32.04082752897443,"licenseNumber":"STR-025763-2025","matchedAddress":"312 MAPMAKER LN"}},{"type":"Feature","geometry":{"type":"Point","coordinates":[-81.00361763211623,32.041200708514815]},"properties":{"Business License Number":"STR-026540-2026","Business Name":"MORGAN ESTATES LLC","DBA":"140 ROPEMAKER LANE","Business Status":"Active","Business License Type":"Short Term Rental","Business License Classification":"STR - Short Term Rental","Business License Status":"Issued","Business License Year":"2026","Business License Issued Date":"8/3/2026","Business License Expiration Date":"6/30/2027","Parcel_Matched_Address":"140 ROPEMAKER LN","Parcel_PIN":"10115A07019","Parcel_Match_Method":"Exact normalized","misc0":"","misc1":"","misc2":"","misc3":"","misc4":"","misc5":"","misc6":"","misc7":"","longitude":-81.00361763211623,"latitude":32.041200708514815,"licenseNumber":"STR-026540-2026","matchedAddress":"140 ROPEMAKER LN"}},{"type":"Feature","geometry":{"type":"Point","coordinates":[-81.00211258165741,32.041206061563656]},"properties":{"Business License Number":"STR-024943","Business Name":"FLEETWOOD PROPERTIES 1 LLC","DBA":"122 ROPEMAKER LANE","Business Status":"Active","Business License Type":"Short Term Rental","Business License Classification":"STR - Short Term Rental","Business License Status":"Renewed","Business License Year":"2026","Business License Issued Date":"7/23/2026","Business License Expiration Date":"6/30/2027","Parcel_Matched_Address":"122 ROPEMAKER LN","Parcel_PIN":"10115A07028","Parcel_Match_Method":"Exact normalized","misc0":"","misc1":"","misc2":"","misc3":"","misc4":"","misc5":"","misc6":"","misc7":"","longitude":-81.00211258165741,"latitude":32.041206061563656,"licenseNumber":"STR-024943","matchedAddress":"122 ROPEMAKER LN"}},{"type":"Feature","geometry":{"type":"Point","coordinates":[-80.99963709211235,32.039703417607605]},"properties":{"Business License Number":"STR-025739-2025","Business Name":"SAVANNAH ISLAND COTTAGE LLC ","DBA":"36 MAPMAKER LANE","Business Status":"Active","Business License Type":"Short Term Rental","Business License Classification":"STR - Short Term Rental","Business License Status":"Renewed","Business License Year":"2026","Business License Issued Date":"7/22/2026","Business License Expiration Date":"6/30/2027","Parcel_Matched_Address":"36 MAPMAKER LN","Parcel_PIN":"10115A07060","Parcel_Match_Method":"Exact normalized","misc0":"","misc1":"","misc2":"","misc3":"","misc4":"","misc5":"","misc6":"","misc7":"","longitude":-80.99963709211235,"latitude":32.039703417607605,"licenseNumber":"STR-025739-2025","matchedAddress":"36 MAPMAKER LN"}},{"type":"Feature","geometry":{"type":"Point","coordinates":[-81.0014546983794,32.04041608571261]},"properties":{"Business License Number":"STR-024949","Business Name":"FLEETWOOD PROPERTIES 1 LLC","DBA":"137 CROSSOVER LANE","Business Status":"Active","Business License Type":"Short Term Rental","Business License Classification":"STR - Short Term Rental","Business License Status":"Renewed","Business License Year":"2026","Business License Issued Date":"7/23/2026","Business License Expiration Date":"6/30/2027","Parcel_Matched_Address":"137 CROSSOVER LN","Parcel_PIN":"10115A07064","Parcel_Match_Method":"Exact normalized","misc0":"","misc1":"","misc2":"","misc3":"","misc4":"","misc5":"","misc6":"","misc7":"","longitude":-81.0014546983794,"latitude":32.04041608571261,"licenseNumber":"STR-024949","matchedAddress":"137 CROSSOVER LN"}},{"type":"Feature","geometry":{"type":"Point","coordinates":[-81.00094827588097,32.040661113560034]},"properties":{"Business License Number":"STR-025838-2025","Business Name":"VERITY GROUP LEASING LLC","DBA":"140 CROSSOVER LN","Business Status":"Active","Business License Type":"Short Term Rental","Business License Classification":"STR - Short Term Rental","Business License Status":"Renewed","Business License Year":"2026","Business License Issued Date":"7/14/2026","Business License Expiration Date":"6/30/2027","Parcel_Matched_Address":"140 CROSSOVER LN","Parcel_PIN":"10115A07067","Parcel_Match_Method":"Exact normalized","misc0":"","misc1":"","misc2":"","misc3":"","misc4":"","misc5":"","misc6":"","misc7":"","longitude":-81.00094827588097,"latitude":32.040661113560034,"licenseNumber":"STR-025838-2025","matchedAddress":"140 CROSSOVER LN"}},{"type":"Feature","geometry":{"type":"Point","coordinates":[-81.00094501967547,32.040290507027336]},"properties":{"Business License Number":"STR-026495-2026","Business Name":"OG DREAM GETAWAYS, LLC","DBA":"136 CROSSOVER LANE","Business Status":"Active","Business License Type":"Short Term Rental","Business License Classification":"STR - Short Term Rental","Business License Status":"Renewed","Business License Year":"2026","Business License Issued Date":"6/23/2026","Business License Expiration Date":"6/30/2027","Parcel_Matched_Address":"136 CROSSOVER LN","Parcel_PIN":"10115A07069","Parcel_Match_Method":"Exact normalized","misc0":"","misc1":"","misc2":"","misc3":"","misc4":"","misc5":"","misc6":"","misc7":"","longitude":-81.00094501967547,"latitude":32.040290507027336,"licenseNumber":"STR-026495-2026","matchedAddress":"136 CROSSOVER LN"}},{"type":"Feature","geometry":{"type":"Point","coordinates":[-81.00047806323614,32.04058866122735]},"properties":{"Business License Number":"STR-025576-2025","Business Name":"THU DUNG DANG","DBA":"105 BINNACLE COURT","Business Status":"Active","Business License Type":"Short Term Rental","Business License Classification":"STR - Short Term Rental","Business License Status":"Renewed","Business License Year":"2026","Business License Issued Date":"7/21/2026","Business License Expiration Date":"6/30/2027","Parcel_Matched_Address":"105 BINNACLE CT","Parcel_PIN":"10115A07075","Parcel_Match_Method":"Exact normalized","misc0":"","misc1":"","misc2":"","misc3":"","misc4":"","misc5":"","misc6":"","misc7":"","longitude":-81.00047806323614,"latitude":32.04058866122735,"licenseNumber":"STR-025576-2025","matchedAddress":"105 BINNACLE CT"}},{"type":"Feature","geometry":{"type":"Point","coordinates":[-81.00006331963361,32.04103341567842]},"properties":{"Business License Number":"STR-026550-2026","Business Name":"JULIA M SPENCER","DBA":"110 BINNACLE CT","Business Status":"Active","Business License Type":"Short Term Rental","Business License Classification":"STR - Short Term Rental","Business License Status":"Issued","Business License Year":"2026","Business License Issued Date":"7/21/2026","Business License Expiration Date":"6/30/2027","Parcel_Matched_Address":"110 BINNACLE CT","Parcel_PIN":"10115A07080","Parcel_Match_Method":"Exact normalized","misc0":"","misc1":"","misc2":"","misc3":"","misc4":"","misc5":"","misc6":"","misc7":"","longitude":-81.00006331963361,"latitude":32.04103341567842,"licenseNumber":"STR-026550-2026","matchedAddress":"110 BINNACLE CT"}},{"type":"Feature","geometry":{"type":"Point","coordinates":[-81.00006331963361,32.04103341567842]},"properties":{"Business License Number":"STR-026551-2026","Business Name":"JULIA M SPENCER","DBA":"110 BINNACLE CT","Business Status":"Active","Business License Type":"Short Term Rental","Business License Classification":"STR - Short Term Rental","Business License Status":"Issued","Business License Year":"2026","Business License Issued Date":"7/21/2026","Business License Expiration Date":"6/30/2027","Parcel_Matched_Address":"110 BINNACLE CT","Parcel_PIN":"10115A07080","Parcel_Match_Method":"Exact normalized","misc0":"","misc1":"","misc2":"","misc3":"","misc4":"","misc5":"","misc6":"","misc7":"","longitude":-81.00006331963361,"latitude":32.04103341567842,"licenseNumber":"STR-026551-2026","matchedAddress":"110 BINNACLE CT"}},{"type":"Feature","geometry":{"type":"Point","coordinates":[-80.99974669550225,32.04043657024337]},"properties":{"Business License Number":"STR-025646-2025","Business Name":"MEMORYSMITH PROPERTIES, LLC","DBA":"110 CROSSOVER LANE","Business Status":"Active","Business License Type":"Short Term Rental","Business License Classification":"STR - Short Term Rental","Business License Status":"Renewed","Business License Year":"2026","Business License Issued Date":"","Business License Expiration Date":"6/30/2027","Parcel_Matched_Address":"110 CROSSOVER LN","Parcel_PIN":"10115A07085","Parcel_Match_Method":"Exact normalized","misc0":"","misc1":"","misc2":"","misc3":"","misc4":"","misc5":"","misc6":"","misc7":"","longitude":-80.99974669550225,"latitude":32.04043657024337,"licenseNumber":"STR-025646-2025","matchedAddress":"110 CROSSOVER LN"}},{"type":"Feature","geometry":{"type":"Point","coordinates":[-80.99990812858971,32.04143046840061]},"properties":{"Business License Number":"STR-025573-2025","Business Name":"THU DUNG DANG","DBA":"118 BINNACLE CT ","Business Status":"Active","Business License Type":"Short Term Rental","Business License Classification":"STR - Short Term Rental","Business License Status":"Renewed","Business License Year":"2026","Business License Issued Date":"7/21/2026","Business License Expiration Date":"6/30/2027","Parcel_Matched_Address":"118 BINNACLE CT","Parcel_PIN":"10115A07129","Parcel_Match_Method":"Exact normalized","misc0":"","misc1":"","misc2":"","misc3":"","misc4":"","misc5":"","misc6":"","misc7":"","longitude":-80.99990812858971,"latitude":32.04143046840061,"licenseNumber":"STR-025573-2025","matchedAddress":"118 BINNACLE CT"}},{"type":"Feature","geometry":{"type":"Point","coordinates":[-80.99914455005252,32.0413589592457]},"properties":{"Business License Number":"STR-025719-2025","Business Name":"MASON HOYT","DBA":"113 DRY DOCK CT","Business Status":"Active","Business License Type":"Short Term Rental","Business License Classification":"STR - Short Term Rental","Business License Status":"Renewed","Business License Year":"2026","Business License Issued Date":"7/21/2026","Business License Expiration Date":"6/30/2027","Parcel_Matched_Address":"113 DRY DOCK CT","Parcel_PIN":"10115A07132","Parcel_Match_Method":"Exact normalized","misc0":"","misc1":"","misc2":"","misc3":"","misc4":"","misc5":"","misc6":"","misc7":"","longitude":-80.99914455005252,"latitude":32.0413589592457,"licenseNumber":"STR-025719-2025","matchedAddress":"113 DRY DOCK CT"}},{"type":"Feature","geometry":{"type":"Point","coordinates":[-80.99909227148339,32.03873744496362]},"properties":{"Business License Number":"STR-025620-2025","Business Name":"LAC VAN NGUYEN","DBA":"27 MAPMAKER LN","Business Status":"Active","Business License Type":"Short Term Rental","Business License Classification":"STR - Short Term Rental","Business License Status":"Renewed","Business License Year":"2026","Business License Issued Date":"6/24/2026","Business License Expiration Date":"6/30/2027","Parcel_Matched_Address":"27 MAPMAKER LN","Parcel_PIN":"10115A08005","Parcel_Match_Method":"Exact normalized","misc0":"","misc1":"","misc2":"","misc3":"","misc4":"","misc5":"","misc6":"","misc7":"","longitude":-80.99909227148339,"latitude":32.03873744496362,"licenseNumber":"STR-025620-2025","matchedAddress":"27 MAPMAKER LN"}},{"type":"Feature","geometry":{"type":"Point","coordinates":[-81.00809093253872,32.04084049446121]},"properties":{"Business License Number":"STR-025751-2025","Business Name":"ELEVATED GETAWAYS, LLC","DBA":"406 MAPMAKER LANE ","Business Status":"Active","Business License Type":"Short Term Rental","Business License Classification":"STR - Short Term Rental","Business License Status":"Renewed","Business License Year":"2026","Business License Issued Date":"7/13/2026","Business License Expiration Date":"6/30/2027","Parcel_Matched_Address":"406 MAPMAKER LN","Parcel_PIN":"10115B01009","Parcel_Match_Method":"Exact normalized","misc0":"","misc1":"","misc2":"","misc3":"","misc4":"","misc5":"","misc6":"","misc7":"","longitude":-81.00809093253872,"latitude":32.04084049446121,"licenseNumber":"STR-025751-2025","matchedAddress":"406 MAPMAKER LN"}},{"type":"Feature","geometry":{"type":"Point","coordinates":[-81.00660311985312,32.04093160145046]},"properties":{"Business License Number":"STR-026539-2026","Business Name":"MORGAN ESTATES LLC","DBA":"320 MAPMAKER LANE","Business Status":"Active","Business License Type":"Short Term Rental","Business License Classification":"STR - Short Term Rental","Business License Status":"Issued","Business License Year":"2026","Business License Issued Date":"7/22/2026","Business License Expiration Date":"6/30/2027","Parcel_Matched_Address":"320 MAPMAKER LN","Parcel_PIN":"10115B01018","Parcel_Match_Method":"Exact normalized","misc0":"","misc1":"","misc2":"","misc3":"","misc4":"","misc5":"","misc6":"","misc7":"","longitude":-81.00660311985312,"latitude":32.04093160145046,"licenseNumber":"STR-026539-2026","matchedAddress":"320 MAPMAKER LN"}},{"type":"Feature","geometry":{"type":"Point","coordinates":[-81.00835288757439,32.04036644010542]},"properties":{"Business License Number":"STR-025073","Business Name":"JULIA M SPENCER","DBA":"411 MAPMAKER LANE","Business Status":"Active","Business License Type":"Short Term Rental","Business License Classification":"STR - Short Term Rental","Business License Status":"Renewed","Business License Year":"2026","Business License Issued Date":"7/23/2026","Business License Expiration Date":"6/30/2027","Parcel_Matched_Address":"411 MAPMAKER LN","Parcel_PIN":"10115B02004","Parcel_Match_Method":"Exact normalized","misc0":"","misc1":"","misc2":"","misc3":"","misc4":"","misc5":"","misc6":"","misc7":"","longitude":-81.00835288757439,"latitude":32.04036644010542,"licenseNumber":"STR-025073","matchedAddress":"411 MAPMAKER LN"}},{"type":"Feature","geometry":{"type":"Point","coordinates":[-81.0076389837681,32.040003610402486]},"properties":{"Business License Number":"STR-025706-2025","Business Name":"107 TURNBUCKLE CT LLC","DBA":"107 TURNBUCKLE CT","Business Status":"Active","Business License Type":"Short Term Rental","Business License Classification":"STR - Short Term Rental","Business License Status":"Renewed","Business License Year":"2026","Business License Issued Date":"7/23/2026","Business License Expiration Date":"6/30/2027","Parcel_Matched_Address":"107 TURNBUCKLE CT","Parcel_PIN":"10115B02010","Parcel_Match_Method":"Exact normalized","misc0":"","misc1":"","misc2":"","misc3":"","misc4":"","misc5":"","misc6":"","misc7":"","longitude":-81.0076389837681,"latitude":32.040003610402486,"licenseNumber":"STR-025706-2025","matchedAddress":"107 TURNBUCKLE CT"}},{"type":"Feature","geometry":{"type":"Point","coordinates":[-81.00690234892444,32.03965217567004]},"properties":{"Business License Number":"STR-025662-2025","Business Name":"CMD WHITEMARSH LLC","DBA":"117 TURNBUCKLE CT","Business Status":"Active","Business License Type":"Short Term Rental","Business License Classification":"STR - Short Term Rental","Business License Status":"Renewed","Business License Year":"2026","Business License Issued Date":"6/23/2026","Business License Expiration Date":"6/30/2027","Parcel_Matched_Address":"117 TURNBUCKLE CT","Parcel_PIN":"10115B02015","Parcel_Match_Method":"Exact normalized","misc0":"","misc1":"","misc2":"","misc3":"","misc4":"","misc5":"","misc6":"","misc7":"","longitude":-81.00690234892444,"latitude":32.03965217567004,"licenseNumber":"STR-025662-2025","matchedAddress":"117 TURNBUCKLE CT"}},{"type":"Feature","geometry":{"type":"Point","coordinates":[-80.99625612628388,32.0361911569035]},"properties":{"Business License Number":"STR-024858","Business Name":"YANJO INC","DBA":"223 STONEBRIDGE DR","Business Status":"Active","Business License Type":"Short Term Rental","Business License Classification":"STR - Short Term Rental","Business License Status":"Renewed","Business License Year":"2026","Business License Issued Date":"7/21/2026","Business License Expiration Date":"6/30/2027","Parcel_Matched_Address":"223 STONEBRIDGE DR","Parcel_PIN":"10115D03002","Parcel_Match_Method":"Exact normalized","misc0":"","misc1":"","misc2":"","misc3":"","misc4":"","misc5":"","misc6":"","misc7":"","longitude":-80.99625612628388,"latitude":32.0361911569035,"licenseNumber":"STR-024858","matchedAddress":"223 STONEBRIDGE DR"}},{"type":"Feature","geometry":{"type":"Point","coordinates":[-80.9988164315012,32.04568902564833]},"properties":{"Business License Number":"STR-026480-2026","Business Name":"PFD HONDA, LLC.","DBA":"29 PENROSE DR.","Business Status":"Active","Business License Type":"Short Term Rental","Business License Classification":"STR - Short Term Rental","Business License Status":"Renewed","Business License Year":"2027","Business License Issued Date":"7/20/2026","Business License Expiration Date":"6/30/2027","Parcel_Matched_Address":"29 PENROSE DR","Parcel_PIN":"10117 01012","Parcel_Match_Method":"Exact normalized","misc0":"","misc1":"","misc2":"","misc3":"","misc4":"","misc5":"","misc6":"","misc7":"","longitude":-80.9988164315012,"latitude":32.04568902564833,"licenseNumber":"STR-026480-2026","matchedAddress":"29 PENROSE DR"}},{"type":"Feature","geometry":{"type":"Point","coordinates":[-80.99869285225688,32.04542585917519]},"properties":{"Business License Number":"STR-026473-2026","Business Name":"PFD HONDA, LLC.","DBA":"33 PENROSE DR.","Business Status":"Active","Business License Type":"Short Term Rental","Business License Classification":"STR - Short Term Rental","Business License Status":"Renewed","Business License Year":"2027","Business License Issued Date":"7/20/2026","Business License Expiration Date":"6/30/2027","Parcel_Matched_Address":"33 PENROSE DR","Parcel_PIN":"10117 01013","Parcel_Match_Method":"Exact normalized","misc0":"","misc1":"","misc2":"","misc3":"","misc4":"","misc5":"","misc6":"","misc7":"","longitude":-80.99869285225688,"latitude":32.04542585917519,"licenseNumber":"STR-026473-2026","matchedAddress":"33 PENROSE DR"}},{"type":"Feature","geometry":{"type":"Point","coordinates":[-80.99805728512,32.04532531718066]},"properties":{"Business License Number":"STR-025747-2025","Business Name":"WILLIAM M. SIMON","DBA":"41 PENROSE DRIVE","Business Status":"Active","Business License Type":"Short Term Rental","Business License Classification":"STR - Short Term Rental","Business License Status":"Renewed","Business License Year":"2026","Business License Issued Date":"7/23/2026","Business License Expiration Date":"6/30/2027","Parcel_Matched_Address":"41 PENROSE DR","Parcel_PIN":"10117 01015","Parcel_Match_Method":"Exact normalized","misc0":"","misc1":"","misc2":"","misc3":"","misc4":"","misc5":"","misc6":"","misc7":"","longitude":-80.99805728512,"latitude":32.04532531718066,"licenseNumber":"STR-025747-2025","matchedAddress":"41 PENROSE DR"}},{"type":"Feature","geometry":{"type":"Point","coordinates":[-81.01321872446111,32.053840373203265]},"properties":{"Business License Number":"STR-025686-2025","Business Name":"OATLAND ISLAND COASTAL COTTAGE 2","DBA":"112 OATLAND RD UNIT C","Business Status":"Active","Business License Type":"Short Term Rental","Business License Classification":"STR - Short Term Rental","Business License Status":"Renewed","Business License Year":"2026","Business License Issued Date":"7/23/2026","Business License Expiration Date":"6/30/2027","Parcel_Matched_Address":"112 OATLAND ISLAND RD #C","Parcel_PIN":"10124 01004","Parcel_Match_Method":"No unique match","misc0":"","misc1":"","misc2":"","misc3":"","misc4":"","misc5":"","misc6":"","misc7":"","longitude":-81.01321872446111,"latitude":32.053840373203265,"licenseNumber":"STR-025686-2025","matchedAddress":"112 OATLAND ISLAND RD #C"}},{"type":"Feature","geometry":{"type":"Point","coordinates":[-81.01410029578015,32.05321265757218]},"properties":{"Business License Number":"STR-025687-2025","Business Name":"OATLAND ISLAND COTTAGE 1","DBA":"112 OATLAND ISLAND RD UNIT A ","Business Status":"Active","Business License Type":"Short Term Rental","Business License Classification":"STR - Short Term Rental","Business License Status":"Renewed","Business License Year":"2026","Business License Issued Date":"7/23/2026","Business License Expiration Date":"6/30/2027","Parcel_Matched_Address":"112 OATLAND ISLAND RD #A","Parcel_PIN":"10124 01005","Parcel_Match_Method":"No unique match","misc0":"","misc1":"","misc2":"","misc3":"","misc4":"","misc5":"","misc6":"","misc7":"","longitude":-81.01410029578015,"latitude":32.05321265757218,"licenseNumber":"STR-025687-2025","matchedAddress":"112 OATLAND ISLAND RD #A"}},{"type":"Feature","geometry":{"type":"Point","coordinates":[-81.01795332427349,32.05250517924184]},"properties":{"Business License Number":"STR-025198-2025","Business Name":"LINDSAY WALLER","DBA":"500 SANDTOWN RD","Business Status":"Active","Business License Type":"Short Term Rental","Business License Classification":"STR - Short Term Rental","Business License Status":"Renewed","Business License Year":"2027","Business License Issued Date":"8/3/2026","Business License Expiration Date":"6/30/2027","Parcel_Matched_Address":"500 SANDTOWN RD","Parcel_PIN":"10125 02005","Parcel_Match_Method":"Exact normalized","misc0":"","misc1":"","misc2":"","misc3":"","misc4":"","misc5":"","misc6":"","misc7":"","longitude":-81.01795332427349,"latitude":32.05250517924184,"licenseNumber":"STR-025198-2025","matchedAddress":"500 SANDTOWN RD"}},{"type":"Feature","geometry":{"type":"Point","coordinates":[-81.01781116407702,32.05234878303429]},"properties":{"Business License Number":"STR-026132-2025","Business Name":"502 SANDTOWN RD LLC  (MATTHEW LEWIS HERRINGTON)","DBA":"502 SANDTOWN ROAD","Business Status":"Active","Business License Type":"Short Term Rental","Business License Classification":"STR - Short Term Rental","Business License Status":"Renewed","Business License Year":"2026","Business License Issued Date":"7/23/2026","Business License Expiration Date":"6/30/2027","Parcel_Matched_Address":"502 SANDTOWN RD","Parcel_PIN":"10125 02006","Parcel_Match_Method":"Exact normalized","misc0":"","misc1":"","misc2":"","misc3":"","misc4":"","misc5":"","misc6":"","misc7":"","longitude":-81.01781116407702,"latitude":32.05234878303429,"licenseNumber":"STR-026132-2025","matchedAddress":"502 SANDTOWN RD"}},{"type":"Feature","geometry":{"type":"Point","coordinates":[-81.0160404259429,32.052519475547335]},"properties":{"Business License Number":"STR-026377-2026","Business Name":"BGS PROPERTIES CA LLC  (EVAN WAGLEY)","DBA":"308 SANDY SPRINGS RD","Business Status":"Active","Business License Type":"Short Term Rental","Business License Classification":"STR - Short Term Rental","Business License Status":"Renewed","Business License Year":"2027","Business License Issued Date":"8/5/2026","Business License Expiration Date":"6/30/2027","Parcel_Matched_Address":"308 SANDY SPRINGS RD","Parcel_PIN":"10125 05009","Parcel_Match_Method":"Exact normalized","misc0":"","misc1":"","misc2":"","misc3":"","misc4":"","misc5":"","misc6":"","misc7":"","longitude":-81.0160404259429,"latitude":32.052519475547335,"licenseNumber":"STR-026377-2026","matchedAddress":"308 SANDY SPRINGS RD"}},{"type":"Feature","geometry":{"type":"Point","coordinates":[-81.01528849466416,32.05304064199994]},"properties":{"Business License Number":"STR-025733-2025","Business Name":"PURPLE DOOR GETAWAY LLC","DBA":"302 SANDY SPRINGS RD","Business Status":"Active","Business License Type":"Short Term Rental","Business License Classification":"STR - Short Term Rental","Business License Status":"Renewed","Business License Year":"2026","Business License Issued Date":"8/3/2026","Business License Expiration Date":"6/30/2027","Parcel_Matched_Address":"302 SANDY SPRINGS RD","Parcel_PIN":"10125 05012A","Parcel_Match_Method":"Exact normalized","misc0":"","misc1":"","misc2":"","misc3":"","misc4":"","misc5":"","misc6":"","misc7":"","longitude":-81.01528849466416,"latitude":32.05304064199994,"licenseNumber":"STR-025733-2025","matchedAddress":"302 SANDY SPRINGS RD"}},{"type":"Feature","geometry":{"type":"Point","coordinates":[-81.01612996687344,32.05367327113391]},"properties":{"Business License Number":"STR-025717-2025","Business Name":"NANCY TRUONG","DBA":"302 WENDY HILL ROAD","Business Status":"Active","Business License Type":"Short Term Rental","Business License Classification":"STR - Short Term Rental","Business License Status":"Renewed","Business License Year":"2026","Business License Issued Date":"7/21/2026","Business License Expiration Date":"6/30/2027","Parcel_Matched_Address":"302 WENDY HILL RD","Parcel_PIN":"10125 06002","Parcel_Match_Method":"Exact normalized","misc0":"","misc1":"","misc2":"","misc3":"","misc4":"","misc5":"","misc6":"","misc7":"","longitude":-81.01612996687344,"latitude":32.05367327113391,"licenseNumber":"STR-025717-2025","matchedAddress":"302 WENDY HILL RD"}},{"type":"Feature","geometry":{"type":"Point","coordinates":[-81.017828831568,32.05374447152734]},"properties":{"Business License Number":"STR-025429-2025","Business Name":"LUKA HOMES, LLC.","DBA":"514 SANDHILL RD","Business Status":"Active","Business License Type":"Short Term Rental","Business License Classification":"STR - Short Term Rental","Business License Status":"Renewed","Business License Year":"2027","Business License Issued Date":"7/21/2026","Business License Expiration Date":"6/30/2027","Parcel_Matched_Address":"514 SANDHILL RD","Parcel_PIN":"10125 08010","Parcel_Match_Method":"Exact normalized","misc0":"","misc1":"","misc2":"","misc3":"","misc4":"","misc5":"","misc6":"","misc7":"","longitude":-81.017828831568,"latitude":32.05374447152734,"licenseNumber":"STR-025429-2025","matchedAddress":"514 SANDHILL RD"}},{"type":"Feature","geometry":{"type":"Point","coordinates":[-81.01796931698188,32.05542014184673]},"properties":{"Business License Number":"STR-026445-2026","Business Name":"GA STR, LLC.","DBA":"302 BURLINGTON RD.","Business Status":"Active","Business License Type":"Short Term Rental","Business License Classification":"STR - Short Term Rental","Business License Status":"Renewed","Business License Year":"2027","Business License Issued Date":"8/3/2026","Business License Expiration Date":"6/30/2027","Parcel_Matched_Address":"302 BURLINGTON RD","Parcel_PIN":"10125 10001","Parcel_Match_Method":"Exact normalized","misc0":"","misc1":"","misc2":"","misc3":"","misc4":"","misc5":"","misc6":"","misc7":"","longitude":-81.01796931698188,"latitude":32.05542014184673,"licenseNumber":"STR-026445-2026","matchedAddress":"302 BURLINGTON RD"}},{"type":"Feature","geometry":{"type":"Point","coordinates":[-81.0194991088482,32.05554007970206]},"properties":{"Business License Number":"STR-026219-2026","Business Name":"APS COASTAL, LLC.","DBA":"308 HOLLY HILL RD","Business Status":"Active","Business License Type":"Short Term Rental","Business License Classification":"STR - Short Term Rental","Business License Status":"Renewed","Business License Year":"2027","Business License Issued Date":"8/5/2026","Business License Expiration Date":"6/30/2027","Parcel_Matched_Address":"308 HOLLY HILL RD","Parcel_PIN":"10125 11003","Parcel_Match_Method":"Exact normalized","misc0":"","misc1":"","misc2":"","misc3":"","misc4":"","misc5":"","misc6":"","misc7":"","longitude":-81.0194991088482,"latitude":32.05554007970206,"licenseNumber":"STR-026219-2026","matchedAddress":"308 HOLLY HILL RD"}},{"type":"Feature","geometry":{"type":"Point","coordinates":[-81.00865723217872,32.04837461921549]},"properties":{"Business License Number":"STR-024970","Business Name":"3 PENROSE DR W","DBA":"3 PENROSE DR W - MAIN HOUSE","Business Status":"Active","Business License Type":"Short Term Rental","Business License Classification":"STR - Short Term Rental","Business License Status":"Renewed","Business License Year":"2026","Business License Issued Date":"7/21/2026","Business License Expiration Date":"6/30/2027","Parcel_Matched_Address":"3 W PENROSE DR","Parcel_PIN":"10126 01010","Parcel_Match_Method":"No unique match","misc0":"","misc1":"","misc2":"3 PENROSE CV","misc3":"3 PENROSE DR","misc4":"3 W PENROSE DR","misc5":"","misc6":"","misc7":"","longitude":-81.00865723217872,"latitude":32.04837461921549,"licenseNumber":"STR-024970","matchedAddress":"3 W PENROSE DR"}},{"type":"Feature","geometry":{"type":"Point","coordinates":[-81.00865723217872,32.04837461921549]},"properties":{"Business License Number":"STR-024969","Business Name":"3 PENROSE DR W","DBA":"3 PENROSE DR W - COTTAGE","Business Status":"Active","Business License Type":"Short Term Rental","Business License Classification":"STR - Short Term Rental","Business License Status":"Renewed","Business License Year":"2026","Business License Issued Date":"7/21/2026","Business License Expiration Date":"6/30/2027","Parcel_Matched_Address":"3 W PENROSE DR","Parcel_PIN":"10126 01010","Parcel_Match_Method":"No unique match","misc0":"","misc1":"","misc2":"3 PENROSE CV","misc3":"3 PENROSE DR","misc4":"3 W PENROSE DR","misc5":"","misc6":"","misc7":"","longitude":-81.00865723217872,"latitude":32.04837461921549,"licenseNumber":"STR-024969","matchedAddress":"3 W PENROSE DR"}},{"type":"Feature","geometry":{"type":"Point","coordinates":[-81.0047599031316,32.04993788437615]},"properties":{"Business License Number":"STR-025726-2025","Business Name":"BOATHOUSE  SAVANNAH","DBA":"240 OATLAND ISLAND RD","Business Status":"Active","Business License Type":"Short Term Rental","Business License Classification":"STR - Short Term Rental","Business License Status":"Renewed","Business License Year":"2026","Business License Issued Date":"7/14/2026","Business License Expiration Date":"6/30/2027","Parcel_Matched_Address":"240 OATLAND ISLAND RD","Parcel_PIN":"10126 02008","Parcel_Match_Method":"Exact normalized","misc0":"","misc1":"","misc2":"","misc3":"","misc4":"","misc5":"","misc6":"","misc7":"","longitude":-81.0047599031316,"latitude":32.04993788437615,"licenseNumber":"STR-025726-2025","matchedAddress":"240 OATLAND ISLAND RD"}},{"type":"Feature","geometry":{"type":"Point","coordinates":[-81.0131241817388,32.050120984984204]},"properties":{"Business License Number":"STR-026009-2025","Business Name":"CROSBY HOLDINGS, LLC","DBA":"904 REITA STREET","Business Status":"Active","Business License Type":"Short Term Rental","Business License Classification":"STR - Short Term Rental","Business License Status":"Renewed","Business License Year":"2026","Business License Issued Date":"8/3/2026","Business License Expiration Date":"6/30/2027","Parcel_Matched_Address":"904 REITA ST","Parcel_PIN":"10127 01016","Parcel_Match_Method":"Exact normalized","misc0":"","misc1":"","misc2":"","misc3":"","misc4":"","misc5":"","misc6":"","misc7":"","longitude":-81.0131241817388,"latitude":32.050120984984204,"licenseNumber":"STR-026009-2025","matchedAddress":"904 REITA ST"}},{"type":"Feature","geometry":{"type":"Point","coordinates":[-81.0129297434414,32.04799472978506]},"properties":{"Business License Number":"STR-025661-2025","Business Name":"WILLIAM SCHILDKNECHT & KAYLA HALL-FRANK","DBA":"906 REITA STREET","Business Status":"Active","Business License Type":"Short Term Rental","Business License Classification":"STR - Short Term Rental","Business License Status":"Renewed","Business License Year":"2026","Business License Issued Date":"7/21/2026","Business License Expiration Date":"6/30/2027","Parcel_Matched_Address":"906 REITA ST","Parcel_PIN":"10127 01016A","Parcel_Match_Method":"Exact normalized","misc0":"","misc1":"","misc2":"","misc3":"","misc4":"","misc5":"","misc6":"","misc7":"","longitude":-81.0129297434414,"latitude":32.04799472978506,"licenseNumber":"STR-025661-2025","matchedAddress":"906 REITA ST"}},{"type":"Feature","geometry":{"type":"Point","coordinates":[-81.00338460637819,32.04605763490358]},"properties":{"Business License Number":"STR-025877-2025","Business Name":"KAMANN & JAMES RAVAN ","DBA":"350 PENROSE DRIVE W (GUEST COTTAGE)","Business Status":"Active","Business License Type":"Short Term Rental","Business License Classification":"STR - Short Term Rental","Business License Status":"Renewed","Business License Year":"2026","Business License Issued Date":"7/17/2026","Business License Expiration Date":"6/30/2027","Parcel_Matched_Address":"350 W PENROSE DR","Parcel_PIN":"10128 01014","Parcel_Match_Method":"Manually Added","misc0":"","misc1":"","misc2":"","misc3":"","misc4":"","misc5":"","misc6":"","misc7":"","longitude":-81.00338460637819,"latitude":32.04605763490358,"licenseNumber":"STR-025877-2025","matchedAddress":"350 W PENROSE DR"}},{"type":"Feature","geometry":{"type":"Point","coordinates":[-81.0144640872162,32.04589582925409]},"properties":{"Business License Number":"STR-025655-2025","Business Name":"MEIZHU WANG","DBA":"1012 WILMA ST","Business Status":"Active","Business License Type":"Short Term Rental","Business License Classification":"STR - Short Term Rental","Business License Status":"Renewed","Business License Year":"2026","Business License Issued Date":"7/23/2026","Business License Expiration Date":"6/30/2027","Parcel_Matched_Address":"1012 WILMA AVE","Parcel_PIN":"10129 01006","Parcel_Match_Method":"No unique match","misc0":"","misc1":"","misc2":"","misc3":"","misc4":"","misc5":"","misc6":"","misc7":"","longitude":-81.0144640872162,"latitude":32.04589582925409,"licenseNumber":"STR-025655-2025","matchedAddress":"1012 WILMA AVE"}},{"type":"Feature","geometry":{"type":"Point","coordinates":[-81.01017272208762,32.04588480672566]},"properties":{"Business License Number":"STR-024902","Business Name":"MANISHA PRAJAPATI","DBA":"1014 DEBBIE STREET","Business Status":"Active","Business License Type":"Short Term Rental","Business License Classification":"STR - Short Term Rental","Business License Status":"Renewed","Business License Year":"2026","Business License Issued Date":"8/5/2026","Business License Expiration Date":"6/30/2027","Parcel_Matched_Address":"1014 DEBBIE AVE","Parcel_PIN":"10129 06021","Parcel_Match_Method":"Manually Added","misc0":"","misc1":"","misc2":"","misc3":"","misc4":"","misc5":"","misc6":"","misc7":"","longitude":-81.01017272208762,"latitude":32.04588480672566,"licenseNumber":"STR-024902","matchedAddress":"1014 DEBBIE AVE"}},{"type":"Feature","geometry":{"type":"Point","coordinates":[-81.00078813143546,32.026846154926744]},"properties":{"Business License Number":"STR-025768-2025","Business Name":"SAM FINNEY","DBA":"87 JOHNNY MERCER BLVD","Business Status":"Active","Business License Type":"Short Term Rental","Business License Classification":"STR - Short Term Rental","Business License Status":"Renewed","Business License Year":"2026","Business License Issued Date":"7/13/2026","Business License Expiration Date":"6/30/2027","Parcel_Matched_Address":"87 JOHNNY MERCER BLVD","Parcel_PIN":"10130 01009","Parcel_Match_Method":"Exact normalized","misc0":"","misc1":"","misc2":"","misc3":"","misc4":"","misc5":"","misc6":"","misc7":"","longitude":-81.00078813143546,"latitude":32.026846154926744,"licenseNumber":"STR-025768-2025","matchedAddress":"87 JOHNNY MERCER BLVD"}},{"type":"Feature","geometry":{"type":"Point","coordinates":[-81.00309775422602,32.02471614487869]},"properties":{"Business License Number":"STR-026032-2025","Business Name":"PATRICIA MARTIN","DBA":"29 PINEY POINT RD","Business Status":"Active","Business License Type":"Short Term Rental","Business License Classification":"STR - Short Term Rental","Business License Status":"Renewed","Business License Year":"2026","Business License Issued Date":"6/23/2026","Business License Expiration Date":"6/30/2027","Parcel_Matched_Address":"29 PINEY POINT RD","Parcel_PIN":"10130 01026","Parcel_Match_Method":"Exact normalized","misc0":"","misc1":"","misc2":"","misc3":"","misc4":"","misc5":"","misc6":"","misc7":"","longitude":-81.00309775422602,"latitude":32.02471614487869,"licenseNumber":"STR-026032-2025","matchedAddress":"29 PINEY POINT RD"}},{"type":"Feature","geometry":{"type":"Point","coordinates":[-81.01466925164173,32.040519923553]},"properties":{"Business License Number":"STR-025331-2025","Business Name":"NICHOLAS CHARLEAS SPRINGER & ISHELL WINZER VOYT","DBA":"4 CUTTY SARK ROAD","Business Status":"Active","Business License Type":"Short Term Rental","Business License Classification":"STR - Short Term Rental","Business License Status":"Issued","Business License Year":"2027","Business License Issued Date":"7/6/2026","Business License Expiration Date":"6/30/2027","Parcel_Matched_Address":"4 CUTTYSARK RD","Parcel_PIN":"10140 02028","Parcel_Match_Method":"No unique match","misc0":"","misc1":"","misc2":"","misc3":"","misc4":"","misc5":"","misc6":"","misc7":"","longitude":-81.01466925164173,"latitude":32.040519923553,"licenseNumber":"STR-025331-2025","matchedAddress":"4 CUTTYSARK RD"}},{"type":"Feature","geometry":{"type":"Point","coordinates":[-81.03251332838059,31.948171820496192]},"properties":{"Business License Number":"STR-026505-2026","Business Name":"RICK TANIGUCHI","DBA":"3 CLAYTON CT.","Business Status":"Active","Business License Type":"Short Term Rental","Business License Classification":"STR - Short Term Rental","Business License Status":"Issued","Business License Year":"2026","Business License Issued Date":"6/24/2026","Business License Expiration Date":"6/30/2027","Parcel_Matched_Address":"3 CLAYTON CT","Parcel_PIN":"10164A02028","Parcel_Match_Method":"Exact normalized","misc0":"","misc1":"","misc2":"","misc3":"","misc4":"","misc5":"","misc6":"","misc7":"","longitude":-81.03251332838059,"latitude":31.948171820496192,"licenseNumber":"STR-026505-2026","matchedAddress":"3 CLAYTON CT"}},{"type":"Feature","geometry":{"type":"Point","coordinates":[-81.01500526469366,32.04714688234413]},"properties":{"Business License Number":"STR-025626-2025","Business Name":"JAMES ROBERTSON","DBA":"1002 PERRY COVE","Business Status":"Active","Business License Type":"Short Term Rental","Business License Classification":"STR - Short Term Rental","Business License Status":"Renewed","Business License Year":"2026","Business License Issued Date":"8/4/2026","Business License Expiration Date":"6/30/2027","Parcel_Matched_Address":"1002 PERRY CV","Parcel_PIN":"10174 06014","Parcel_Match_Method":"No unique match","misc0":"","misc1":"","misc2":"","misc3":"","misc4":"","misc5":"","misc6":"","misc7":"","longitude":-81.01500526469366,"latitude":32.04714688234413,"licenseNumber":"STR-025626-2025","matchedAddress":"1002 PERRY CV"}},{"type":"Feature","geometry":{"type":"Point","coordinates":[-81.0179514562542,32.058077656818554]},"properties":{"Business License Number":"STR-025599-2025","Business Name":"JUNAHILEY, LLC","DBA":"109 RIVERVIEW DRIVE","Business Status":"Active","Business License Type":"Short Term Rental","Business License Classification":"STR - Short Term Rental","Business License Status":"Renewed","Business License Year":"2026","Business License Issued Date":"7/21/2026","Business License Expiration Date":"6/30/2027","Parcel_Matched_Address":"109 RIVERVIEW RD","Parcel_PIN":"10176 01005","Parcel_Match_Method":"No unique match","misc0":"","misc1":"","misc2":"","misc3":"","misc4":"","misc5":"","misc6":"","misc7":"","longitude":-81.0179514562542,"latitude":32.058077656818554,"licenseNumber":"STR-025599-2025","matchedAddress":"109 RIVERVIEW RD"}},{"type":"Feature","geometry":{"type":"Point","coordinates":[-81.0380018915631,31.956693318924888]},"properties":{"Business License Number":"STR-026504-2026","Business Name":"NORTH42, LLC.","DBA":"1 DEER CREEK DR.","Business Status":"Active","Business License Type":"Short Term Rental","Business License Classification":"STR - Short Term Rental","Business License Status":"Issued","Business License Year":"2026","Business License Issued Date":"6/24/2026","Business License Expiration Date":"6/30/2027","Parcel_Matched_Address":"1 DEER CREEK DR","Parcel_PIN":"10192 03009","Parcel_Match_Method":"Exact normalized","misc0":"","misc1":"","misc2":"","misc3":"","misc4":"","misc5":"","misc6":"","misc7":"","longitude":-81.0380018915631,"latitude":31.956693318924888,"licenseNumber":"STR-026504-2026","matchedAddress":"1 DEER CREEK DR"}},{"type":"Feature","geometry":{"type":"Point","coordinates":[-81.04481213776191,31.911622385784646]},"properties":{"Business License Number":"STR-026503-2026","Business Name":"FRED & ELLA YOUNGBLOOD","DBA":"32 SOUTHERLAND RD.","Business Status":"Active","Business License Type":"Short Term Rental","Business License Classification":"STR - Short Term Rental","Business License Status":"Issued","Business License Year":"2026","Business License Issued Date":"6/24/2026","Business License Expiration Date":"6/30/2027","Parcel_Matched_Address":"32 SOUTHERLAND RD","Parcel_PIN":"10210 03008","Parcel_Match_Method":"Exact normalized","misc0":"","misc1":"","misc2":"","misc3":"","misc4":"","misc5":"","misc6":"","misc7":"","longitude":-81.04481213776191,"latitude":31.911622385784646,"licenseNumber":"STR-026503-2026","matchedAddress":"32 SOUTHERLAND RD"}},{"type":"Feature","geometry":{"type":"Point","coordinates":[-81.04741179589988,31.94925286772328]},"properties":{"Business License Number":"STR-026497-2026","Business Name":"6 MOONBILL, LLC.","DBA":"6 MOONBILL LANE","Business Status":"Active","Business License Type":"Short Term Rental","Business License Classification":"STR - Short Term Rental","Business License Status":"Issued","Business License Year":"2026","Business License Issued Date":"6/24/2026","Business License Expiration Date":"6/30/2027","Parcel_Matched_Address":"6 MOONBILL LN","Parcel_PIN":"10216 04007","Parcel_Match_Method":"Exact normalized","misc0":"","misc1":"","misc2":"","misc3":"","misc4":"","misc5":"","misc6":"","misc7":"","longitude":-81.04741179589988,"latitude":31.94925286772328,"licenseNumber":"STR-026497-2026","matchedAddress":"6 MOONBILL LN"}},{"type":"Feature","geometry":{"type":"Point","coordinates":[-81.0414078954565,32.062979230401346]},"properties":{"Business License Number":"STR-025308-2025","Business Name":"RLB PROPERTY GROUP LLC","DBA":"107 BACK SHELL RD","Business Status":"Active","Business License Type":"Short Term Rental","Business License Classification":"STR - Short Term Rental","Business License Status":"Renewed","Business License Year":"2027","Business License Issued Date":"7/21/2026","Business License Expiration Date":"6/30/2027","Parcel_Matched_Address":"107 BACK SHELL RD","Parcel_PIN":"10235 01004","Parcel_Match_Method":"Exact normalized","misc0":"","misc1":"","misc2":"","misc3":"","misc4":"","misc5":"","misc6":"","misc7":"","longitude":-81.0414078954565,"latitude":32.062979230401346,"licenseNumber":"STR-025308-2025","matchedAddress":"107 BACK SHELL RD"}},{"type":"Feature","geometry":{"type":"Point","coordinates":[-81.04111033931265,32.062455393343825]},"properties":{"Business License Number":"STR-025111","Business Name":"17 THIRTY-TWO, LLC.","DBA":"2 DELFORD CT.","Business Status":"Applied","Business License Type":"Short Term Rental","Business License Classification":"STR - Short Term Rental","Business License Status":"Renewed","Business License Year":"2026","Business License Issued Date":"8/4/2026","Business License Expiration Date":"6/30/2027","Parcel_Matched_Address":"2 DELFORD CT","Parcel_PIN":"10235 01019","Parcel_Match_Method":"Exact normalized","misc0":"","misc1":"","misc2":"","misc3":"","misc4":"","misc5":"","misc6":"","misc7":"","longitude":-81.04111033931265,"latitude":32.062455393343825,"licenseNumber":"STR-025111","matchedAddress":"2 DELFORD CT"}},{"type":"Feature","geometry":{"type":"Point","coordinates":[-81.04174074345025,32.063536258906844]},"properties":{"Business License Number":"STR-025843-2025","Business Name":"PATRICK FORELLI","DBA":"108 BACKSHELL RD","Business Status":"Active","Business License Type":"Short Term Rental","Business License Classification":"STR - Short Term Rental","Business License Status":"Renewed","Business License Year":"2026","Business License Issued Date":"7/21/2026","Business License Expiration Date":"6/30/2027","Parcel_Matched_Address":"108 BACK SHELL RD","Parcel_PIN":"10235 02007","Parcel_Match_Method":"No unique match","misc0":"","misc1":"","misc2":"","misc3":"","misc4":"","misc5":"","misc6":"","misc7":"","longitude":-81.04174074345025,"latitude":32.063536258906844,"licenseNumber":"STR-025843-2025","matchedAddress":"108 BACK SHELL RD"}},{"type":"Feature","geometry":{"type":"Point","coordinates":[-81.0433935664009,32.06094283189972]},"properties":{"Business License Number":"STR-025440-2025","Business Name":"PEYTON HARM","DBA":"134 BACKSHELL RD","Business Status":"Active","Business License Type":"Short Term Rental","Business License Classification":"STR - Short Term Rental","Business License Status":"Renewed","Business License Year":"2027","Business License Issued Date":"7/21/2026","Business License Expiration Date":"6/30/2027","Parcel_Matched_Address":"134 BACK SHELL RD","Parcel_PIN":"10235 02020","Parcel_Match_Method":"No unique match","misc0":"","misc1":"","misc2":"","misc3":"","misc4":"","misc5":"","misc6":"","misc7":"","longitude":-81.0433935664009,"latitude":32.06094283189972,"licenseNumber":"STR-025440-2025","matchedAddress":"134 BACK SHELL RD"}},{"type":"Feature","geometry":{"type":"Point","coordinates":[-81.04270910539654,32.060916235660706]},"properties":{"Business License Number":"STR-025725-2025","Business Name":"LOGGERHEAD NEST L.L.C.","DBA":"127 BACKSHELL RD","Business Status":"Active","Business License Type":"Short Term Rental","Business License Classification":"STR - Short Term Rental","Business License Status":"Renewed","Business License Year":"2026","Business License Issued Date":"7/22/2026","Business License Expiration Date":"6/30/2027","Parcel_Matched_Address":"127 BACK SHELL RD","Parcel_PIN":"10235 03009","Parcel_Match_Method":"No unique match","misc0":"","misc1":"","misc2":"","misc3":"","misc4":"","misc5":"","misc6":"","misc7":"","longitude":-81.04270910539654,"latitude":32.060916235660706,"licenseNumber":"STR-025725-2025","matchedAddress":"127 BACK SHELL RD"}},{"type":"Feature","geometry":{"type":"Point","coordinates":[-81.04000008611762,32.06310345365696]},"properties":{"Business License Number":"STR-026102-2025","Business Name":"RUNAWAY TO SAVANNAH, LLC.","DBA":"107 RUNAWAY POINT RD.","Business Status":"Active","Business License Type":"Short Term Rental","Business License Classification":"STR - Short Term Rental","Business License Status":"Renewed","Business License Year":"2026","Business License Issued Date":"8/4/2026","Business License Expiration Date":"6/30/2027","Parcel_Matched_Address":"107 RUNAWAY POINT RD","Parcel_PIN":"10235 04005","Parcel_Match_Method":"Exact normalized","misc0":"","misc1":"","misc2":"","misc3":"","misc4":"","misc5":"","misc6":"","misc7":"","longitude":-81.04000008611762,"latitude":32.06310345365696,"licenseNumber":"STR-026102-2025","matchedAddress":"107 RUNAWAY POINT RD"}},{"type":"Feature","geometry":{"type":"Point","coordinates":[-81.04010685054669,32.062273982405905]},"properties":{"Business License Number":"STR-026462-2026","Business Name":"JACOB LEAH","DBA":"115 RUNAWAY POINT RD.","Business Status":"Active","Business License Type":"Short Term Rental","Business License Classification":"STR - Short Term Rental","Business License Status":"Renewed","Business License Year":"2027","Business License Issued Date":"7/17/2026","Business License Expiration Date":"6/30/2027","Parcel_Matched_Address":"115 RUNAWAY POINT RD","Parcel_PIN":"10235 04009","Parcel_Match_Method":"Exact normalized","misc0":"","misc1":"","misc2":"","misc3":"","misc4":"","misc5":"","misc6":"","misc7":"","longitude":-81.04010685054669,"latitude":32.062273982405905,"licenseNumber":"STR-026462-2026","matchedAddress":"115 RUNAWAY POINT RD"}},{"type":"Feature","geometry":{"type":"Point","coordinates":[-81.04253434746036,32.05919493071847]},"properties":{"Business License Number":"STR-026448-2026","Business Name":"RUNAWAY POINT, LLC.","DBA":"211 RUNAWAY POINT RD.","Business Status":"Active","Business License Type":"Short Term Rental","Business License Classification":"STR - Short Term Rental","Business License Status":"Renewed","Business License Year":"2027","Business License Issued Date":"7/17/2026","Business License Expiration Date":"6/30/2027","Parcel_Matched_Address":"211 RUNAWAY POINT RD","Parcel_PIN":"10236 03001","Parcel_Match_Method":"Exact normalized","misc0":"","misc1":"","misc2":"","misc3":"","misc4":"","misc5":"","misc6":"","misc7":"","longitude":-81.04253434746036,"latitude":32.05919493071847,"licenseNumber":"STR-026448-2026","matchedAddress":"211 RUNAWAY POINT RD"}},{"type":"Feature","geometry":{"type":"Point","coordinates":[-81.04374462771656,32.05863400780733]},"properties":{"Business License Number":"STR-025962-2025","Business Name":"JASON ANDREW LACIENSKI","DBA":"414 RIVERVIEW DR.","Business Status":"Active","Business License Type":"Short Term Rental","Business License Classification":"STR - Short Term Rental","Business License Status":"Renewed","Business License Year":"2026","Business License Issued Date":"7/22/2026","Business License Expiration Date":"6/30/2027","Parcel_Matched_Address":"414 RIVERVIEW DR","Parcel_PIN":"10236 03027","Parcel_Match_Method":"Exact normalized","misc0":"","misc1":"","misc2":"","misc3":"","misc4":"","misc5":"","misc6":"","misc7":"","longitude":-81.04374462771656,"latitude":32.05863400780733,"licenseNumber":"STR-025962-2025","matchedAddress":"414 RIVERVIEW DR"}},{"type":"Feature","geometry":{"type":"Point","coordinates":[-81.0439836511305,32.05984096428144]},"properties":{"Business License Number":"STR-026522-2026","Business Name":"YIFTACH GOLAN","DBA":"101 MARSH BLUFF DR.","Business Status":"Active","Business License Type":"Short Term Rental","Business License Classification":"STR - Short Term Rental","Business License Status":"Issued","Business License Year":"2026","Business License Issued Date":"7/10/2026","Business License Expiration Date":"6/30/2027","Parcel_Matched_Address":"101 MARSH BLUFF DR","Parcel_PIN":"10236 03039","Parcel_Match_Method":"Exact normalized","misc0":"","misc1":"","misc2":"","misc3":"","misc4":"","misc5":"","misc6":"","misc7":"","longitude":-81.0439836511305,"latitude":32.05984096428144,"licenseNumber":"STR-026522-2026","matchedAddress":"101 MARSH BLUFF DR"}},{"type":"Feature","geometry":{"type":"Point","coordinates":[-81.05209856879604,31.914918035715793]},"properties":{"Business License Number":"STR-026500-2026","Business Name":"JERRY COLLIER","DBA":"21 PEREGRINE CROSSING","Business Status":"Active","Business License Type":"Short Term Rental","Business License Classification":"STR - Short Term Rental","Business License Status":"Issued","Business License Year":"2026","Business License Issued Date":"6/24/2026","Business License Expiration Date":"6/30/2027","Parcel_Matched_Address":"21 PEREGRINE XING","Parcel_PIN":"10257B01015","Parcel_Match_Method":"No unique match","misc0":"","misc1":"","misc2":"","misc3":"","misc4":"","misc5":"","misc6":"","misc7":"","longitude":-81.05209856879604,"latitude":31.914918035715793,"licenseNumber":"STR-026500-2026","matchedAddress":"21 PEREGRINE XING"}},{"type":"Feature","geometry":{"type":"Point","coordinates":[-81.06385734014512,31.929073608552393]},"properties":{"Business License Number":"STR-026506-2026","Business Name":"JAMES DANIEL BROGDON","DBA":"8 CAITTAIL CT","Business Status":"Active","Business License Type":"Short Term Rental","Business License Classification":"STR - Short Term Rental","Business License Status":"Renewed","Business License Year":"2026","Business License Issued Date":"6/24/2026","Business License Expiration Date":"6/30/2027","Parcel_Matched_Address":"8 CATTAIL CT","Parcel_PIN":"10259E04008","Parcel_Match_Method":"No unique match","misc0":"","misc1":"","misc2":"","misc3":"","misc4":"","misc5":"","misc6":"","misc7":"","longitude":-81.06385734014512,"latitude":31.929073608552393,"licenseNumber":"STR-026506-2026","matchedAddress":"8 CATTAIL CT"}},{"type":"Feature","geometry":{"type":"Point","coordinates":[-81.05479381171035,31.99026668773853]},"properties":{"Business License Number":"STR-025785-2025","Business Name":"JADELARK LLC","DBA":"129 JACQUELYN DR","Business Status":"Active","Business License Type":"Short Term Rental","Business License Classification":"STR - Short Term Rental","Business License Status":"Renewed","Business License Year":"2026","Business License Issued Date":"7/22/2026","Business License Expiration Date":"6/30/2027","Parcel_Matched_Address":"129 JACQUELYN DR","Parcel_PIN":"10266 01003","Parcel_Match_Method":"Exact normalized","misc0":"","misc1":"","misc2":"","misc3":"","misc4":"","misc5":"","misc6":"","misc7":"","longitude":-81.05479381171035,"latitude":31.99026668773853,"licenseNumber":"STR-025785-2025","matchedAddress":"129 JACQUELYN DR"}},{"type":"Feature","geometry":{"type":"Point","coordinates":[-81.06514553989389,32.00923715058926]},"properties":{"Business License Number":"STR-025637-2025","Business Name":"THE  JOHN C & KELLIE M JOHNSON LIVING TRUST","DBA":"5808 LAROCHE AVENUE","Business Status":"Active","Business License Type":"Short Term Rental","Business License Classification":"STR - Short Term Rental","Business License Status":"Renewed","Business License Year":"2026","Business License Issued Date":"6/29/2026","Business License Expiration Date":"6/30/2027","Parcel_Matched_Address":"5808 LAROCHE AVE","Parcel_PIN":"10296 02055","Parcel_Match_Method":"Exact normalized","misc0":"","misc1":"","misc2":"","misc3":"","misc4":"","misc5":"","misc6":"","misc7":"","longitude":-81.06514553989389,"latitude":32.00923715058926,"licenseNumber":"STR-025637-2025","matchedAddress":"5808 LAROCHE AVE"}},{"type":"Feature","geometry":{"type":"Point","coordinates":[-81.06524382849044,31.99745712838369]},"properties":{"Business License Number":"STR-026285-2026","Business Name":"GRANT GA HOLDINGS LLC (ETHAN GRANT MARKERT)","DBA":"20 LANSING AVE # C","Business Status":"Active","Business License Type":"Short Term Rental","Business License Classification":"STR - Short Term Rental","Business License Status":"Renewed","Business License Year":"2027","Business License Issued Date":"7/21/2026","Business License Expiration Date":"6/30/2027","Parcel_Matched_Address":"20 LANSING AVE","Parcel_PIN":"10299 03005","Parcel_Match_Method":"Normalized address core","misc0":"","misc1":"","misc2":"","misc3":"","misc4":"","misc5":"","misc6":"","misc7":"","longitude":-81.06524382849044,"latitude":31.99745712838369,"licenseNumber":"STR-026285-2026","matchedAddress":"20 LANSING AVE"}},{"type":"Feature","geometry":{"type":"Point","coordinates":[-81.0646950622559,31.996856515112086]},"properties":{"Business License Number":"STR-025927-2025","Business Name":"REMY INVESTING, LLC.","DBA":"6 SILVER LEAF CT.","Business Status":"Active","Business License Type":"Short Term Rental","Business License Classification":"STR - Short Term Rental","Business License Status":"Renewed","Business License Year":"2026","Business License Issued Date":"7/22/2026","Business License Expiration Date":"6/30/2027","Parcel_Matched_Address":"6 SILVERLEAF CT","Parcel_PIN":"10299 03034","Parcel_Match_Method":"No unique match","misc0":"","misc1":"","misc2":"","misc3":"","misc4":"","misc5":"","misc6":"","misc7":"","longitude":-81.0646950622559,"latitude":31.996856515112086,"licenseNumber":"STR-025927-2025","matchedAddress":"6 SILVERLEAF CT"}},{"type":"Feature","geometry":{"type":"Point","coordinates":[-81.06169257225818,31.994384737080168]},"properties":{"Business License Number":"STR-026129-2025","Business Name":"PAMELA BERGER","DBA":"7416 HEMLOCK AVE - MAIN HOUSE","Business Status":"Active","Business License Type":"Short Term Rental","Business License Classification":"STR - Short Term Rental","Business License Status":"Renewed","Business License Year":"2026","Business License Issued Date":"6/17/2026","Business License Expiration Date":"6/30/2027","Parcel_Matched_Address":"7416 HEMLOCK AVE","Parcel_PIN":"10300 03009","Parcel_Match_Method":"Normalized address core","misc0":"","misc1":"","misc2":"","misc3":"","misc4":"","misc5":"","misc6":"","misc7":"","longitude":-81.06169257225818,"latitude":31.994384737080168,"licenseNumber":"STR-026129-2025","matchedAddress":"7416 HEMLOCK AVE"}},{"type":"Feature","geometry":{"type":"Point","coordinates":[-81.06169257225818,31.994384737080168]},"properties":{"Business License Number":"STR-026116-2025","Business Name":"PAMELA BERGER","DBA":"7416 HEMLOCK AVE (CARRIAGE HOUSE)","Business Status":"Active","Business License Type":"Short Term Rental","Business License Classification":"STR - Short Term Rental","Business License Status":"Renewed","Business License Year":"2026","Business License Issued Date":"6/17/2026","Business License Expiration Date":"6/30/2027","Parcel_Matched_Address":"7416 HEMLOCK AVE","Parcel_PIN":"10300 03009","Parcel_Match_Method":"Normalized address core","misc0":"","misc1":"","misc2":"","misc3":"","misc4":"","misc5":"","misc6":"","misc7":"","longitude":-81.06169257225818,"latitude":31.994384737080168,"licenseNumber":"STR-026116-2025","matchedAddress":"7416 HEMLOCK AVE"}},{"type":"Feature","geometry":{"type":"Point","coordinates":[-81.0555606656035,31.987164003912312]},"properties":{"Business License Number":"STR-025276-2025","Business Name":"WILLIAM H. TUTEN JR.","DBA":"1A CARDINAL RD","Business Status":"Active","Business License Type":"Short Term Rental","Business License Classification":"STR - Short Term Rental","Business License Status":"Renewed","Business License Year":"2027","Business License Issued Date":"7/17/2026","Business License Expiration Date":"6/30/2027","Parcel_Matched_Address":"1 CARDINAL RD","Parcel_PIN":"10303 02081","Parcel_Match_Method":"No unique match","misc0":"","misc1":"","misc2":"","misc3":"","misc4":"","misc5":"","misc6":"","misc7":"","longitude":-81.0555606656035,"latitude":31.987164003912312,"licenseNumber":"STR-025276-2025","matchedAddress":"1 CARDINAL RD"}},{"type":"Feature","geometry":{"type":"Point","coordinates":[-81.0555606656035,31.987164003912312]},"properties":{"Business License Number":"STR-025275-2025","Business Name":"WILLIAM H. TUTEN JR.","DBA":"1B CARDINAL RD","Business Status":"Active","Business License Type":"Short Term Rental","Business License Classification":"STR - Short Term Rental","Business License Status":"Renewed","Business License Year":"2027","Business License Issued Date":"7/17/2026","Business License Expiration Date":"6/30/2027","Parcel_Matched_Address":"1 CARDINAL RD","Parcel_PIN":"10303 02081","Parcel_Match_Method":"No unique match","misc0":"","misc1":"","misc2":"","misc3":"","misc4":"","misc5":"","misc6":"","misc7":"","longitude":-81.0555606656035,"latitude":31.987164003912312,"licenseNumber":"STR-025275-2025","matchedAddress":"1 CARDINAL RD"}},{"type":"Feature","geometry":{"type":"Point","coordinates":[-81.0575289196251,31.982781026813015]},"properties":{"Business License Number":"STR-025811-2025","Business Name":"CROOKED OAK","DBA":"9 CRAMER AVE","Business Status":"Active","Business License Type":"Short Term Rental","Business License Classification":"STR - Short Term Rental","Business License Status":"Renewed","Business License Year":"2026","Business License Issued Date":"7/22/2026","Business License Expiration Date":"6/30/2027","Parcel_Matched_Address":"9 CRAMER AVE","Parcel_PIN":"10304 04011","Parcel_Match_Method":"Exact normalized","misc0":"","misc1":"","misc2":"","misc3":"","misc4":"","misc5":"","misc6":"","misc7":"","longitude":-81.0575289196251,"latitude":31.982781026813015,"licenseNumber":"STR-025811-2025","matchedAddress":"9 CRAMER AVE"}},{"type":"Feature","geometry":{"type":"Point","coordinates":[-81.06123678257103,31.98110688653008]},"properties":{"Business License Number":"STR-025570-2025","Business Name":"NANCY TAMARACK","DBA":"306 PARKERSBURG RD","Business Status":"Active","Business License Type":"Short Term Rental","Business License Classification":"STR - Short Term Rental","Business License Status":"Renewed","Business License Year":"2026","Business License Issued Date":"8/3/2026","Business License Expiration Date":"6/30/2027","Parcel_Matched_Address":"306 PARKERSBURG RD","Parcel_PIN":"10305 02016","Parcel_Match_Method":"Exact normalized","misc0":"","misc1":"","misc2":"","misc3":"","misc4":"","misc5":"","misc6":"","misc7":"","longitude":-81.06123678257103,"latitude":31.98110688653008,"licenseNumber":"STR-025570-2025","matchedAddress":"306 PARKERSBURG RD"}},{"type":"Feature","geometry":{"type":"Point","coordinates":[-81.06017250737166,31.97972400897657]},"properties":{"Business License Number":"STR-026494-2026","Business Name":"JOHN REX BENTON","DBA":"44 HENDERSON AVE","Business Status":"Active","Business License Type":"Short Term Rental","Business License Classification":"STR - Short Term Rental","Business License Status":"Renewed","Business License Year":"2026","Business License Issued Date":"6/30/2026","Business License Expiration Date":"6/30/2027","Parcel_Matched_Address":"44 HENDERSON AVE","Parcel_PIN":"10306 04002","Parcel_Match_Method":"Exact normalized","misc0":"","misc1":"","misc2":"","misc3":"","misc4":"","misc5":"","misc6":"","misc7":"","longitude":-81.06017250737166,"latitude":31.97972400897657,"licenseNumber":"STR-026494-2026","matchedAddress":"44 HENDERSON AVE"}},{"type":"Feature","geometry":{"type":"Point","coordinates":[-81.0595286715059,31.89409992529636]},"properties":{"Business License Number":"STR-026499-2026","Business Name":"DOUGLAS BAKER","DBA":"21 MAINSAIL CROSSING","Business Status":"Active","Business License Type":"Short Term Rental","Business License Classification":"STR - Short Term Rental","Business License Status":"Issued","Business License Year":"2026","Business License Issued Date":"6/24/2026","Business License Expiration Date":"6/30/2027","Parcel_Matched_Address":"21 MAINSAIL XING","Parcel_PIN":"10324 02009","Parcel_Match_Method":"No unique match","misc0":"","misc1":"","misc2":"","misc3":"","misc4":"","misc5":"","misc6":"","misc7":"","longitude":-81.0595286715059,"latitude":31.89409992529636,"licenseNumber":"STR-026499-2026","matchedAddress":"21 MAINSAIL XING"}},{"type":"Feature","geometry":{"type":"Point","coordinates":[-81.0662380244548,31.98059140762741]},"properties":{"Business License Number":"STR-025681-2025","Business Name":"BENIL SHAH","DBA":"4 Fallowfield Drive","Business Status":"Active","Business License Type":"Short Term Rental","Business License Classification":"STR - Short Term Rental","Business License Status":"Renewed","Business License Year":"2026","Business License Issued Date":"8/3/2026","Business License Expiration Date":"6/30/2027","Parcel_Matched_Address":"4 FALLOWFIELD DR","Parcel_PIN":"10356 01010","Parcel_Match_Method":"Exact normalized","misc0":"","misc1":"","misc2":"","misc3":"","misc4":"","misc5":"","misc6":"","misc7":"","longitude":-81.0662380244548,"latitude":31.98059140762741,"licenseNumber":"STR-025681-2025","matchedAddress":"4 FALLOWFIELD DR"}},{"type":"Feature","geometry":{"type":"Point","coordinates":[-81.06575834902682,31.98104269782375]},"properties":{"Business License Number":"STR-026496-2026","Business Name":"1BRANSBYDR, LLC.","DBA":"1 BRANSBY DR.","Business Status":"Active","Business License Type":"Short Term Rental","Business License Classification":"STR - Short Term Rental","Business License Status":"Issued","Business License Year":"2026","Business License Issued Date":"6/23/2026","Business License Expiration Date":"6/30/2027","Parcel_Matched_Address":"1 BRANSBY DR","Parcel_PIN":"10356 01012","Parcel_Match_Method":"Exact normalized","misc0":"","misc1":"","misc2":"","misc3":"","misc4":"","misc5":"","misc6":"","misc7":"","longitude":-81.06575834902682,"latitude":31.98104269782375,"licenseNumber":"STR-026496-2026","matchedAddress":"1 BRANSBY DR"}},{"type":"Feature","geometry":{"type":"Point","coordinates":[-81.07192312667692,31.993475297311832]},"properties":{"Business License Number":"STR-025938-2025","Business Name":"152 S. ROBINHOOD LLC  (MONICA L CHAPMAN)","DBA":"152 S ROBINHOOD DR","Business Status":"Active","Business License Type":"Short Term Rental","Business License Classification":"STR - Short Term Rental","Business License Status":"Renewed","Business License Year":"2026","Business License Issued Date":"7/22/2026","Business License Expiration Date":"6/30/2027","Parcel_Matched_Address":"152 S ROBIN HOOD DR","Parcel_PIN":"10360 04004","Parcel_Match_Method":"No unique match","misc0":"","misc1":"","misc2":"","misc3":"","misc4":"","misc5":"","misc6":"","misc7":"","longitude":-81.07192312667692,"latitude":31.993475297311832,"licenseNumber":"STR-025938-2025","matchedAddress":"152 S ROBIN HOOD DR"}},{"type":"Feature","geometry":{"type":"Point","coordinates":[-81.07051885171674,31.991037900400013]},"properties":{"Business License Number":"STR-025109","Business Name":"MALANKA HOMES LLC","DBA":"126 HUNT CLUB CT","Business Status":"Active","Business License Type":"Short Term Rental","Business License Classification":"STR - Short Term Rental","Business License Status":"Renewed","Business License Year":"2026","Business License Issued Date":"7/21/2026","Business License Expiration Date":"6/30/2027","Parcel_Matched_Address":"126 HUNT CLUB CT","Parcel_PIN":"10360 07029","Parcel_Match_Method":"Exact normalized","misc0":"","misc1":"","misc2":"","misc3":"","misc4":"","misc5":"","misc6":"","misc7":"","longitude":-81.07051885171674,"latitude":31.991037900400013,"licenseNumber":"STR-025109","matchedAddress":"126 HUNT CLUB CT"}},{"type":"Feature","geometry":{"type":"Point","coordinates":[-81.07131050351082,31.996549110915282]},"properties":{"Business License Number":"STR-026123-2025","Business Name":"RYNAH RODRIGUES","DBA":"9 CROSS BOW CT","Business Status":"Active","Business License Type":"Short Term Rental","Business License Classification":"STR - Short Term Rental","Business License Status":"Renewed","Business License Year":"2026","Business License Issued Date":"7/23/2026","Business License Expiration Date":"6/30/2027","Parcel_Matched_Address":"9 CROSS BOW CT","Parcel_PIN":"10361 07013","Parcel_Match_Method":"Exact normalized","misc0":"","misc1":"","misc2":"","misc3":"","misc4":"","misc5":"","misc6":"","misc7":"","longitude":-81.07131050351082,"latitude":31.996549110915282,"licenseNumber":"STR-026123-2025","matchedAddress":"9 CROSS BOW CT"}},{"type":"Feature","geometry":{"type":"Point","coordinates":[-81.0707770632762,31.9959784802592]},"properties":{"Business License Number":"STR-025738-2025","Business Name":"KARL SPERL & LAURNA CANTY","DBA":"111 MARIAN CIRCLE","Business Status":"Active","Business License Type":"Short Term Rental","Business License Classification":"STR - Short Term Rental","Business License Status":"Renewed","Business License Year":"2026","Business License Issued Date":"6/23/2026","Business License Expiration Date":"6/30/2027","Parcel_Matched_Address":"111 MARIAN CIR","Parcel_PIN":"10361 07016","Parcel_Match_Method":"Exact normalized","misc0":"","misc1":"","misc2":"","misc3":"","misc4":"","misc5":"","misc6":"","misc7":"","longitude":-81.0707770632762,"latitude":31.9959784802592,"licenseNumber":"STR-025738-2025","matchedAddress":"111 MARIAN CIR"}},{"type":"Feature","geometry":{"type":"Point","coordinates":[-81.07168488320326,31.994993329843965]},"properties":{"Business License Number":"STR-025313-2025","Business Name":"RAYMOND CASPER","DBA":"6 EARL CT","Business Status":"Active","Business License Type":"Short Term Rental","Business License Classification":"STR - Short Term Rental","Business License Status":"Renewed","Business License Year":"2027","Business License Issued Date":"7/23/2026","Business License Expiration Date":"6/30/2027","Parcel_Matched_Address":"6 EARL CT","Parcel_PIN":"10361 07058","Parcel_Match_Method":"Exact normalized","misc0":"","misc1":"","misc2":"","misc3":"","misc4":"","misc5":"","misc6":"","misc7":"","longitude":-81.07168488320326,"latitude":31.994993329843965,"licenseNumber":"STR-025313-2025","matchedAddress":"6 EARL CT"}},{"type":"Feature","geometry":{"type":"Point","coordinates":[-81.0711926161922,31.9958910655757]},"properties":{"Business License Number":"STR-025830-2025","Business Name":"13 EARL COURT LLC","DBA":"13 EARL CT","Business Status":"Active","Business License Type":"Short Term Rental","Business License Classification":"STR - Short Term Rental","Business License Status":"Renewed","Business License Year":"2026","Business License Issued Date":"8/3/2026","Business License Expiration Date":"6/30/2027","Parcel_Matched_Address":"13 EARL CT","Parcel_PIN":"10361 07064","Parcel_Match_Method":"Exact normalized","misc0":"","misc1":"","misc2":"","misc3":"","misc4":"","misc5":"","misc6":"","misc7":"","longitude":-81.0711926161922,"latitude":31.9958910655757,"licenseNumber":"STR-025830-2025","matchedAddress":"13 EARL CT"}},{"type":"Feature","geometry":{"type":"Point","coordinates":[-81.06410345716354,32.000194820407295]},"properties":{"Business License Number":"STR-025488-2025","Business Name":"SAVANNAH HOLDINGS & INVESTMENTS, LLC.","DBA":"102 NEVA AVE","Business Status":"Active","Business License Type":"Short Term Rental","Business License Classification":"STR - Short Term Rental","Business License Status":"Renewed","Business License Year":"2027","Business License Issued Date":"8/4/2026","Business License Expiration Date":"6/30/2027","Parcel_Matched_Address":"102 NEVA AVE","Parcel_PIN":"10362 06029","Parcel_Match_Method":"Exact normalized","misc0":"","misc1":"","misc2":"","misc3":"","misc4":"","misc5":"","misc6":"","misc7":"","longitude":-81.06410345716354,"latitude":32.000194820407295,"licenseNumber":"STR-025488-2025","matchedAddress":"102 NEVA AVE"}},{"type":"Feature","geometry":{"type":"Point","coordinates":[-81.06671331618554,32.008170602581096]},"properties":{"Business License Number":"STR-025831-2025","Business Name":"VINAYKUMAR PATEL","DBA":"6101 LAROCHE AVENUE","Business Status":"Applied","Business License Type":"Short Term Rental","Business License Classification":"STR - Short Term Rental","Business License Status":"Renewed","Business License Year":"2026","Business License Issued Date":"8/5/2026","Business License Expiration Date":"6/30/2027","Parcel_Matched_Address":"6101 LAROCHE AVE","Parcel_PIN":"10364 01007A","Parcel_Match_Method":"Exact normalized","misc0":"","misc1":"","misc2":"","misc3":"","misc4":"","misc5":"","misc6":"","misc7":"","longitude":-81.06671331618554,"latitude":32.008170602581096,"licenseNumber":"STR-025831-2025","matchedAddress":"6101 LAROCHE AVE"}},{"type":"Feature","geometry":{"type":"Point","coordinates":[-81.0634455955035,32.015790537242346]},"properties":{"Business License Number":"STR-024899","Business Name":"MARIA G SMITH","DBA":"2623 BISMARK AVE","Business Status":"Active","Business License Type":"Short Term Rental","Business License Classification":"STR - Short Term Rental","Business License Status":"Renewed","Business License Year":"2026","Business License Issued Date":"7/15/2026","Business License Expiration Date":"6/30/2027","Parcel_Matched_Address":"2623 BISMARK AVE","Parcel_PIN":"10366 01002","Parcel_Match_Method":"Exact normalized","misc0":"","misc1":"","misc2":"","misc3":"","misc4":"","misc5":"","misc6":"","misc7":"","longitude":-81.0634455955035,"latitude":32.015790537242346,"licenseNumber":"STR-024899","matchedAddress":"2623 BISMARK AVE"}},{"type":"Feature","geometry":{"type":"Point","coordinates":[-81.0664675310534,32.01404535078842]},"properties":{"Business License Number":"STR-025483-2025","Business Name":"ROBERT CAUFIELD","DBA":"5502 JASMINE AVE","Business Status":"Active","Business License Type":"Short Term Rental","Business License Classification":"STR - Short Term Rental","Business License Status":"Renewed","Business License Year":"2027","Business License Issued Date":"8/3/2026","Business License Expiration Date":"6/30/2027","Parcel_Matched_Address":"5502 JASMINE AVE","Parcel_PIN":"10366 05031","Parcel_Match_Method":"Exact normalized","misc0":"","misc1":"","misc2":"","misc3":"","misc4":"","misc5":"","misc6":"","misc7":"","longitude":-81.0664675310534,"latitude":32.01404535078842,"licenseNumber":"STR-025483-2025","matchedAddress":"5502 JASMINE AVE"}},{"type":"Feature","geometry":{"type":"Point","coordinates":[-81.07439811275191,31.99426771711112]},"properties":{"Business License Number":"STR-025970-2025","Business Name":"ILONA DEMURA","DBA":"7233 GRANT ST","Business Status":"Active","Business License Type":"Short Term Rental","Business License Classification":"STR - Short Term Rental","Business License Status":"Renewed","Business License Year":"2026","Business License Issued Date":"6/29/2026","Business License Expiration Date":"6/30/2027","Parcel_Matched_Address":"7233 GRANT ST","Parcel_PIN":"10375 06030","Parcel_Match_Method":"Exact normalized","misc0":"","misc1":"","misc2":"","misc3":"","misc4":"","misc5":"","misc6":"","misc7":"","longitude":-81.07439811275191,"latitude":31.99426771711112,"licenseNumber":"STR-025970-2025","matchedAddress":"7233 GRANT ST"}},{"type":"Feature","geometry":{"type":"Point","coordinates":[-81.07536033914717,31.99104931919345]},"properties":{"Business License Number":"STR-026165-2025","Business Name":"SYLVIA LEON","DBA":"7339 LEGHORN ST","Business Status":"Active","Business License Type":"Short Term Rental","Business License Classification":"STR - Short Term Rental","Business License Status":"Renewed","Business License Year":"2026","Business License Issued Date":"7/21/2026","Business License Expiration Date":"6/30/2027","Parcel_Matched_Address":"7339 LEGHORN ST","Parcel_PIN":"10376 02020","Parcel_Match_Method":"Exact normalized","misc0":"","misc1":"","misc2":"","misc3":"","misc4":"","misc5":"","misc6":"","misc7":"","longitude":-81.07536033914717,"latitude":31.99104931919345,"licenseNumber":"STR-026165-2025","matchedAddress":"7339 LEGHORN ST"}},{"type":"Feature","geometry":{"type":"Point","coordinates":[-81.08248656292936,31.970662662499905]},"properties":{"Business License Number":"STR-025767-2025","Business Name":"SPRINGTIDE SUITES ","DBA":"9152 FERGUSON AVENUE (GARAGE APT)","Business Status":"Active","Business License Type":"Short Term Rental","Business License Classification":"STR - Short Term Rental","Business License Status":"Renewed","Business License Year":"2026","Business License Issued Date":"7/14/2026","Business License Expiration Date":"6/30/2027","Parcel_Matched_Address":"9152 FERGUSON AVE","Parcel_PIN":"10423 02002B","Parcel_Match_Method":"Normalized address core","misc0":"","misc1":"","misc2":"","misc3":"","misc4":"","misc5":"","misc6":"","misc7":"","longitude":-81.08248656292936,"latitude":31.970662662499905,"licenseNumber":"STR-025767-2025","matchedAddress":"9152 FERGUSON AVE"}},{"type":"Feature","geometry":{"type":"Point","coordinates":[-81.08316831710486,31.975727828895817]},"properties":{"Business License Number":"STR-026538-2026","Business Name":"JAMIE LEE BENAVIDES","DBA":"8991 FERGUSON AVENUE","Business Status":"Active","Business License Type":"Short Term Rental","Business License Classification":"STR - Short Term Rental","Business License Status":"Issued","Business License Year":"2026","Business License Issued Date":"8/3/2026","Business License Expiration Date":"6/30/2027","Parcel_Matched_Address":"8991 FERGUSON AVE","Parcel_PIN":"10425 01005C","Parcel_Match_Method":"Exact normalized","misc0":"","misc1":"","misc2":"","misc3":"","misc4":"","misc5":"","misc6":"","misc7":"","longitude":-81.08316831710486,"latitude":31.975727828895817,"licenseNumber":"STR-026538-2026","matchedAddress":"8991 FERGUSON AVE"}},{"type":"Feature","geometry":{"type":"Point","coordinates":[-81.08011256865906,31.979488334165563]},"properties":{"Business License Number":"STR-026053-2025","Business Name":"BENIL SHAH","DBA":"8827 FERGUSON AVENUE","Business Status":"Active","Business License Type":"Short Term Rental","Business License Classification":"STR - Short Term Rental","Business License Status":"Renewed","Business License Year":"2026","Business License Issued Date":"7/21/2026","Business License Expiration Date":"6/30/2027","Parcel_Matched_Address":"8827 FERGUSON AVE","Parcel_PIN":"10426 01003","Parcel_Match_Method":"Exact normalized","misc0":"","misc1":"","misc2":"","misc3":"","misc4":"","misc5":"","misc6":"","misc7":"","longitude":-81.08011256865906,"latitude":31.979488334165563,"licenseNumber":"STR-026053-2025","matchedAddress":"8827 FERGUSON AVE"}},{"type":"Feature","geometry":{"type":"Point","coordinates":[-81.07903538382405,31.980884439207347]},"properties":{"Business License Number":"STR-025638-2025","Business Name":"HAPPY DIG INVESTMENT GROUP, LLC","DBA":"5 TARA MANOR DR","Business Status":"Active","Business License Type":"Short Term Rental","Business License Classification":"STR - Short Term Rental","Business License Status":"Renewed","Business License Year":"2026","Business License Issued Date":"7/22/2026","Business License Expiration Date":"6/30/2027","Parcel_Matched_Address":"5 TARA MANOR DR","Parcel_PIN":"10426 01014","Parcel_Match_Method":"Exact normalized","misc0":"","misc1":"","misc2":"","misc3":"","misc4":"","misc5":"","misc6":"","misc7":"","longitude":-81.07903538382405,"latitude":31.980884439207347,"licenseNumber":"STR-025638-2025","matchedAddress":"5 TARA MANOR DR"}},{"type":"Feature","geometry":{"type":"Point","coordinates":[-81.0797883032825,31.981068525089572]},"properties":{"Business License Number":"STR-026099-2025","Business Name":"CHINWE & SUNNY WESEY","DBA":"13 TARA MANOR DR","Business Status":"Active","Business License Type":"Short Term Rental","Business License Classification":"STR - Short Term Rental","Business License Status":"Renewed","Business License Year":"2026","Business License Issued Date":"6/24/2026","Business License Expiration Date":"6/30/2027","Parcel_Matched_Address":"13 TARA MANOR DR","Parcel_PIN":"10426 01018","Parcel_Match_Method":"Exact normalized","misc0":"","misc1":"","misc2":"","misc3":"","misc4":"","misc5":"","misc6":"","misc7":"","longitude":-81.0797883032825,"latitude":31.981068525089572,"licenseNumber":"STR-026099-2025","matchedAddress":"13 TARA MANOR DR"}},{"type":"Feature","geometry":{"type":"Point","coordinates":[-81.08062187776491,31.978934282281877]},"properties":{"Business License Number":"STR-025625-2025","Business Name":"8847 FERGUSON AVE LLC","DBA":"8847 FERGUSON AVE","Business Status":"Active","Business License Type":"Short Term Rental","Business License Classification":"STR - Short Term Rental","Business License Status":"Renewed","Business License Year":"2026","Business License Issued Date":"6/23/2026","Business License Expiration Date":"6/30/2027","Parcel_Matched_Address":"8847 FERGUSON AVE","Parcel_PIN":"10426 02031","Parcel_Match_Method":"Exact normalized","misc0":"","misc1":"","misc2":"","misc3":"","misc4":"","misc5":"","misc6":"","misc7":"","longitude":-81.08062187776491,"latitude":31.978934282281877,"licenseNumber":"STR-025625-2025","matchedAddress":"8847 FERGUSON AVE"}},{"type":"Feature","geometry":{"type":"Point","coordinates":[-81.09318866641496,31.990036651839812]},"properties":{"Business License Number":"STR-025759-2025","Business Name":"LMB PROPERTIES ","DBA":"1715 E MONTGOMERY CROSS ROAD ","Business Status":"Active","Business License Type":"Short Term Rental","Business License Classification":"STR - Short Term Rental","Business License Status":"Renewed","Business License Year":"2026","Business License Issued Date":"8/3/2026","Business License Expiration Date":"6/30/2027","Parcel_Matched_Address":"1715 E MONTGOMERY XR","Parcel_PIN":"10438 06008","Parcel_Match_Method":"Manually Added","misc0":"","misc1":"","misc2":"","misc3":"","misc4":"","misc5":"","misc6":"","misc7":"","longitude":-81.09318866641496,"latitude":31.990036651839812,"licenseNumber":"STR-025759-2025","matchedAddress":"1715 E MONTGOMERY XR"}},{"type":"Feature","geometry":{"type":"Point","coordinates":[-81.09081600954512,31.98932542532388]},"properties":{"Business License Number":"STR-025664-2025","Business Name":"SOUTHSIDE SANCTUARY","DBA":"104 SHAMROCK CIRCLE","Business Status":"Active","Business License Type":"Short Term Rental","Business License Classification":"STR - Short Term Rental","Business License Status":"Renewed","Business License Year":"2026","Business License Issued Date":"7/23/2026","Business License Expiration Date":"6/30/2027","Parcel_Matched_Address":"104 SHAMROCK CIR","Parcel_PIN":"10438 07003","Parcel_Match_Method":"Exact normalized","misc0":"","misc1":"","misc2":"","misc3":"","misc4":"","misc5":"","misc6":"","misc7":"","longitude":-81.09081600954512,"latitude":31.98932542532388,"licenseNumber":"STR-025664-2025","matchedAddress":"104 SHAMROCK CIR"}},{"type":"Feature","geometry":{"type":"Point","coordinates":[-81.09063233825094,31.93589321877784]},"properties":{"Business License Number":"STR-025604-2025","Business Name":"LRJLBL SAVANNAH, LLC","DBA":"28 MOON RIVER DRIVE","Business Status":"Active","Business License Type":"Short Term Rental","Business License Classification":"STR - Short Term Rental","Business License Status":"Renewed","Business License Year":"2026","Business License Issued Date":"8/6/2026","Business License Expiration Date":"6/30/2027","Parcel_Matched_Address":"28 MOON RIVER DR","Parcel_PIN":"10450 02012","Parcel_Match_Method":"Exact normalized","misc0":"","misc1":"","misc2":"","misc3":"","misc4":"","misc5":"","misc6":"","misc7":"","longitude":-81.09063233825094,"latitude":31.93589321877784,"licenseNumber":"STR-025604-2025","matchedAddress":"28 MOON RIVER DR"}},{"type":"Feature","geometry":{"type":"Point","coordinates":[-81.09340004802328,31.92844310556662]},"properties":{"Business License Number":"STR-025498-2025","Business Name":"PATRICK C & NANELLE G FITZGERALD","DBA":"336 A ISLAND ROAD (GARAGE APT ONLY)","Business Status":"Active","Business License Type":"Short Term Rental","Business License Classification":"STR - Short Term Rental","Business License Status":"Renewed","Business License Year":"2027","Business License Issued Date":"6/18/2026","Business License Expiration Date":"6/30/2027","Parcel_Matched_Address":"336 ISLAND RD","Parcel_PIN":"10452 01035","Parcel_Match_Method":"No unique match","misc0":"","misc1":"","misc2":"","misc3":"","misc4":"","misc5":"","misc6":"","misc7":"","longitude":-81.09340004802328,"latitude":31.92844310556662,"licenseNumber":"STR-025498-2025","matchedAddress":"336 ISLAND RD"}},{"type":"Feature","geometry":{"type":"Point","coordinates":[-81.09935106805897,31.976079324712547]},"properties":{"Business License Number":"STR-025184-2025","Business Name":"THREE DIAMONDS, LLC.","DBA":"1707 KINGS WAY CT.","Business Status":"Applied","Business License Type":"Short Term Rental","Business License Classification":"STR - Short Term Rental","Business License Status":"Renewed","Business License Year":"2027","Business License Issued Date":"6/29/2026","Business License Expiration Date":"6/30/2027","Parcel_Matched_Address":"1707 KINGS WAY","Parcel_PIN":"10474 02035","Parcel_Match_Method":"Normalized address core","misc0":"","misc1":"","misc2":"","misc3":"","misc4":"","misc5":"","misc6":"","misc7":"","longitude":-81.09935106805897,"latitude":31.976079324712547,"licenseNumber":"STR-025184-2025","matchedAddress":"1707 KINGS WAY"}},{"type":"Feature","geometry":{"type":"Point","coordinates":[-81.10082526053564,31.979485378221856]},"properties":{"Business License Number":"STR-025742-2025","Business Name":"WENDY MOYNIHAN","DBA":"12 QUEENS CT","Business Status":"Active","Business License Type":"Short Term Rental","Business License Classification":"STR - Short Term Rental","Business License Status":"Renewed","Business License Year":"2026","Business License Issued Date":"7/17/2026","Business License Expiration Date":"6/30/2027","Parcel_Matched_Address":"12 QUEENS CT","Parcel_PIN":"10475 02026","Parcel_Match_Method":"Exact normalized","misc0":"","misc1":"","misc2":"","misc3":"","misc4":"","misc5":"","misc6":"","misc7":"","longitude":-81.10082526053564,"latitude":31.979485378221856,"licenseNumber":"STR-025742-2025","matchedAddress":"12 QUEENS CT"}},{"type":"Feature","geometry":{"type":"Point","coordinates":[-81.10260170104695,31.983821874544326]},"properties":{"Business License Number":"STR-025702-2025","Business Name":"ETHOS AVE LLC","DBA":"107 CHAPEL DRIVE","Business Status":"Active","Business License Type":"Short Term Rental","Business License Classification":"STR - Short Term Rental","Business License Status":"Renewed","Business License Year":"2026","Business License Issued Date":"7/17/2026","Business License Expiration Date":"6/30/2027","Parcel_Matched_Address":"107 CHAPEL DR","Parcel_PIN":"10475 03036","Parcel_Match_Method":"Exact normalized","misc0":"","misc1":"","misc2":"","misc3":"","misc4":"","misc5":"","misc6":"","misc7":"","longitude":-81.10260170104695,"latitude":31.983821874544326,"licenseNumber":"STR-025702-2025","matchedAddress":"107 CHAPEL DR"}},{"type":"Feature","geometry":{"type":"Point","coordinates":[-81.09994710354349,31.987561778882014]},"properties":{"Business License Number":"STR-026030-2025","Business Name":"HGH GROUP, LLC.","DBA":"8623 E CREIGHTON PL","Business Status":"Active","Business License Type":"Short Term Rental","Business License Classification":"STR - Short Term Rental","Business License Status":"Renewed","Business License Year":"2026","Business License Issued Date":"8/6/2026","Business License Expiration Date":"6/30/2027","Parcel_Matched_Address":"8623 E CREIGHTON PL","Parcel_PIN":"10476 01009","Parcel_Match_Method":"Exact normalized","misc0":"","misc1":"","misc2":"","misc3":"","misc4":"","misc5":"","misc6":"","misc7":"","longitude":-81.09994710354349,"latitude":31.987561778882014,"licenseNumber":"STR-026030-2025","matchedAddress":"8623 E CREIGHTON PL"}},{"type":"Feature","geometry":{"type":"Point","coordinates":[-81.09859265436607,31.98861455801077]},"properties":{"Business License Number":"STR-024857","Business Name":"SCOTT THOMSON/ KEVIN ESCOBAR","DBA":"8521 LABERTA BLVD","Business Status":"Active","Business License Type":"Short Term Rental","Business License Classification":"STR - Short Term Rental","Business License Status":"Renewed","Business License Year":"2026","Business License Issued Date":"6/29/2026","Business License Expiration Date":"6/30/2027","Parcel_Matched_Address":"8521 LABERTA BLVD","Parcel_PIN":"10477 04006","Parcel_Match_Method":"Exact normalized","misc0":"","misc1":"","misc2":"","misc3":"","misc4":"","misc5":"","misc6":"","misc7":"","longitude":-81.09859265436607,"latitude":31.98861455801077,"licenseNumber":"STR-024857","matchedAddress":"8521 LABERTA BLVD"}},{"type":"Feature","geometry":{"type":"Point","coordinates":[-81.09589986789497,31.99042842733453]},"properties":{"Business License Number":"STR-026198-2026","Business Name":"KARLI DALTON","DBA":"8426 CRESTHILL AVE","Business Status":"Active","Business License Type":"Short Term Rental","Business License Classification":"STR - Short Term Rental","Business License Status":"Renewed","Business License Year":"2027","Business License Issued Date":"8/4/2026","Business License Expiration Date":"6/30/2027","Parcel_Matched_Address":"8426 CRESTHILL AVE","Parcel_PIN":"10477 07004","Parcel_Match_Method":"Exact normalized","misc0":"","misc1":"","misc2":"","misc3":"","misc4":"","misc5":"","misc6":"","misc7":"","longitude":-81.09589986789497,"latitude":31.99042842733453,"licenseNumber":"STR-026198-2026","matchedAddress":"8426 CRESTHILL AVE"}},{"type":"Feature","geometry":{"type":"Point","coordinates":[-81.10381767968403,31.987503077047396]},"properties":{"Business License Number":"STR-025832-2025","Business Name":"PATRICK FORELLI","DBA":"8611 WHITEFIELD AVENUE","Business Status":"Active","Business License Type":"Short Term Rental","Business License Classification":"STR - Short Term Rental","Business License Status":"Renewed","Business License Year":"2026","Business License Issued Date":"7/20/2026","Business License Expiration Date":"6/30/2027","Parcel_Matched_Address":"8611 WHITEFIELD AVE","Parcel_PIN":"10496 02008B","Parcel_Match_Method":"Exact normalized","misc0":"","misc1":"","misc2":"","misc3":"","misc4":"","misc5":"","misc6":"","misc7":"","longitude":-81.10381767968403,"latitude":31.987503077047396,"licenseNumber":"STR-025832-2025","matchedAddress":"8611 WHITEFIELD AVE"}},{"type":"Feature","geometry":{"type":"Point","coordinates":[-81.10169458083762,31.98876288646266]},"properties":{"Business License Number":"STR-026531-2026","Business Name":"ACHC PROPERTIES LLC (TERRI CRAWFORD)","DBA":"8512 WHITEFIELD AVE","Business Status":"Active","Business License Type":"Short Term Rental","Business License Classification":"STR - Short Term Rental","Business License Status":"Issued","Business License Year":"2026","Business License Issued Date":"7/22/2026","Business License Expiration Date":"6/30/2027","Parcel_Matched_Address":"8512 WHITEFIELD AVE","Parcel_PIN":"10496 03002","Parcel_Match_Method":"Exact normalized","misc0":"","misc1":"","misc2":"","misc3":"","misc4":"","misc5":"","misc6":"","misc7":"","longitude":-81.10169458083762,"latitude":31.98876288646266,"licenseNumber":"STR-026531-2026","matchedAddress":"8512 WHITEFIELD AVE"}},{"type":"Feature","geometry":{"type":"Point","coordinates":[-81.10903835278383,31.977490405606726]},"properties":{"Business License Number":"STR-026034-2025","Business Name":"RONALD HORNING JR","DBA":"9300 MELODY DR","Business Status":"Active","Business License Type":"Short Term Rental","Business License Classification":"STR - Short Term Rental","Business License Status":"Renewed","Business License Year":"2026","Business License Issued Date":"7/13/2026","Business License Expiration Date":"6/30/2027","Parcel_Matched_Address":"9300 MELODY DR","Parcel_PIN":"10498 01018","Parcel_Match_Method":"Exact normalized","misc0":"","misc1":"","misc2":"","misc3":"","misc4":"","misc5":"","misc6":"","misc7":"","longitude":-81.10903835278383,"latitude":31.977490405606726,"licenseNumber":"STR-026034-2025","matchedAddress":"9300 MELODY DR"}},{"type":"Feature","geometry":{"type":"Point","coordinates":[-81.10696293423776,31.980363748717153]},"properties":{"Business License Number":"STR-026007-2025","Business Name":"PATRICK FORELLI","DBA":"9240 GARLAND DRIVE","Business Status":"Active","Business License Type":"Short Term Rental","Business License Classification":"STR - Short Term Rental","Business License Status":"Renewed","Business License Year":"2026","Business License Issued Date":"7/21/2026","Business License Expiration Date":"6/30/2027","Parcel_Matched_Address":"9240 GARLAND DR","Parcel_PIN":"10498 04012","Parcel_Match_Method":"Exact normalized","misc0":"","misc1":"","misc2":"","misc3":"","misc4":"","misc5":"","misc6":"","misc7":"","longitude":-81.10696293423776,"latitude":31.980363748717153,"licenseNumber":"STR-026007-2025","matchedAddress":"9240 GARLAND DR"}},{"type":"Feature","geometry":{"type":"Point","coordinates":[-81.10748838513835,31.98108193411999]},"properties":{"Business License Number":"STR-026508-2026","Business Name":"TRAPHONER-LIU'S REAL ESTATE, LLC.","DBA":"1333 HALCYON DR.","Business Status":"Active","Business License Type":"Short Term Rental","Business License Classification":"STR - Short Term Rental","Business License Status":"Issued","Business License Year":"2026","Business License Issued Date":"6/23/2026","Business License Expiration Date":"6/30/2027","Parcel_Matched_Address":"1333 HALCYON DR","Parcel_PIN":"10498 04017","Parcel_Match_Method":"Exact normalized","misc0":"","misc1":"","misc2":"","misc3":"","misc4":"","misc5":"","misc6":"","misc7":"","longitude":-81.10748838513835,"latitude":31.98108193411999,"licenseNumber":"STR-026508-2026","matchedAddress":"1333 HALCYON DR"}},{"type":"Feature","geometry":{"type":"Point","coordinates":[-81.10310518453083,31.980107458250874]},"properties":{"Business License Number":"STR-024930","Business Name":"CHRIS BEASON","DBA":"1507 KINGS WAY","Business Status":"Active","Business License Type":"Short Term Rental","Business License Classification":"STR - Short Term Rental","Business License Status":"Renewed","Business License Year":"2026","Business License Issued Date":"7/17/2026","Business License Expiration Date":"6/30/2027","Parcel_Matched_Address":"1507 KINGS WAY","Parcel_PIN":"10498 08013","Parcel_Match_Method":"Exact normalized","misc0":"","misc1":"","misc2":"","misc3":"","misc4":"","misc5":"","misc6":"","misc7":"","longitude":-81.10310518453083,"latitude":31.980107458250874,"licenseNumber":"STR-024930","matchedAddress":"1507 KINGS WAY"}},{"type":"Feature","geometry":{"type":"Point","coordinates":[-81.10703632597851,31.97189556118173]},"properties":{"Business License Number":"STR-025967-2025","Business Name":"VERNON OAKS LLC","DBA":"9219 WHITEFIELD AVENUE","Business Status":"Active","Business License Type":"Short Term Rental","Business License Classification":"STR - Short Term Rental","Business License Status":"Renewed","Business License Year":"2026","Business License Issued Date":"7/22/2026","Business License Expiration Date":"6/30/2027","Parcel_Matched_Address":"9219 WHITEFIELD AVE","Parcel_PIN":"10500 01006","Parcel_Match_Method":"Exact normalized","misc0":"","misc1":"","misc2":"","misc3":"","misc4":"","misc5":"","misc6":"","misc7":"","longitude":-81.10703632597851,"latitude":31.97189556118173,"licenseNumber":"STR-025967-2025","matchedAddress":"9219 WHITEFIELD AVE"}},{"type":"Feature","geometry":{"type":"Point","coordinates":[-81.10540745188916,31.94142507772702]},"properties":{"Business License Number":"STR-025636-2025","Business Name":"MARSHFRONT SAVANNAH HOME SHIPYARD RD","DBA":"258 SHIPYARD ROAD","Business Status":"Active","Business License Type":"Short Term Rental","Business License Classification":"STR - Short Term Rental","Business License Status":"Renewed","Business License Year":"2026","Business License Issued Date":"7/20/2026","Business License Expiration Date":"6/30/2027","Parcel_Matched_Address":"258 SHIPYARD RD","Parcel_PIN":"10508 03011","Parcel_Match_Method":"Exact normalized","misc0":"","misc1":"","misc2":"","misc3":"","misc4":"","misc5":"","misc6":"","misc7":"","longitude":-81.10540745188916,"latitude":31.94142507772702,"licenseNumber":"STR-025636-2025","matchedAddress":"258 SHIPYARD RD"}},{"type":"Feature","geometry":{"type":"Point","coordinates":[-81.11353892903226,31.94871887673159]},"properties":{"Business License Number":"STR-025728-2025","Business Name":"SPICE CITY PROPERTIES","DBA":"569 MENDEL AVENUE, APT A","Business Status":"Active","Business License Type":"Short Term Rental","Business License Classification":"STR - Short Term Rental","Business License Status":"Renewed","Business License Year":"2026","Business License Issued Date":"7/20/2026","Business License Expiration Date":"6/30/2027","Parcel_Matched_Address":"569 MENDEL AVE","Parcel_PIN":"10519 02017","Parcel_Match_Method":"Normalized address core","misc0":"","misc1":"","misc2":"","misc3":"","misc4":"","misc5":"","misc6":"","misc7":"","longitude":-81.11353892903226,"latitude":31.94871887673159,"licenseNumber":"STR-025728-2025","matchedAddress":"569 MENDEL AVE"}},{"type":"Feature","geometry":{"type":"Point","coordinates":[-81.11353892903226,31.94871887673159]},"properties":{"Business License Number":"STR-025729-2025","Business Name":"SPICE CITY PROPERTIES","DBA":"569 MENDEL AVENUE APT B","Business Status":"Active","Business License Type":"Short Term Rental","Business License Classification":"STR - Short Term Rental","Business License Status":"Renewed","Business License Year":"2026","Business License Issued Date":"7/20/2026","Business License Expiration Date":"6/30/2027","Parcel_Matched_Address":"569 MENDEL AVE","Parcel_PIN":"10519 02017","Parcel_Match_Method":"Normalized address core","misc0":"","misc1":"","misc2":"","misc3":"","misc4":"","misc5":"","misc6":"","misc7":"","longitude":-81.11353892903226,"latitude":31.94871887673159,"licenseNumber":"STR-025729-2025","matchedAddress":"569 MENDEL AVE"}},{"type":"Feature","geometry":{"type":"Point","coordinates":[-81.11113360823896,31.952591459956967]},"properties":{"Business License Number":"STR-025660-2025","Business Name":"TYLER & JENNIFER BROWN","DBA":"31 RIVERS BEND DR","Business Status":"Active","Business License Type":"Short Term Rental","Business License Classification":"STR - Short Term Rental","Business License Status":"Renewed","Business License Year":"2026","Business License Issued Date":"8/4/2026","Business License Expiration Date":"6/30/2027","Parcel_Matched_Address":"31 RIVERS BEND DR","Parcel_PIN":"10520 12028","Parcel_Match_Method":"Exact normalized","misc0":"","misc1":"","misc2":"","misc3":"","misc4":"","misc5":"","misc6":"","misc7":"","longitude":-81.11113360823896,"latitude":31.952591459956967,"licenseNumber":"STR-025660-2025","matchedAddress":"31 RIVERS BEND DR"}},{"type":"Feature","geometry":{"type":"Point","coordinates":[-81.1110560176464,31.981119324388597]},"properties":{"Business License Number":"STR-025746-2025","Business Name":"WENDY MOYNIHAN","DBA":"1125 HALCYON","Business Status":"Active","Business License Type":"Short Term Rental","Business License Classification":"STR - Short Term Rental","Business License Status":"Renewed","Business License Year":"2026","Business License Issued Date":"7/17/2026","Business License Expiration Date":"6/30/2027","Parcel_Matched_Address":"1125 HALCYON DR","Parcel_PIN":"10527 02026","Parcel_Match_Method":"No unique match","misc0":"","misc1":"","misc2":"","misc3":"","misc4":"","misc5":"","misc6":"","misc7":"","longitude":-81.1110560176464,"latitude":31.981119324388597,"licenseNumber":"STR-025746-2025","matchedAddress":"1125 HALCYON DR"}},{"type":"Feature","geometry":{"type":"Point","coordinates":[-81.11125145590191,31.981288238059534]},"properties":{"Business License Number":"STR-025745-2025","Business Name":"WENDY MOYNIHAN","DBA":"1119 HALCYON DRIVE","Business Status":"Active","Business License Type":"Short Term Rental","Business License Classification":"STR - Short Term Rental","Business License Status":"Renewed","Business License Year":"2026","Business License Issued Date":"7/17/2026","Business License Expiration Date":"6/30/2027","Parcel_Matched_Address":"1119 HALCYON DR","Parcel_PIN":"10527 02027","Parcel_Match_Method":"Exact normalized","misc0":"","misc1":"","misc2":"","misc3":"","misc4":"","misc5":"","misc6":"","misc7":"","longitude":-81.11125145590191,"latitude":31.981288238059534,"licenseNumber":"STR-025745-2025","matchedAddress":"1119 HALCYON DR"}},{"type":"Feature","geometry":{"type":"Point","coordinates":[-81.11805422420608,31.94933948898648]},"properties":{"Business License Number":"STR-026514-2026","Business Name":"RUSSELL MICHAEL STRAZZELLA & ELIZABETH ANNE KORSEDAL","DBA":"1338 PINE RIDGE DR ","Business Status":"Active","Business License Type":"Short Term Rental","Business License Classification":"STR - Short Term Rental","Business License Status":"Renewed","Business License Year":"2026","Business License Issued Date":"7/13/2026","Business License Expiration Date":"6/30/2027","Parcel_Matched_Address":"1338 PINE RIDGE DR","Parcel_PIN":"10572 01037","Parcel_Match_Method":"Exact normalized","misc0":"","misc1":"","misc2":"","misc3":"","misc4":"","misc5":"","misc6":"","misc7":"","longitude":-81.11805422420608,"latitude":31.94933948898648,"licenseNumber":"STR-026514-2026","matchedAddress":"1338 PINE RIDGE DR"}},{"type":"Feature","geometry":{"type":"Point","coordinates":[-81.12174850625561,31.94104273278998]},"properties":{"Business License Number":"STR-025818-2025","Business Name":"JENNIFER  JO WATERS ","DBA":"9943 WHITEFIELD AVE - GUEST SUITE","Business Status":"Active","Business License Type":"Short Term Rental","Business License Classification":"STR - Short Term Rental","Business License Status":"Renewed","Business License Year":"2026","Business License Issued Date":"8/4/2026","Business License Expiration Date":"6/30/2027","Parcel_Matched_Address":"9943 WHITEFIELD AVE","Parcel_PIN":"10573 01001","Parcel_Match_Method":"Normalized address core","misc0":"","misc1":"","misc2":"","misc3":"","misc4":"","misc5":"","misc6":"","misc7":"","longitude":-81.12174850625561,"latitude":31.94104273278998,"licenseNumber":"STR-025818-2025","matchedAddress":"9943 WHITEFIELD AVE"}},{"type":"Feature","geometry":{"type":"Point","coordinates":[-81.12174850625561,31.94104273278998]},"properties":{"Business License Number":"STR-025817-2025","Business Name":"JENNIFER  JO WATERS ","DBA":"9943 WHITEFIELD AVE - GUEST SUITE","Business Status":"Active","Business License Type":"Short Term Rental","Business License Classification":"STR - Short Term Rental","Business License Status":"Renewed","Business License Year":"2026","Business License Issued Date":"8/4/2026","Business License Expiration Date":"6/30/2027","Parcel_Matched_Address":"9943 WHITEFIELD AVE","Parcel_PIN":"10573 01001","Parcel_Match_Method":"Normalized address core","misc0":"","misc1":"","misc2":"","misc3":"","misc4":"","misc5":"","misc6":"","misc7":"","longitude":-81.12174850625561,"latitude":31.94104273278998,"licenseNumber":"STR-025817-2025","matchedAddress":"9943 WHITEFIELD AVE"}},{"type":"Feature","geometry":{"type":"Point","coordinates":[-81.1557600904123,32.04564720479318]},"properties":{"Business License Number":"STR-025277-2025","Business Name":"JANET EDNA MILLER","DBA":"4810 GARRARD AVE  (GARAGE APARTMENT)","Business Status":"Active","Business License Type":"Short Term Rental","Business License Classification":"STR - Short Term Rental","Business License Status":"Renewed","Business License Year":"2027","Business License Issued Date":"6/18/2026","Business License Expiration Date":"6/30/2027","Parcel_Matched_Address":"4810 GARRARD AVE","Parcel_PIN":"10745 03012","Parcel_Match_Method":"Normalized address core","misc0":"","misc1":"","misc2":"","misc3":"","misc4":"","misc5":"","misc6":"","misc7":"","longitude":-81.1557600904123,"latitude":32.04564720479318,"licenseNumber":"STR-025277-2025","matchedAddress":"4810 GARRARD AVE"}},{"type":"Feature","geometry":{"type":"Point","coordinates":[-81.15137361118931,32.039064098537494]},"properties":{"Business License Number":"STR-026012-2025","Business Name":"CHRISTIAN CHAPMAN","DBA":"220 SANDLEWOOD DR","Business Status":"Active","Business License Type":"Short Term Rental","Business License Classification":"STR - Short Term Rental","Business License Status":"Renewed","Business License Year":"2026","Business License Issued Date":"6/23/2026","Business License Expiration Date":"6/30/2027","Parcel_Matched_Address":"220 SANDLEWOOD DR","Parcel_PIN":"10747 10020","Parcel_Match_Method":"Exact normalized","misc0":"","misc1":"","misc2":"","misc3":"","misc4":"","misc5":"","misc6":"","misc7":"","longitude":-81.15137361118931,"latitude":32.039064098537494,"licenseNumber":"STR-026012-2025","matchedAddress":"220 SANDLEWOOD DR"}},{"type":"Feature","geometry":{"type":"Point","coordinates":[-81.15616475475004,32.03758665714847]},"properties":{"Business License Number":"STR-026232-2026","Business Name":"E. TOLBERT COUNSELING AND CONSULTING, LLC.","DBA":"33 BRANDLE WAY","Business Status":"Active","Business License Type":"Short Term Rental","Business License Classification":"STR - Short Term Rental","Business License Status":"Renewed","Business License Year":"2027","Business License Issued Date":"7/13/2026","Business License Expiration Date":"6/30/2027","Parcel_Matched_Address":"33 BRANDLE WAY","Parcel_PIN":"10788 02041","Parcel_Match_Method":"Exact normalized","misc0":"","misc1":"","misc2":"","misc3":"","misc4":"","misc5":"","misc6":"","misc7":"","longitude":-81.15616475475004,"latitude":32.03758665714847,"licenseNumber":"STR-026232-2026","matchedAddress":"33 BRANDLE WAY"}},{"type":"Feature","geometry":{"type":"Point","coordinates":[-81.15406204707526,32.03514467038339]},"properties":{"Business License Number":"STR-026040-2025","Business Name":"BRADFORD-EUGENE LLC","DBA":"16 MILLS RUN CT","Business Status":"Active","Business License Type":"Short Term Rental","Business License Classification":"STR - Short Term Rental","Business License Status":"Renewed","Business License Year":"2026","Business License Issued Date":"8/3/2026","Business License Expiration Date":"6/30/2027","Parcel_Matched_Address":"16 MILLS RUN CT","Parcel_PIN":"10788 04077","Parcel_Match_Method":"Exact normalized","misc0":"","misc1":"","misc2":"","misc3":"","misc4":"","misc5":"","misc6":"","misc7":"","longitude":-81.15406204707526,"latitude":32.03514467038339,"licenseNumber":"STR-026040-2025","matchedAddress":"16 MILLS RUN CT"}},{"type":"Feature","geometry":{"type":"Point","coordinates":[-81.15182050958242,32.034907550170246]},"properties":{"Business License Number":"STR-026305-2026","Business Name":"NESTPULSE GROUP LLC","DBA":"117 BLAINE CT","Business Status":"Active","Business License Type":"Short Term Rental","Business License Classification":"STR - Short Term Rental","Business License Status":"Renewed","Business License Year":"2027","Business License Issued Date":"7/14/2026","Business License Expiration Date":"6/30/2027","Parcel_Matched_Address":"117 BLAINE CT","Parcel_PIN":"10788 04102","Parcel_Match_Method":"Exact normalized","misc0":"","misc1":"","misc2":"","misc3":"","misc4":"","misc5":"","misc6":"","misc7":"","longitude":-81.15182050958242,"latitude":32.034907550170246,"licenseNumber":"STR-026305-2026","matchedAddress":"117 BLAINE CT"}},{"type":"Feature","geometry":{"type":"Point","coordinates":[-81.15783185623026,32.041018225262725]},"properties":{"Business License Number":"STR-025801-2025","Business Name":"MAX'S PLACE-YOUR 2ND HOME","DBA":"2 AMELIA COURT ","Business Status":"Active","Business License Type":"Short Term Rental","Business License Classification":"STR - Short Term Rental","Business License Status":"Renewed","Business License Year":"2026","Business License Issued Date":"7/23/2026","Business License Expiration Date":"6/30/2027","Parcel_Matched_Address":"2 AMELIA CT","Parcel_PIN":"10789 01046","Parcel_Match_Method":"Exact normalized","misc0":"","misc1":"","misc2":"","misc3":"","misc4":"","misc5":"","misc6":"","misc7":"","longitude":-81.15783185623026,"latitude":32.041018225262725,"licenseNumber":"STR-025801-2025","matchedAddress":"2 AMELIA CT"}},{"type":"Feature","geometry":{"type":"Point","coordinates":[-81.16852654847624,32.039635782018514]},"properties":{"Business License Number":"STR-025814-2025","Business Name":"SMACKO, INC/ RED GATE FARMS (HAYLOFT)","DBA":"136 RED GATE FARMS TRAIL","Business Status":"Active","Business License Type":"Short Term Rental","Business License Classification":"STR - Short Term Rental","Business License Status":"Renewed","Business License Year":"2026","Business License Issued Date":"7/23/2026","Business License Expiration Date":"6/30/2027","Parcel_Matched_Address":"136 RED GATE FARMS TRL","Parcel_PIN":"10838 01003","Parcel_Match_Method":"Exact normalized","misc0":"","misc1":"","misc2":"","misc3":"","misc4":"","misc5":"","misc6":"","misc7":"","longitude":-81.16852654847624,"latitude":32.039635782018514,"licenseNumber":"STR-025814-2025","matchedAddress":"136 RED GATE FARMS TRL"}},{"type":"Feature","geometry":{"type":"Point","coordinates":[-81.16639580241174,32.03833238045385]},"properties":{"Business License Number":"STR-025815-2025","Business Name":"CAMP HAPPY JOY ","DBA":"105 RED GATE FARMS TRAIL","Business Status":"Active","Business License Type":"Short Term Rental","Business License Classification":"STR - Short Term Rental","Business License Status":"Renewed","Business License Year":"2026","Business License Issued Date":"7/23/2026","Business License Expiration Date":"6/30/2027","Parcel_Matched_Address":"105 RED GATE FARMS TRL","Parcel_PIN":"10838 01004V","Parcel_Match_Method":"Exact normalized","misc0":"","misc1":"","misc2":"","misc3":"","misc4":"","misc5":"","misc6":"","misc7":"","longitude":-81.16639580241174,"latitude":32.03833238045385,"licenseNumber":"STR-025815-2025","matchedAddress":"105 RED GATE FARMS TRL"}},{"type":"Feature","geometry":{"type":"Point","coordinates":[-81.22027771138173,32.042983728367176]},"properties":{"Business License Number":"STR-026446-2026","Business Name":"WOODLANDS MANOR","DBA":"5528 SILK HOPE ROAD","Business Status":"Active","Business License Type":"Short Term Rental","Business License Classification":"STR - Short Term Rental","Business License Status":"Renewed","Business License Year":"2027","Business License Issued Date":"6/24/2026","Business License Expiration Date":"6/30/2027","Parcel_Matched_Address":"5528 SILK HOPE RD","Parcel_PIN":"10990 01010","Parcel_Match_Method":"Exact normalized","misc0":"","misc1":"","misc2":"","misc3":"","misc4":"","misc5":"","misc6":"","misc7":"","longitude":-81.22027771138173,"latitude":32.042983728367176,"licenseNumber":"STR-026446-2026","matchedAddress":"5528 SILK HOPE RD"}},{"type":"Feature","geometry":{"type":"Point","coordinates":[-81.21836600744604,32.021298355077896]},"properties":{"Business License Number":"STR-025848-2025","Business Name":"IVAN SHALAVUTA","DBA":"202 FONTENOT DR","Business Status":"Active","Business License Type":"Short Term Rental","Business License Classification":"STR - Short Term Rental","Business License Status":"Renewed","Business License Year":"2026","Business License Issued Date":"7/14/2026","Business License Expiration Date":"6/30/2027","Parcel_Matched_Address":"202 FONTENOT DR","Parcel_PIN":"10991D01007","Parcel_Match_Method":"Exact normalized","misc0":"","misc1":"","misc2":"","misc3":"","misc4":"","misc5":"","misc6":"","misc7":"","longitude":-81.21836600744604,"latitude":32.021298355077896,"licenseNumber":"STR-025848-2025","matchedAddress":"202 FONTENOT DR"}},{"type":"Feature","geometry":{"type":"Point","coordinates":[-81.2218064691459,32.02553365227912]},"properties":{"Business License Number":"STR-026306-2026","Business Name":"SAMMIEZ PROPERTIES, LLC.","DBA":"157 W. TAHOE DR.","Business Status":"Active","Business License Type":"Short Term Rental","Business License Classification":"STR - Short Term Rental","Business License Status":"Renewed","Business License Year":"2027","Business License Issued Date":"7/13/2026","Business License Expiration Date":"6/30/2027","Parcel_Matched_Address":"157 W TAHOE DR","Parcel_PIN":"10991D01151","Parcel_Match_Method":"Exact normalized","misc0":"","misc1":"","misc2":"","misc3":"","misc4":"","misc5":"","misc6":"","misc7":"","longitude":-81.2218064691459,"latitude":32.02553365227912,"licenseNumber":"STR-026306-2026","matchedAddress":"157 W TAHOE DR"}},{"type":"Feature","geometry":{"type":"Point","coordinates":[-81.20336706132103,31.987579642559417]},"properties":{"Business License Number":"STR-026545-2026","Business Name":"TROY BELDEN BRAY","DBA":"132 WIMBLEDON DR.","Business Status":"Active","Business License Type":"Short Term Rental","Business License Classification":"STR - Short Term Rental","Business License Status":"Issued","Business License Year":"2026","Business License Issued Date":"8/7/2026","Business License Expiration Date":"6/30/2027","Parcel_Matched_Address":"132 WIMBLEDON DR","Parcel_PIN":"10993B06029","Parcel_Match_Method":"Exact normalized","misc0":"","misc1":"","misc2":"","misc3":"","misc4":"","misc5":"","misc6":"","misc7":"","longitude":-81.20336706132103,"latitude":31.987579642559417,"licenseNumber":"STR-026545-2026","matchedAddress":"132 WIMBLEDON DR"}},{"type":"Feature","geometry":{"type":"Point","coordinates":[-81.20184217880244,31.990095279072985]},"properties":{"Business License Number":"STR-025665-2025","Business Name":"MUSICMANZ VENTURES LLC","DBA":"25 LEEWARD DRIVE","Business Status":"Active","Business License Type":"Short Term Rental","Business License Classification":"STR - Short Term Rental","Business License Status":"Renewed","Business License Year":"2026","Business License Issued Date":"8/3/2026","Business License Expiration Date":"6/30/2027","Parcel_Matched_Address":"25 LEEWARD DR","Parcel_PIN":"10993G01049","Parcel_Match_Method":"Exact normalized","misc0":"","misc1":"","misc2":"","misc3":"","misc4":"","misc5":"","misc6":"","misc7":"","longitude":-81.20184217880244,"latitude":31.990095279072985,"licenseNumber":"STR-025665-2025","matchedAddress":"25 LEEWARD DR"}},{"type":"Feature","geometry":{"type":"Point","coordinates":[-81.22367235086095,31.970881816898892]},"properties":{"Business License Number":"STR-025872-2025","Business Name":"EVGUENI BORISENKO","DBA":"117 WILD HERON RD","Business Status":"Active","Business License Type":"Short Term Rental","Business License Classification":"STR - Short Term Rental","Business License Status":"Renewed","Business License Year":"2026","Business License Issued Date":"7/20/2026","Business License Expiration Date":"6/30/2027","Parcel_Matched_Address":"117 WILD HERON RD","Parcel_PIN":"11003D01009","Parcel_Match_Method":"Exact normalized","misc0":"","misc1":"","misc2":"","misc3":"","misc4":"","misc5":"","misc6":"","misc7":"","longitude":-81.22367235086095,"latitude":31.970881816898892,"licenseNumber":"STR-025872-2025","matchedAddress":"117 WILD HERON RD"}},{"type":"Feature","geometry":{"type":"Point","coordinates":[-81.22016657058792,31.979198222349495]},"properties":{"Business License Number":"STR-025203-2025","Business Name":"WAI CHIK NG (JADE)","DBA":"112 LAURENS LN","Business Status":"Applied","Business License Type":"Short Term Rental","Business License Classification":"STR - Short Term Rental","Business License Status":"Renewed","Business License Year":"2027","Business License Issued Date":"7/23/2026","Business License Expiration Date":"6/30/2027","Parcel_Matched_Address":"112 LAURENS LN","Parcel_PIN":"11004A01103","Parcel_Match_Method":"Exact normalized","misc0":"","misc1":"","misc2":"","misc3":"","misc4":"","misc5":"","misc6":"","misc7":"","longitude":-81.22016657058792,"latitude":31.979198222349495,"licenseNumber":"STR-025203-2025","matchedAddress":"112 LAURENS LN"}},{"type":"Feature","geometry":{"type":"Point","coordinates":[-81.22946481196205,31.982680815651666]},"properties":{"Business License Number":"STR-025879-2025","Business Name":"CARLOS R. MONTENEGRO","DBA":"6 BRANDY LANE","Business Status":"Active","Business License Type":"Short Term Rental","Business License Classification":"STR - Short Term Rental","Business License Status":"Renewed","Business License Year":"2026","Business License Issued Date":"7/21/2026","Business License Expiration Date":"6/30/2027","Parcel_Matched_Address":"6 BRANDY LN","Parcel_PIN":"11004B01016","Parcel_Match_Method":"Exact normalized","misc0":"","misc1":"","misc2":"","misc3":"","misc4":"","misc5":"","misc6":"","misc7":"","longitude":-81.22946481196205,"latitude":31.982680815651666,"licenseNumber":"STR-025879-2025","matchedAddress":"6 BRANDY LN"}},{"type":"Feature","geometry":{"type":"Point","coordinates":[-81.24018406819194,31.97006271789395]},"properties":{"Business License Number":"STR-025667-2025","Business Name":"SCOTT REALTY PROFESIONALS LLC","DBA":"108 TRELLIS WAY","Business Status":"Active","Business License Type":"Short Term Rental","Business License Classification":"STR - Short Term Rental","Business License Status":"Renewed","Business License Year":"2026","Business License Issued Date":"6/23/2026","Business License Expiration Date":"6/30/2027","Parcel_Matched_Address":"108 TRELLIS WAY","Parcel_PIN":"11004F04004","Parcel_Match_Method":"Exact normalized","misc0":"","misc1":"","misc2":"","misc3":"","misc4":"","misc5":"","misc6":"","misc7":"","longitude":-81.24018406819194,"latitude":31.97006271789395,"licenseNumber":"STR-025667-2025","matchedAddress":"108 TRELLIS WAY"}},{"type":"Feature","geometry":{"type":"Point","coordinates":[-81.2402467127104,31.970158855915106]},"properties":{"Business License Number":"STR-025666-2025","Business Name":"SCOTT REALTY PROFESIONALS LLC","DBA":"110 TRELLIS WAY","Business Status":"Active","Business License Type":"Short Term Rental","Business License Classification":"STR - Short Term Rental","Business License Status":"Renewed","Business License Year":"2026","Business License Issued Date":"6/22/2026","Business License Expiration Date":"6/30/2027","Parcel_Matched_Address":"110 TRELLIS WAY","Parcel_PIN":"11004F04005","Parcel_Match_Method":"Exact normalized","misc0":"","misc1":"","misc2":"","misc3":"","misc4":"","misc5":"","misc6":"","misc7":"","longitude":-81.2402467127104,"latitude":31.970158855915106,"licenseNumber":"STR-025666-2025","matchedAddress":"110 TRELLIS WAY"}},{"type":"Feature","geometry":{"type":"Point","coordinates":[-81.2432429761362,31.974524972354242]},"properties":{"Business License Number":"STR-024903","Business Name":"ELIZABETH W ENSOR","DBA":"4 SUNSET WAY","Business Status":"Active","Business License Type":"Short Term Rental","Business License Classification":"STR - Short Term Rental","Business License Status":"Renewed","Business License Year":"2026","Business License Issued Date":"8/5/2026","Business License Expiration Date":"6/30/2027","Parcel_Matched_Address":"4 SUNSET WAY","Parcel_PIN":"11004L01091","Parcel_Match_Method":"Exact normalized","misc0":"","misc1":"","misc2":"","misc3":"","misc4":"","misc5":"","misc6":"","misc7":"","longitude":-81.2432429761362,"latitude":31.974524972354242,"licenseNumber":"STR-024903","matchedAddress":"4 SUNSET WAY"}},{"type":"Feature","geometry":{"type":"Point","coordinates":[-81.23825392568699,32.02087380823961]},"properties":{"Business License Number":"STR-025734-2025","Business Name":"RAYMOND ROME OUTLER JR ","DBA":"113 LARCHMONT DR","Business Status":"Active","Business License Type":"Short Term Rental","Business License Classification":"STR - Short Term Rental","Business License Status":"Renewed","Business License Year":"2026","Business License Issued Date":"8/4/2026","Business License Expiration Date":"6/30/2027","Parcel_Matched_Address":"113 LARCHMONT DR","Parcel_PIN":"11006A06002","Parcel_Match_Method":"Exact normalized","misc0":"","misc1":"","misc2":"","misc3":"","misc4":"","misc5":"","misc6":"","misc7":"","longitude":-81.23825392568699,"latitude":32.02087380823961,"licenseNumber":"STR-025734-2025","matchedAddress":"113 LARCHMONT DR"}},{"type":"Feature","geometry":{"type":"Point","coordinates":[-81.24057519434743,32.02241869495905]},"properties":{"Business License Number":"STR-025631-2025","Business Name":"SAVASKA LLC","DBA":"132 HOLIDAY DRIVE","Business Status":"Active","Business License Type":"Short Term Rental","Business License Classification":"STR - Short Term Rental","Business License Status":"Renewed","Business License Year":"2026","Business License Issued Date":"7/14/2026","Business License Expiration Date":"6/30/2027","Parcel_Matched_Address":"132 HOLIDAY DR","Parcel_PIN":"11006A06014","Parcel_Match_Method":"Exact normalized","misc0":"","misc1":"","misc2":"","misc3":"","misc4":"","misc5":"","misc6":"","misc7":"","longitude":-81.24057519434743,"latitude":32.02241869495905,"licenseNumber":"STR-025631-2025","matchedAddress":"132 HOLIDAY DR"}},{"type":"Feature","geometry":{"type":"Point","coordinates":[-81.24470573083124,32.02591601432615]},"properties":{"Business License Number":"STR-026091-2025","Business Name":"HUGO ALFARO","DBA":"106 HOLIDAY CIR","Business Status":"Active","Business License Type":"Short Term Rental","Business License Classification":"STR - Short Term Rental","Business License Status":"Renewed","Business License Year":"2026","Business License Issued Date":"7/17/2026","Business License Expiration Date":"6/30/2027","Parcel_Matched_Address":"106 HOLIDAY CIR","Parcel_PIN":"11007A01003","Parcel_Match_Method":"Exact normalized","misc0":"","misc1":"","misc2":"","misc3":"","misc4":"","misc5":"","misc6":"","misc7":"","longitude":-81.24470573083124,"latitude":32.02591601432615,"licenseNumber":"STR-026091-2025","matchedAddress":"106 HOLIDAY CIR"}},{"type":"Feature","geometry":{"type":"Point","coordinates":[-81.242908258353,32.02613065468733]},"properties":{"Business License Number":"STR-025677-2025","Business Name":"DEYAN KOTZEV","DBA":"232 LARCHMONT DR","Business Status":"Active","Business License Type":"Short Term Rental","Business License Classification":"STR - Short Term Rental","Business License Status":"Renewed","Business License Year":"2026","Business License Issued Date":"7/22/2026","Business License Expiration Date":"6/30/2027","Parcel_Matched_Address":"232 LARCHMONT DR","Parcel_PIN":"11007A03019","Parcel_Match_Method":"Exact normalized","misc0":"","misc1":"","misc2":"","misc3":"","misc4":"","misc5":"","misc6":"","misc7":"","longitude":-81.242908258353,"latitude":32.02613065468733,"licenseNumber":"STR-025677-2025","matchedAddress":"232 LARCHMONT DR"}},{"type":"Feature","geometry":{"type":"Point","coordinates":[-81.24383816610691,32.02545864223533]},"properties":{"Business License Number":"STR-025809-2025","Business Name":"ESTUARDO NATARENO","DBA":"236 HOLIDAY DRIVE","Business Status":"Active","Business License Type":"Short Term Rental","Business License Classification":"STR - Short Term Rental","Business License Status":"Renewed","Business License Year":"2026","Business License Issued Date":"7/14/2026","Business License Expiration Date":"6/30/2027","Parcel_Matched_Address":"236 HOLIDAY DR","Parcel_PIN":"11007A04021","Parcel_Match_Method":"Exact normalized","misc0":"","misc1":"","misc2":"","misc3":"","misc4":"","misc5":"","misc6":"","misc7":"","longitude":-81.24383816610691,"latitude":32.02545864223533,"licenseNumber":"STR-025809-2025","matchedAddress":"236 HOLIDAY DR"}},{"type":"Feature","geometry":{"type":"Point","coordinates":[-81.24467973677896,32.02882429238958]},"properties":{"Business License Number":"STR-025135","Business Name":"BRANDON LINKER","DBA":"133 LAURELWOOD DR.","Business Status":"Applied","Business License Type":"Short Term Rental","Business License Classification":"STR - Short Term Rental","Business License Status":"Renewed","Business License Year":"2026","Business License Issued Date":"7/22/2026","Business License Expiration Date":"6/30/2027","Parcel_Matched_Address":"133 LAURELWOOD DR","Parcel_PIN":"11007B01018","Parcel_Match_Method":"Exact normalized","misc0":"","misc1":"","misc2":"","misc3":"","misc4":"","misc5":"","misc6":"","misc7":"","longitude":-81.24467973677896,"latitude":32.02882429238958,"licenseNumber":"STR-025135","matchedAddress":"133 LAURELWOOD DR"}},{"type":"Feature","geometry":{"type":"Point","coordinates":[-81.24375528387836,32.02690899476087]},"properties":{"Business License Number":"STR-025614-2025","Business Name":"JENNIFER BROWN","DBA":"167 LAURELWOOD DR","Business Status":"Active","Business License Type":"Short Term Rental","Business License Classification":"STR - Short Term Rental","Business License Status":"Renewed","Business License Year":"2027","Business License Issued Date":"8/4/2026","Business License Expiration Date":"6/30/2027","Parcel_Matched_Address":"167 LAURELWOOD DR","Parcel_PIN":"11007B01035","Parcel_Match_Method":"Exact normalized","misc0":"","misc1":"","misc2":"","misc3":"","misc4":"","misc5":"","misc6":"","misc7":"","longitude":-81.24375528387836,"latitude":32.02690899476087,"licenseNumber":"STR-025614-2025","matchedAddress":"167 LAURELWOOD DR"}},{"type":"Feature","geometry":{"type":"Point","coordinates":[-81.25541462550572,32.0375880230557]},"properties":{"Business License Number":"STR-025724-2025","Business Name":"QUALITY COASTAL HOMES, LLC ","DBA":"113 FINN CIRCLE ","Business Status":"Active","Business License Type":"Short Term Rental","Business License Classification":"STR - Short Term Rental","Business License Status":"Renewed","Business License Year":"2026","Business License Issued Date":"7/14/2026","Business License Expiration Date":"6/30/2027","Parcel_Matched_Address":"113 FINN CIR","Parcel_PIN":"11008A01004","Parcel_Match_Method":"Exact normalized","misc0":"","misc1":"","misc2":"","misc3":"","misc4":"","misc5":"","misc6":"","misc7":"","longitude":-81.25541462550572,"latitude":32.0375880230557,"licenseNumber":"STR-025724-2025","matchedAddress":"113 FINN CIR"}},{"type":"Feature","geometry":{"type":"Point","coordinates":[-81.23050910461163,32.02609218528912]},"properties":{"Business License Number":"STR-025845-2025","Business Name":"RAQUEL ORTEGA","DBA":"40 REESE WAY","Business Status":"Active","Business License Type":"Short Term Rental","Business License Classification":"STR - Short Term Rental","Business License Status":"Renewed","Business License Year":"2026","Business License Issued Date":"7/21/2026","Business License Expiration Date":"6/30/2027","Parcel_Matched_Address":"40 REESE WAY","Parcel_PIN":"11008B12121","Parcel_Match_Method":"Exact normalized","misc0":"","misc1":"","misc2":"","misc3":"","misc4":"","misc5":"","misc6":"","misc7":"","longitude":-81.23050910461163,"latitude":32.02609218528912,"licenseNumber":"STR-025845-2025","matchedAddress":"40 REESE WAY"}},{"type":"Feature","geometry":{"type":"Point","coordinates":[-81.2536022850024,32.045897847117864]},"properties":{"Business License Number":"STR-025983-2025","Business Name":"ALFA PROPERTIES RENTALS LLC","DBA":"122 WAX MYRTLE CT ","Business Status":"Active","Business License Type":"Short Term Rental","Business License Classification":"STR - Short Term Rental","Business License Status":"Renewed","Business License Year":"2026","Business License Issued Date":"7/23/2026","Business License Expiration Date":"6/30/2027","Parcel_Matched_Address":"122 WAX MYRTLE CT","Parcel_PIN":"11008E02092","Parcel_Match_Method":"Exact normalized","misc0":"","misc1":"","misc2":"","misc3":"","misc4":"","misc5":"","misc6":"","misc7":"","longitude":-81.2536022850024,"latitude":32.045897847117864,"licenseNumber":"STR-025983-2025","matchedAddress":"122 WAX MYRTLE CT"}},{"type":"Feature","geometry":{"type":"Point","coordinates":[-81.25561709983845,32.04560733941562]},"properties":{"Business License Number":"STR-026083-2025","Business Name":"STACIE SALMON","DBA":"217 CHERRY LAURAL LN","Business Status":"Active","Business License Type":"Short Term Rental","Business License Classification":"STR - Short Term Rental","Business License Status":"Renewed","Business License Year":"2026","Business License Issued Date":"6/24/2026","Business License Expiration Date":"6/30/2027","Parcel_Matched_Address":"217 CHERRY LAURAL LN","Parcel_PIN":"11008E03026","Parcel_Match_Method":"Exact normalized","misc0":"","misc1":"","misc2":"","misc3":"","misc4":"","misc5":"","misc6":"","misc7":"","longitude":-81.25561709983845,"latitude":32.04560733941562,"licenseNumber":"STR-026083-2025","matchedAddress":"217 CHERRY LAURAL LN"}},{"type":"Feature","geometry":{"type":"Point","coordinates":[-81.25807350493976,32.04804296741897]},"properties":{"Business License Number":"STR-025796-2025","Business Name":"ANDREW & ASTRID WING","DBA":"178 CHERRY LAURAL LANE","Business Status":"Active","Business License Type":"Short Term Rental","Business License Classification":"STR - Short Term Rental","Business License Status":"Renewed","Business License Year":"2026","Business License Issued Date":"7/23/2026","Business License Expiration Date":"6/30/2027","Parcel_Matched_Address":"178 CHERRY LAURAL LN","Parcel_PIN":"11008E03050","Parcel_Match_Method":"Exact normalized","misc0":"","misc1":"","misc2":"","misc3":"","misc4":"","misc5":"","misc6":"","misc7":"","longitude":-81.25807350493976,"latitude":32.04804296741897,"licenseNumber":"STR-025796-2025","matchedAddress":"178 CHERRY LAURAL LN"}},{"type":"Feature","geometry":{"type":"Point","coordinates":[-81.23852979709035,32.044792670986894]},"properties":{"Business License Number":"STR-026117-2025","Business Name":"DEVAN WILSON","DBA":"70 CHAPEL LAKE NORTH","Business Status":"Active","Business License Type":"Short Term Rental","Business License Classification":"STR - Short Term Rental","Business License Status":"Renewed","Business License Year":"2026","Business License Issued Date":"8/6/2026","Business License Expiration Date":"6/30/2027","Parcel_Matched_Address":"70 CHAPEL LAKE N","Parcel_PIN":"11008K01022","Parcel_Match_Method":"Exact normalized","misc0":"","misc1":"","misc2":"","misc3":"","misc4":"","misc5":"","misc6":"","misc7":"","longitude":-81.23852979709035,"latitude":32.044792670986894,"licenseNumber":"STR-026117-2025","matchedAddress":"70 CHAPEL LAKE N"}},{"type":"Feature","geometry":{"type":"Point","coordinates":[-81.23697507634188,32.04447812054916]},"properties":{"Business License Number":"STR-025703-2025","Business Name":"ALISHA HARRINGTON","DBA":"110 CHAPEL LAKE S","Business Status":"Active","Business License Type":"Short Term Rental","Business License Classification":"STR - Short Term Rental","Business License Status":"Renewed","Business License Year":"2026","Business License Issued Date":"8/4/2026","Business License Expiration Date":"6/30/2027","Parcel_Matched_Address":"110 CHAPEL LAKE S","Parcel_PIN":"11008K04006","Parcel_Match_Method":"Exact normalized","misc0":"","misc1":"","misc2":"","misc3":"","misc4":"","misc5":"","misc6":"","misc7":"","longitude":-81.23697507634188,"latitude":32.04447812054916,"licenseNumber":"STR-025703-2025","matchedAddress":"110 CHAPEL LAKE S"}},{"type":"Feature","geometry":{"type":"Point","coordinates":[-81.26387157414074,32.05491539047621]},"properties":{"Business License Number":"STR-026498-2026","Business Name":"EBS SERVICES LLC","DBA":"133 BERWICK LAKES BLVD.","Business Status":"Active","Business License Type":"Short Term Rental","Business License Classification":"STR - Short Term Rental","Business License Status":"Issued","Business License Year":"2026","Business License Issued Date":"6/23/2026","Business License Expiration Date":"6/30/2027","Parcel_Matched_Address":"133 BERWICK LAKES BLVD","Parcel_PIN":"11009A01018","Parcel_Match_Method":"Exact normalized","misc0":"","misc1":"","misc2":"","misc3":"","misc4":"","misc5":"","misc6":"","misc7":"","longitude":-81.26387157414074,"latitude":32.05491539047621,"licenseNumber":"STR-026498-2026","matchedAddress":"133 BERWICK LAKES BLVD"}},{"type":"Feature","geometry":{"type":"Point","coordinates":[-81.2621435195075,32.05512716369395]},"properties":{"Business License Number":"STR-026323-2026","Business Name":"HUDSON VELLE","DBA":"153 BERWICK LAKES BLVD","Business Status":"Active","Business License Type":"Short Term Rental","Business License Classification":"STR - Short Term Rental","Business License Status":"Renewed","Business License Year":"2027","Business License Issued Date":"8/3/2026","Business License Expiration Date":"6/30/2027","Parcel_Matched_Address":"153 BERWICK LAKES BLVD","Parcel_PIN":"11009A01030","Parcel_Match_Method":"Exact normalized","misc0":"","misc1":"","misc2":"","misc3":"","misc4":"","misc5":"","misc6":"","misc7":"","longitude":-81.2621435195075,"latitude":32.05512716369395,"licenseNumber":"STR-026323-2026","matchedAddress":"153 BERWICK LAKES BLVD"}},{"type":"Feature","geometry":{"type":"Point","coordinates":[-81.25821887426005,32.05421035758368]},"properties":{"Business License Number":"STR-026552-2026","Business Name":"CHRISTIAN JOSEPH TEOLI","DBA":"129 BLUE GILL LN","Business Status":"Active","Business License Type":"Short Term Rental","Business License Classification":"STR - Short Term Rental","Business License Status":"Issued","Business License Year":"2026","Business License Issued Date":"7/20/2026","Business License Expiration Date":"6/30/2027","Parcel_Matched_Address":"129 BLUE GILL LN","Parcel_PIN":"11009A01056","Parcel_Match_Method":"Exact normalized","misc0":"","misc1":"","misc2":"","misc3":"","misc4":"","misc5":"","misc6":"","misc7":"","longitude":-81.25821887426005,"latitude":32.05421035758368,"licenseNumber":"STR-026552-2026","matchedAddress":"129 BLUE GILL LN"}},{"type":"Feature","geometry":{"type":"Point","coordinates":[-81.26057076658134,32.056621480334606]},"properties":{"Business License Number":"STR-026528-2026","Business Name":"ANTHONY VALDES","DBA":"5 BLUE GILL LANE","Business Status":"Active","Business License Type":"Short Term Rental","Business License Classification":"STR - Short Term Rental","Business License Status":"Issued","Business License Year":"2026","Business License Issued Date":"7/21/2026","Business License Expiration Date":"6/30/2027","Parcel_Matched_Address":"5 BLUE GILL LN","Parcel_PIN":"11009A01142","Parcel_Match_Method":"Exact normalized","misc0":"","misc1":"","misc2":"","misc3":"","misc4":"","misc5":"","misc6":"","misc7":"","longitude":-81.26057076658134,"latitude":32.056621480334606,"licenseNumber":"STR-026528-2026","matchedAddress":"5 BLUE GILL LN"}},{"type":"Feature","geometry":{"type":"Point","coordinates":[-81.26390459895856,32.05738261133471]},"properties":{"Business License Number":"STR-025859-2025","Business Name":"STEPHANIE OSBORNE","DBA":"7 CHADWICK CT","Business Status":"Active","Business License Type":"Short Term Rental","Business License Classification":"STR - Short Term Rental","Business License Status":"Renewed","Business License Year":"2026","Business License Issued Date":"7/17/2026","Business License Expiration Date":"6/30/2027","Parcel_Matched_Address":"7 CHADWICK CT","Parcel_PIN":"11009D03048","Parcel_Match_Method":"Exact normalized","misc0":"","misc1":"","misc2":"","misc3":"","misc4":"","misc5":"","misc6":"","misc7":"","longitude":-81.26390459895856,"latitude":32.05738261133471,"licenseNumber":"STR-025859-2025","matchedAddress":"7 CHADWICK CT"}},{"type":"Feature","geometry":{"type":"Point","coordinates":[-81.25862572549461,32.05788667690494]},"properties":{"Business License Number":"STR-026352-2026","Business Name":"MATTHEW MYLES","DBA":"180 BERWICK LAKES BLVD","Business Status":"Active","Business License Type":"Short Term Rental","Business License Classification":"STR - Short Term Rental","Business License Status":"Renewed","Business License Year":"2027","Business License Issued Date":"7/21/2026","Business License Expiration Date":"6/30/2027","Parcel_Matched_Address":"180 BERWICK LAKES BLVD","Parcel_PIN":"11009E02011","Parcel_Match_Method":"Exact normalized","misc0":"","misc1":"","misc2":"","misc3":"","misc4":"","misc5":"","misc6":"","misc7":"","longitude":-81.25862572549461,"latitude":32.05788667690494,"licenseNumber":"STR-026352-2026","matchedAddress":"180 BERWICK LAKES BLVD"}},{"type":"Feature","geometry":{"type":"Point","coordinates":[-81.25896047619365,32.06038582867337]},"properties":{"Business License Number":"STR-025730-2025","Business Name":"JOHNSON & AFFILIATES LLC","DBA":"11 LANWICK COURT","Business Status":"Active","Business License Type":"Short Term Rental","Business License Classification":"STR - Short Term Rental","Business License Status":"Renewed","Business License Year":"2026","Business License Issued Date":"7/17/2026","Business License Expiration Date":"6/30/2027","Parcel_Matched_Address":"11 LANWICK CT","Parcel_PIN":"11009E04006","Parcel_Match_Method":"Exact normalized","misc0":"","misc1":"","misc2":"","misc3":"","misc4":"","misc5":"","misc6":"","misc7":"","longitude":-81.25896047619365,"latitude":32.06038582867337,"licenseNumber":"STR-025730-2025","matchedAddress":"11 LANWICK CT"}},{"type":"Feature","geometry":{"type":"Point","coordinates":[-81.25933158842784,32.06263516190098]},"properties":{"Business License Number":"STR-025805-2025","Business Name":"MW PROPERTIES ","DBA":"27 STALWICK DR ","Business Status":"Active","Business License Type":"Short Term Rental","Business License Classification":"STR - Short Term Rental","Business License Status":"Renewed","Business License Year":"2026","Business License Issued Date":"7/14/2026","Business License Expiration Date":"6/30/2027","Parcel_Matched_Address":"27 STALWICK DR","Parcel_PIN":"11009E04034","Parcel_Match_Method":"Exact normalized","misc0":"","misc1":"","misc2":"","misc3":"","misc4":"","misc5":"","misc6":"","misc7":"","longitude":-81.25933158842784,"latitude":32.06263516190098,"licenseNumber":"STR-025805-2025","matchedAddress":"27 STALWICK DR"}},{"type":"Feature","geometry":{"type":"Point","coordinates":[-81.25903252299659,32.05923158425043]},"properties":{"Business License Number":"STR-025782-2025","Business Name":"OSCAR TELLEZ","DBA":"20 BLUELAKE BLVD","Business Status":"Active","Business License Type":"Short Term Rental","Business License Classification":"STR - Short Term Rental","Business License Status":"Renewed","Business License Year":"2026","Business License Issued Date":"7/22/2026","Business License Expiration Date":"6/30/2027","Parcel_Matched_Address":"20 BLUELAKE BLVD","Parcel_PIN":"11009F01037","Parcel_Match_Method":"Exact normalized","misc0":"","misc1":"","misc2":"","misc3":"","misc4":"","misc5":"","misc6":"","misc7":"","longitude":-81.25903252299659,"latitude":32.05923158425043,"licenseNumber":"STR-025782-2025","matchedAddress":"20 BLUELAKE BLVD"}},{"type":"Feature","geometry":{"type":"Point","coordinates":[-81.2620739528315,32.06024807073859]},"properties":{"Business License Number":"STR-025669-2025","Business Name":"WILLIAM RICHARDS","DBA":"109 BLUELAKE BLVD","Business Status":"Active","Business License Type":"Short Term Rental","Business License Classification":"STR - Short Term Rental","Business License Status":"Renewed","Business License Year":"2026","Business License Issued Date":"7/17/2026","Business License Expiration Date":"6/30/2027","Parcel_Matched_Address":"109 BLUELAKE BLVD","Parcel_PIN":"11009F01046","Parcel_Match_Method":"Exact normalized","misc0":"","misc1":"","misc2":"","misc3":"","misc4":"","misc5":"","misc6":"","misc7":"","longitude":-81.2620739528315,"latitude":32.06024807073859,"licenseNumber":"STR-025669-2025","matchedAddress":"109 BLUELAKE BLVD"}},{"type":"Feature","geometry":{"type":"Point","coordinates":[-81.26278183820635,32.06103482081041]},"properties":{"Business License Number":"STR-025824-2025","Business Name":"CHARMING STAYS LLC","DBA":"121 BLUELAKE BLVD","Business Status":"Active","Business License Type":"Short Term Rental","Business License Classification":"STR - Short Term Rental","Business License Status":"Renewed","Business License Year":"2026","Business License Issued Date":"7/14/2026","Business License Expiration Date":"6/30/2027","Parcel_Matched_Address":"121 BLUELAKE BLVD","Parcel_PIN":"11009F01052","Parcel_Match_Method":"Exact normalized","misc0":"","misc1":"","misc2":"","misc3":"","misc4":"","misc5":"","misc6":"","misc7":"","longitude":-81.26278183820635,"latitude":32.06103482081041,"licenseNumber":"STR-025824-2025","matchedAddress":"121 BLUELAKE BLVD"}},{"type":"Feature","geometry":{"type":"Point","coordinates":[-81.26340954473868,32.061590697918234]},"properties":{"Business License Number":"STR-025309-2025","Business Name":"EBS SERVICES LLC","DBA":"130 BLUELAKE BLVD","Business Status":"Active","Business License Type":"Short Term Rental","Business License Classification":"STR - Short Term Rental","Business License Status":"Renewed","Business License Year":"2027","Business License Issued Date":"6/23/2026","Business License Expiration Date":"6/30/2027","Parcel_Matched_Address":"130 BLUELAKE BLVD","Parcel_PIN":"11009F01072","Parcel_Match_Method":"Exact normalized","misc0":"","misc1":"","misc2":"","misc3":"","misc4":"","misc5":"","misc6":"","misc7":"","longitude":-81.26340954473868,"latitude":32.061590697918234,"licenseNumber":"STR-025309-2025","matchedAddress":"130 BLUELAKE BLVD"}},{"type":"Feature","geometry":{"type":"Point","coordinates":[-81.2632344775446,32.0607358061139]},"properties":{"Business License Number":"STR-024957","Business Name":"120 BLUELAKE BLVD.","DBA":"120 BLUELAKE BLVD.","Business Status":"Active","Business License Type":"Short Term Rental","Business License Classification":"STR - Short Term Rental","Business License Status":"Renewed","Business License Year":"2026","Business License Issued Date":"7/14/2026","Business License Expiration Date":"6/30/2027","Parcel_Matched_Address":"120 BLUELAKE BLVD","Parcel_PIN":"11009F01077","Parcel_Match_Method":"Exact normalized","misc0":"","misc1":"","misc2":"","misc3":"","misc4":"","misc5":"","misc6":"","misc7":"","longitude":-81.2632344775446,"latitude":32.0607358061139,"licenseNumber":"STR-024957","matchedAddress":"120 BLUELAKE BLVD"}},{"type":"Feature","geometry":{"type":"Point","coordinates":[-81.26460816886957,32.05864281439467]},"properties":{"Business License Number":"STR-026235-2026","Business Name":"TISBURY PROPERTIES LLC","DBA":"134 W TISBURY LN","Business Status":"Active","Business License Type":"Short Term Rental","Business License Classification":"STR - Short Term Rental","Business License Status":"Renewed","Business License Year":"2027","Business License Issued Date":"7/21/2026","Business License Expiration Date":"6/30/2027","Parcel_Matched_Address":"134 W TISBURY LN","Parcel_PIN":"11009F01123","Parcel_Match_Method":"Exact normalized","misc0":"","misc1":"","misc2":"","misc3":"","misc4":"","misc5":"","misc6":"","misc7":"","longitude":-81.26460816886957,"latitude":32.05864281439467,"licenseNumber":"STR-026235-2026","matchedAddress":"134 W TISBURY LN"}},{"type":"Feature","geometry":{"type":"Point","coordinates":[-81.26403009548619,32.05912295123468]},"properties":{"Business License Number":"STR-025704-2025","Business Name":"MATTHEW PIERINGER","DBA":"142 W TISBURY LANE","Business Status":"Active","Business License Type":"Short Term Rental","Business License Classification":"STR - Short Term Rental","Business License Status":"Renewed","Business License Year":"2026","Business License Issued Date":"7/17/2026","Business License Expiration Date":"6/30/2027","Parcel_Matched_Address":"142 W TISBURY LN","Parcel_PIN":"11009F01127","Parcel_Match_Method":"Exact normalized","misc0":"","misc1":"","misc2":"","misc3":"","misc4":"","misc5":"","misc6":"","misc7":"","longitude":-81.26403009548619,"latitude":32.05912295123468,"licenseNumber":"STR-025704-2025","matchedAddress":"142 W TISBURY LN"}},{"type":"Feature","geometry":{"type":"Point","coordinates":[-81.26594832540694,32.058150288625185]},"properties":{"Business License Number":"STR-025825-2025","Business Name":"CHARMING STAYS LLC","DBA":"119 W. TISBURY LN","Business Status":"Active","Business License Type":"Short Term Rental","Business License Classification":"STR - Short Term Rental","Business License Status":"Renewed","Business License Year":"2026","Business License Issued Date":"7/14/2026","Business License Expiration Date":"6/30/2027","Parcel_Matched_Address":"119 W TISBURY LN","Parcel_PIN":"11009F01141","Parcel_Match_Method":"Exact normalized","misc0":"","misc1":"","misc2":"","misc3":"","misc4":"","misc5":"","misc6":"","misc7":"","longitude":-81.26594832540694,"latitude":32.058150288625185,"licenseNumber":"STR-025825-2025","matchedAddress":"119 W TISBURY LN"}},{"type":"Feature","geometry":{"type":"Point","coordinates":[-81.26328614578777,32.063410861207984]},"properties":{"Business License Number":"STR-025608-2025","Business Name":"FAMILY BNB LLC","DBA":"197 AQUINNAH DR","Business Status":"Applied","Business License Type":"Short Term Rental","Business License Classification":"STR - Short Term Rental","Business License Status":"Renewed","Business License Year":"2026","Business License Issued Date":"7/20/2026","Business License Expiration Date":"6/30/2027","Parcel_Matched_Address":"197 AQUINNAH DR","Parcel_PIN":"11009F01157","Parcel_Match_Method":"Exact normalized","misc0":"","misc1":"","misc2":"","misc3":"","misc4":"","misc5":"","misc6":"","misc7":"","longitude":-81.26328614578777,"latitude":32.063410861207984,"licenseNumber":"STR-025608-2025","matchedAddress":"197 AQUINNAH DR"}},{"type":"Feature","geometry":{"type":"Point","coordinates":[-81.26574039102847,32.06166267568802]},"properties":{"Business License Number":"STR-025117","Business Name":"J HINOJOSA INVESTMENTS, LLC.","DBA":"129 AQUINNAH DR.","Business Status":"Applied","Business License Type":"Short Term Rental","Business License Classification":"STR - Short Term Rental","Business License Status":"Renewed","Business License Year":"2026","Business License Issued Date":"7/20/2026","Business License Expiration Date":"6/30/2027","Parcel_Matched_Address":"129 AQUINNAH DR","Parcel_PIN":"11009F02014","Parcel_Match_Method":"Exact normalized","misc0":"","misc1":"","misc2":"","misc3":"","misc4":"","misc5":"","misc6":"","misc7":"","longitude":-81.26574039102847,"latitude":32.06166267568802,"licenseNumber":"STR-025117","matchedAddress":"129 AQUINNAH DR"}},{"type":"Feature","geometry":{"type":"Point","coordinates":[-81.26558435610379,32.06256629917368]},"properties":{"Business License Number":"STR-025550-2025","Business Name":"DONNA MARIE BALL","DBA":"10 BOSTWICK DR","Business Status":"Active","Business License Type":"Short Term Rental","Business License Classification":"STR - Short Term Rental","Business License Status":"Renewed","Business License Year":"2026","Business License Issued Date":"6/18/2026","Business License Expiration Date":"6/30/2027","Parcel_Matched_Address":"10 BOSTWICK DR","Parcel_PIN":"11009F02056","Parcel_Match_Method":"Exact normalized","misc0":"","misc1":"","misc2":"","misc3":"","misc4":"","misc5":"","misc6":"","misc7":"","longitude":-81.26558435610379,"latitude":32.06256629917368,"licenseNumber":"STR-025550-2025","matchedAddress":"10 BOSTWICK DR"}},{"type":"Feature","geometry":{"type":"Point","coordinates":[-81.35592920285123,32.061184156840454]},"properties":{"Business License Number":"STR-026155-2025","Business Name":"COURTNEY RESIDENTIAL LLC","DBA":"225 CANVASBACK DR","Business Status":"Active","Business License Type":"Short Term Rental","Business License Classification":"STR - Short Term Rental","Business License Status":"Renewed","Business License Year":"2026","Business License Issued Date":"7/14/2026","Business License Expiration Date":"6/30/2027","Parcel_Matched_Address":"225 CANVASBACK DR","Parcel_PIN":"11048E03030","Parcel_Match_Method":"Exact normalized","misc0":"","misc1":"","misc2":"","misc3":"","misc4":"","misc5":"","misc6":"","misc7":"","longitude":-81.35592920285123,"latitude":32.061184156840454,"licenseNumber":"STR-026155-2025","matchedAddress":"225 CANVASBACK DR"}},{"type":"Feature","geometry":{"type":"Point","coordinates":[-81.06114589441937,32.01786828317303]},"properties":{"Business License Number":"STR-025749-2025","Business Name":"THE DOCK HOUSE GA, LLC","DBA":"5000 TAYLOR RD","Business Status":"Active","Business License Type":"Short Term Rental","Business License Classification":"STR - Short Term Rental","Business License Status":"Renewed","Business License Year":"2026","Business License Issued Date":"6/29/2026","Business License Expiration Date":"6/30/2027","Parcel_Matched_Address":"5000 TAYLOR RD","Parcel_PIN":"10294 02014","Parcel_Match_Method":"Exact normalized","misc0":"","misc1":"","misc2":"","misc3":"","misc4":"","misc5":"","misc6":"","misc7":"","longitude":-81.06114589441937,"latitude":32.01786828317303,"licenseNumber":"STR-025749-2025","matchedAddress":"5000 TAYLOR RD"}},{"type":"Feature","geometry":{"type":"Point","coordinates":[-81.0604500298128,31.980161415981524]},"properties":{"Business License Number":"STR-026518-2026","Business Name":"SARAH BROOKE SANDIN","DBA":"9 ROSE AVE","Business Status":"Active","Business License Type":"Short Term Rental","Business License Classification":"STR - Short Term Rental","Business License Status":"Issued","Business License Year":"2026","Business License Issued Date":"8/3/2026","Business License Expiration Date":"6/30/2027","Parcel_Matched_Address":"9 ROSE AVE","Parcel_PIN":"10306 04013","Parcel_Match_Method":"Exact normalized","misc0":"","misc1":"","misc2":"","misc3":"","misc4":"","misc5":"","misc6":"","misc7":"","longitude":-81.0604500298128,"latitude":31.980161415981524,"licenseNumber":"STR-026518-2026","matchedAddress":"9 ROSE AVE"}},{"type":"Feature","geometry":{"type":"Point","coordinates":[-80.97802204454096,32.03399997072938]},"properties":{"Business License Number":"STR-026324-2026","Business Name":"ANDERSON RESENDE","DBA":"635 SUNCREST BLVD","Business Status":"Active","Business License Type":"Short Term Rental","Business License Classification":"STR - Short Term Rental","Business License Status":"Renewed","Business License Year":"2027","Business License Issued Date":"6/29/2026","Business License Expiration Date":"6/30/2027","Parcel_Matched_Address":"635 SUNCREST BLVD","Parcel_PIN":"10053 01009","Parcel_Match_Method":"Exact normalized","misc0":"","misc1":"","misc2":"","misc3":"","misc4":"","misc5":"","misc6":"","misc7":"","longitude":-80.97802204454096,"latitude":32.03399997072938,"licenseNumber":"STR-026324-2026","matchedAddress":"635 SUNCREST BLVD"}},{"type":"Feature","geometry":{"type":"Point","coordinates":[-80.97046216520071,32.0409706498883]},"properties":{"Business License Number":"STR-025770-2025","Business Name":"LIVEOAKIES, LLC.","DBA":"127 FALLIGANT AVENUE (COTTAGE 1)","Business Status":"Active","Business License Type":"Short Term Rental","Business License Classification":"STR - Short Term Rental","Business License Status":"Renewed","Business License Year":"2026","Business License Issued Date":"7/21/2026","Business License Expiration Date":"6/30/2027","Parcel_Matched_Address":"127 FALLIGANT AVE","Parcel_PIN":"10049 01004","Parcel_Match_Method":"Normalized address core","misc0":"","misc1":"","misc2":"","misc3":"","misc4":"","misc5":"","misc6":"","misc7":"","longitude":-80.97046216520071,"latitude":32.0409706498883,"licenseNumber":"STR-025770-2025","matchedAddress":"127 FALLIGANT AVE"}},{"type":"Feature","geometry":{"type":"Point","coordinates":[-80.97046216520071,32.0409706498883]},"properties":{"Business License Number":"STR-025772-2025","Business Name":"LIVEOAKIES, LLC.","DBA":"127 FALLIGANT AVE (COTTAGE 2)","Business Status":"Active","Business License Type":"Short Term Rental","Business License Classification":"STR - Short Term Rental","Business License Status":"Renewed","Business License Year":"2026","Business License Issued Date":"7/23/2026","Business License Expiration Date":"6/30/2027","Parcel_Matched_Address":"127 FALLIGANT AVE","Parcel_PIN":"10049 01004","Parcel_Match_Method":"Normalized address core","misc0":"","misc1":"","misc2":"","misc3":"","misc4":"","misc5":"","misc6":"","misc7":"","longitude":-80.97046216520071,"latitude":32.0409706498883,"licenseNumber":"STR-025772-2025","matchedAddress":"127 FALLIGANT AVE"}},{"type":"Feature","geometry":{"type":"Point","coordinates":[-80.97046216520071,32.0409706498883]},"properties":{"Business License Number":"STR-025771-2025","Business Name":"LIVEOAKIES, LLC.","DBA":"127 FALLIGANT AVE (MAIN)","Business Status":"Active","Business License Type":"Short Term Rental","Business License Classification":"STR - Short Term Rental","Business License Status":"Renewed","Business License Year":"2026","Business License Issued Date":"7/23/2026","Business License Expiration Date":"6/30/2027","Parcel_Matched_Address":"127 FALLIGANT AVE","Parcel_PIN":"10049 01004","Parcel_Match_Method":"Normalized address core","misc0":"","misc1":"","misc2":"","misc3":"","misc4":"","misc5":"","misc6":"","misc7":"","longitude":-80.97046216520071,"latitude":32.0409706498883,"licenseNumber":"STR-025771-2025","matchedAddress":"127 FALLIGANT AVE"}},{"type":"Feature","geometry":{"type":"Point","coordinates":[-80.9620277840021,32.005182308049456]},"properties":{"Business License Number":"STR-026571-2026","Business Name":"STEVEN S. & LORI K. HESS","DBA":"917 BOB WHITE RD.","Business Status":"Active","Business License Type":"Short Term Rental","Business License Classification":"STR - Short Term Rental","Business License Status":"Issued","Business License Year":"2026","Business License Issued Date":"8/4/2026","Business License Expiration Date":"6/30/2027","Parcel_Matched_Address":"917 BOB WHITE RD","Parcel_PIN":"10040 08015","Parcel_Match_Method":"Exact normalized","misc0":"","misc1":"","misc2":"","misc3":"","misc4":"","misc5":"","misc6":"","misc7":"","longitude":-80.9620277840021,"latitude":32.005182308049456,"licenseNumber":"STR-026571-2026","matchedAddress":"917 BOB WHITE RD"}},{"type":"Feature","geometry":{"type":"Point","coordinates":[-80.951301350904,32.01565216129797]},"properties":{"Business License Number":"STR-025692-2025","Business Name":"JOHN LINDSEY AND LENELL DUFOUR","DBA":"27 MORNINGSIDE DRIVE","Business Status":"Active","Business License Type":"Short Term Rental","Business License Classification":"STR - Short Term Rental","Business License Status":"Renewed","Business License Year":"2026","Business License Issued Date":"7/23/2026","Business License Expiration Date":"6/30/2027","Parcel_Matched_Address":"27 MORNINGSIDE DR","Parcel_PIN":"10035 02047","Parcel_Match_Method":"Exact normalized","misc0":"","misc1":"","misc2":"","misc3":"","misc4":"","misc5":"","misc6":"","misc7":"","longitude":-80.951301350904,"latitude":32.01565216129797,"licenseNumber":"STR-025692-2025","matchedAddress":"27 MORNINGSIDE DR"}},{"type":"Feature","geometry":{"type":"Point","coordinates":[-80.95119529718632,32.015897555165274]},"properties":{"Business License Number":"STR-025691-2025","Business Name":"DUFOUR","DBA":"29 MORNINGSIDE DRIVE","Business Status":"Active","Business License Type":"Short Term Rental","Business License Classification":"STR - Short Term Rental","Business License Status":"Renewed","Business License Year":"2026","Business License Issued Date":"7/23/2026","Business License Expiration Date":"6/30/2027","Parcel_Matched_Address":"29 MORNINGSIDE DR","Parcel_PIN":"10035 02046","Parcel_Match_Method":"Exact normalized","misc0":"","misc1":"","misc2":"","misc3":"","misc4":"","misc5":"","misc6":"","misc7":"","longitude":-80.95119529718632,"latitude":32.015897555165274,"licenseNumber":"STR-025691-2025","matchedAddress":"29 MORNINGSIDE DR"}},{"type":"Feature","geometry":{"type":"Point","coordinates":[-80.97511468178229,31.994899598431708]},"properties":{"Business License Number":"STR-025059","Business Name":"NATHANIEL HAYWARD","DBA":"1512 WALTHOUR RD #B","Business Status":"Applied","Business License Type":"Short Term Rental","Business License Classification":"STR - Short Term Rental","Business License Status":"Renewed","Business License Year":"2026","Business License Issued Date":"6/29/2026","Business License Expiration Date":"6/30/2027","Parcel_Matched_Address":"1512 WALTHOUR RD ##B","Parcel_PIN":"10067 02035","Parcel_Match_Method":"Exact normalized","misc0":"","misc1":"","misc2":"","misc3":"","misc4":"","misc5":"","misc6":"","misc7":"","longitude":-80.97511468178229,"latitude":31.994899598431708,"licenseNumber":"STR-025059","matchedAddress":"1512 WALTHOUR RD ##B"}},{"type":"Feature","geometry":{"type":"Point","coordinates":[-81.18501562212182,32.03363981751404]},"properties":{"Business License Number":"STR-025682-2025","Business Name":"CAREN BRAMHALL","DBA":"231 BUCKHALTER RD ","Business Status":"Active","Business License Type":"Short Term Rental","Business License Classification":"STR - Short Term Rental","Business License Status":"Renewed","Business License Year":"2026","Business License Issued Date":"8/3/2026","Business License Expiration Date":"6/30/2027","Parcel_Matched_Address":"231 BUCKHALTER RD","Parcel_PIN":"10954 03007","Parcel_Match_Method":"Exact normalized","misc0":"","misc1":"","misc2":"","misc3":"","misc4":"","misc5":"","misc6":"","misc7":"","longitude":-81.18501562212182,"latitude":32.03363981751404,"licenseNumber":"STR-025682-2025","matchedAddress":"231 BUCKHALTER RD"}}]}