{
"type": "FeatureCollection",
"name": "georgia-zip-codes",
"crs": { "type": "name", "properties": { "name": "urn:ogc:def:crs:OGC:1.3:CRS84" } },
"features": [
{ "type": "Feature", "properties": { "id": "0b5bf47e-52dc-4b30-81a5-8ed4820833e5", "Name": "31302", "description": null, "timestamp": null, "begin": null, "end": null, "altitudeMode": null, "tessellate": -1, "extrude": 0, "visibility": -1, "drawOrder": null, "icon": null, "code": "31302", "url": "/us/zip-codes/31302", "jurisdiction_depth_yards": { "BLOOMINGDALE": 2458.7, "POOLER": 382.8, "UNINCORPORATED": 1008.5, "SAVANNAH": 1353.3 } }, "geometry": { "type": "Polygon", "coordinates": [ [ [ -81.407706, 32.127995 ], [ -81.406646, 32.127876 ], [ -81.405593, 32.129292 ], [ -81.407111, 32.130375 ], [ -81.406432, 32.131348 ], [ -81.406295, 32.134003 ], [ -81.406989, 32.136269 ], [ -81.406921, 32.137711 ], [ -81.40528, 32.139553 ], [ -81.40557, 32.142494 ], [ -81.404189, 32.14331 ], [ -81.402045, 32.143497 ], [ -81.402177, 32.144505 ], [ -81.403846, 32.147148 ], [ -81.402015, 32.147758 ], [ -81.401931, 32.150184 ], [ -81.401057, 32.15224 ], [ -81.397892, 32.153734 ], [ -81.398162, 32.157094 ], [ -81.397427, 32.160518 ], [ -81.396554, 32.161891 ], [ -81.396527, 32.161467 ], [ -81.395059, 32.161136 ], [ -81.393355, 32.161358 ], [ -81.392238, 32.160842 ], [ -81.391313, 32.161958 ], [ -81.389112, 32.161981 ], [ -81.38914, 32.16358 ], [ -81.389513, 32.164203 ], [ -81.38946, 32.166038 ], [ -81.387805, 32.167071 ], [ -81.387561, 32.170325 ], [ -81.386879, 32.169561 ], [ -81.385867, 32.168605 ], [ -81.3829, 32.167088 ], [ -81.383204, 32.168166 ], [ -81.381681, 32.173211 ], [ -81.380372, 32.174664 ], [ -81.381911, 32.177517 ], [ -81.375173, 32.180484 ], [ -81.370867, 32.173209 ], [ -81.370153, 32.168826 ], [ -81.361169, 32.16942 ], [ -81.355768, 32.183663 ], [ -81.355004, 32.181869 ], [ -81.35276, 32.183619 ], [ -81.351324, 32.182226 ], [ -81.350606, 32.183625 ], [ -81.349057, 32.183752 ], [ -81.346118, 32.182893 ], [ -81.343715, 32.183269 ], [ -81.338339, 32.182099 ], [ -81.335015, 32.182037 ], [ -81.328744, 32.177559 ], [ -81.326858, 32.178264 ], [ -81.32426, 32.178379 ], [ -81.321916, 32.176173 ], [ -81.318182, 32.173543 ], [ -81.317405, 32.172268 ], [ -81.316, 32.1719 ], [ -81.311218, 32.168888 ], [ -81.308345, 32.168867 ], [ -81.302913, 32.171104 ], [ -81.30032, 32.170997 ], [ -81.299493, 32.171743 ], [ -81.294281, 32.171712 ], [ -81.291429, 32.173189 ], [ -81.288771, 32.172515 ], [ -81.284699, 32.173049 ], [ -81.283893, 32.17297 ], [ -81.283054, 32.173014 ], [ -81.279677, 32.171236 ], [ -81.283394, 32.167115 ], [ -81.284661, 32.166437 ], [ -81.285762, 32.164602 ], [ -81.283499, 32.162883 ], [ -81.283647, 32.160806 ], [ -81.283147, 32.154705 ], [ -81.283537, 32.150118 ], [ -81.282353, 32.146119 ], [ -81.278188, 32.137724 ], [ -81.275513, 32.13839 ], [ -81.268456, 32.139294 ], [ -81.269296, 32.134763 ], [ -81.271845, 32.132422 ], [ -81.276636, 32.131656 ], [ -81.276258, 32.128719 ], [ -81.278502, 32.12874 ], [ -81.278661, 32.125797 ], [ -81.275636, 32.124907 ], [ -81.274096, 32.126837 ], [ -81.272521, 32.12391 ], [ -81.274938, 32.122276 ], [ -81.277243, 32.118573 ], [ -81.277713, 32.117753 ], [ -81.27916, 32.117582 ], [ -81.281744, 32.117704 ], [ -81.283097, 32.117121 ], [ -81.284572, 32.116167 ], [ -81.284612, 32.116115 ], [ -81.28477, 32.116022 ], [ -81.279606, 32.114455 ], [ -81.281251, 32.113963 ], [ -81.282405, 32.111415 ], [ -81.282594, 32.111196 ], [ -81.284965, 32.110002 ], [ -81.289466, 32.111381 ], [ -81.290949, 32.108669 ], [ -81.29145, 32.108716 ], [ -81.306112, 32.109477 ], [ -81.311038, 32.110135 ], [ -81.297671, 32.095303 ], [ -81.299171, 32.094674 ], [ -81.302734, 32.093808 ], [ -81.305068, 32.092987 ], [ -81.30802, 32.094052 ], [ -81.310147, 32.092935 ], [ -81.311562, 32.089354 ], [ -81.310277, 32.088024 ], [ -81.310153, 32.087513 ], [ -81.317992, 32.088061 ], [ -81.321055, 32.086827 ], [ -81.320161, 32.081766 ], [ -81.31746, 32.066603 ], [ -81.3165, 32.064404 ], [ -81.3205, 32.062244 ], [ -81.323471, 32.058555 ], [ -81.327138, 32.06163 ], [ -81.334113, 32.067911 ], [ -81.335056, 32.067946 ], [ -81.339161, 32.07282 ], [ -81.344528, 32.077447 ], [ -81.350725, 32.075567 ], [ -81.357172, 32.075644 ], [ -81.359477, 32.075322 ], [ -81.361577, 32.073658 ], [ -81.359446, 32.071715 ], [ -81.357978, 32.069221 ], [ -81.355904, 32.069843 ], [ -81.354898, 32.068124 ], [ -81.353096, 32.068562 ], [ -81.352439, 32.067318 ], [ -81.349675, 32.065381 ], [ -81.346733, 32.060484 ], [ -81.339768, 32.06573 ], [ -81.336733, 32.062525 ], [ -81.342564, 32.059431 ], [ -81.342363, 32.057247 ], [ -81.345204, 32.055077 ], [ -81.347145, 32.056863 ], [ -81.351779, 32.059835 ], [ -81.353414, 32.06149 ], [ -81.358004, 32.060039 ], [ -81.361676, 32.062004 ], [ -81.366385, 32.061878 ], [ -81.368363, 32.063448 ], [ -81.369867, 32.063164 ], [ -81.370114, 32.063865 ], [ -81.371956, 32.065492 ], [ -81.373712, 32.065134 ], [ -81.374713, 32.06581 ], [ -81.374325, 32.067754 ], [ -81.372672, 32.068412 ], [ -81.371612, 32.067909 ], [ -81.371322, 32.067877 ], [ -81.370676, 32.067909 ], [ -81.369701, 32.067729 ], [ -81.36881, 32.067932 ], [ -81.368435, 32.068247 ], [ -81.369289, 32.069834 ], [ -81.372314, 32.07237 ], [ -81.372302, 32.074841 ], [ -81.372559, 32.072206 ], [ -81.376904, 32.074072 ], [ -81.377389, 32.073676 ], [ -81.379268, 32.074717 ], [ -81.381495, 32.077334 ], [ -81.384727, 32.079517 ], [ -81.386692, 32.082183 ], [ -81.388967, 32.087046 ], [ -81.387143, 32.090229 ], [ -81.391698, 32.095886 ], [ -81.391261, 32.099827 ], [ -81.393168, 32.101335 ], [ -81.395747, 32.102216 ], [ -81.399573, 32.10461 ], [ -81.401323, 32.104154 ], [ -81.402055, 32.104737 ], [ -81.401949, 32.106286 ], [ -81.402851, 32.107266 ], [ -81.404162, 32.104601 ], [ -81.405962, 32.101905 ], [ -81.403301, 32.107498 ], [ -81.401605, 32.107282 ], [ -81.400724, 32.106215 ], [ -81.401259, 32.107745 ], [ -81.40288, 32.108581 ], [ -81.40155, 32.108826 ], [ -81.40142, 32.109932 ], [ -81.402366, 32.111279 ], [ -81.40084, 32.112152 ], [ -81.401344, 32.113433 ], [ -81.403045, 32.113135 ], [ -81.404304, 32.113975 ], [ -81.405013, 32.115643 ], [ -81.405372, 32.118885 ], [ -81.406791, 32.119518 ], [ -81.407073, 32.120934 ], [ -81.406287, 32.12155 ], [ -81.40454, 32.1208 ], [ -81.405326, 32.124996 ], [ -81.407951, 32.126961 ], [ -81.407706, 32.127995 ] ], [ [ -81.39064, 32.143043 ], [ -81.388741, 32.134281 ], [ -81.385662, 32.130116 ], [ -81.385677, 32.127443 ], [ -81.386947, 32.124885 ], [ -81.382325, 32.121884 ], [ -81.375822, 32.11866 ], [ -81.366094, 32.115168 ], [ -81.367465, 32.12698 ], [ -81.365461, 32.152727 ], [ -81.36793, 32.154114 ], [ -81.365037, 32.158365 ], [ -81.368525, 32.160041 ], [ -81.376595, 32.14799 ], [ -81.380049, 32.14839 ], [ -81.380696, 32.144478 ], [ -81.377987, 32.143146 ], [ -81.390442, 32.144446 ], [ -81.39064, 32.143043 ] ] ] } },
{ "type": "Feature", "properties": { "id": "32f297b3-43a2-4f39-8027-7b7bd50de5a0", "Name": "31308", "description": null, "timestamp": null, "begin": null, "end": null, "altitudeMode": null, "tessellate": -1, "extrude": 0, "visibility": -1, "drawOrder": null, "icon": null, "code": "31308", "url": "/us/zip-codes/31308", "jurisdiction_depth_yards": { "UNINCORPORATED": 60.5, "SAVANNAH": 39.4 } }, "geometry": { "type": "Polygon", "coordinates": [ [ [ -81.616768, 32.201113 ], [ -81.615245, 32.201369 ], [ -81.61435, 32.203173 ], [ -81.611601, 32.202894 ], [ -81.609734, 32.204575 ], [ -81.60517, 32.206594 ], [ -81.60205, 32.206384 ], [ -81.600473, 32.207941 ], [ -81.598421, 32.208072 ], [ -81.597263, 32.209311 ], [ -81.595689, 32.208784 ], [ -81.590964, 32.210155 ], [ -81.586582, 32.213189 ], [ -81.584662, 32.213896 ], [ -81.581157, 32.214306 ], [ -81.58004, 32.214008 ], [ -81.577882, 32.215663 ], [ -81.576027, 32.216437 ], [ -81.572102, 32.216808 ], [ -81.56982, 32.219807 ], [ -81.571013, 32.222807 ], [ -81.570411, 32.22625 ], [ -81.57055, 32.227128 ], [ -81.575563, 32.227942 ], [ -81.579792, 32.228174 ], [ -81.579558, 32.22928 ], [ -81.576192, 32.229837 ], [ -81.575802, 32.229284 ], [ -81.570414, 32.229833 ], [ -81.569879, 32.233168 ], [ -81.568819, 32.234723 ], [ -81.565566, 32.237299 ], [ -81.559129, 32.240308 ], [ -81.560357, 32.239897 ], [ -81.561571, 32.240237 ], [ -81.554327, 32.24302 ], [ -81.553176, 32.243806 ], [ -81.55014, 32.24351 ], [ -81.544033, 32.244863 ], [ -81.542633, 32.244217 ], [ -81.539701, 32.24221 ], [ -81.539463, 32.24004 ], [ -81.536223, 32.238255 ], [ -81.535093, 32.238518 ], [ -81.533599, 32.236973 ], [ -81.533541, 32.23471 ], [ -81.531339, 32.233772 ], [ -81.527475, 32.229861 ], [ -81.525485, 32.229521 ], [ -81.524736, 32.227896 ], [ -81.523782, 32.227885 ], [ -81.52167, 32.225409 ], [ -81.519042, 32.226626 ], [ -81.51829, 32.228316 ], [ -81.513486, 32.230352 ], [ -81.514242, 32.231975 ], [ -81.516499, 32.234643 ], [ -81.515335, 32.236297 ], [ -81.513045, 32.237389 ], [ -81.511614, 32.239041 ], [ -81.509919, 32.239486 ], [ -81.50519, 32.245598 ], [ -81.502828, 32.251374 ], [ -81.500458, 32.254992 ], [ -81.500479, 32.255905 ], [ -81.496195, 32.254714 ], [ -81.490808, 32.25954 ], [ -81.488185, 32.259436 ], [ -81.48643, 32.257703 ], [ -81.483327, 32.255743 ], [ -81.479447, 32.261256 ], [ -81.468746, 32.262906 ], [ -81.467358, 32.260454 ], [ -81.464086, 32.261375 ], [ -81.463207, 32.262415 ], [ -81.454323, 32.264373 ], [ -81.455253, 32.265892 ], [ -81.44004, 32.269475 ], [ -81.440634, 32.268573 ], [ -81.441508, 32.268804 ], [ -81.441863, 32.268392 ], [ -81.441652, 32.268132 ], [ -81.440647, 32.267407 ], [ -81.439788, 32.266599 ], [ -81.43872, 32.266396 ], [ -81.438896, 32.265861 ], [ -81.438589, 32.265642 ], [ -81.438103, 32.265628 ], [ -81.43765, 32.265452 ], [ -81.437664, 32.265033 ], [ -81.437621, 32.263786 ], [ -81.43653, 32.262981 ], [ -81.43637, 32.261772 ], [ -81.435142, 32.259704 ], [ -81.435455, 32.258685 ], [ -81.43682, 32.258121 ], [ -81.437537, 32.256484 ], [ -81.438667, 32.256355 ], [ -81.438575, 32.254458 ], [ -81.437186, 32.254416 ], [ -81.436561, 32.252476 ], [ -81.435325, 32.251658 ], [ -81.435279, 32.250594 ], [ -81.437354, 32.24836 ], [ -81.437186, 32.247753 ], [ -81.434165, 32.246864 ], [ -81.433128, 32.244736 ], [ -81.434058, 32.243671 ], [ -81.435569, 32.244571 ], [ -81.436645, 32.244231 ], [ -81.437471, 32.242736 ], [ -81.43583, 32.241289 ], [ -81.432891, 32.238391 ], [ -81.431655, 32.235363 ], [ -81.431571, 32.233334 ], [ -81.428687, 32.234444 ], [ -81.428344, 32.233322 ], [ -81.430022, 32.231476 ], [ -81.429473, 32.230762 ], [ -81.427871, 32.231201 ], [ -81.426086, 32.228012 ], [ -81.426147, 32.226067 ], [ -81.426833, 32.22475 ], [ -81.428344, 32.223877 ], [ -81.430114, 32.22393 ], [ -81.430053, 32.222262 ], [ -81.427665, 32.22081 ], [ -81.427009, 32.219181 ], [ -81.427512, 32.217953 ], [ -81.429359, 32.217892 ], [ -81.429221, 32.216586 ], [ -81.427619, 32.215767 ], [ -81.425651, 32.216361 ], [ -81.425117, 32.215007 ], [ -81.423583, 32.215248 ], [ -81.423034, 32.214039 ], [ -81.421638, 32.213306 ], [ -81.422569, 32.212151 ], [ -81.421577, 32.210411 ], [ -81.420562, 32.210068 ], [ -81.419692, 32.211498 ], [ -81.417381, 32.211212 ], [ -81.416824, 32.212193 ], [ -81.415771, 32.21181 ], [ -81.416122, 32.210231 ], [ -81.414657, 32.208439 ], [ -81.413554, 32.208047 ], [ -81.414443, 32.206238 ], [ -81.412948, 32.205429 ], [ -81.413512, 32.204597 ], [ -81.415893, 32.204166 ], [ -81.416129, 32.202613 ], [ -81.415061, 32.202517 ], [ -81.415771, 32.199528 ], [ -81.416427, 32.198504 ], [ -81.418601, 32.197224 ], [ -81.418472, 32.196303 ], [ -81.416267, 32.193989 ], [ -81.415796, 32.191684 ], [ -81.415702, 32.188983 ], [ -81.415099, 32.187877 ], [ -81.413039, 32.186569 ], [ -81.412002, 32.185265 ], [ -81.40969, 32.185284 ], [ -81.412505, 32.183674 ], [ -81.413848, 32.184536 ], [ -81.414993, 32.183937 ], [ -81.415282, 32.183075 ], [ -81.414573, 32.176567 ], [ -81.41191, 32.17625 ], [ -81.411735, 32.17461 ], [ -81.413665, 32.173538 ], [ -81.412345, 32.171551 ], [ -81.413223, 32.169483 ], [ -81.410529, 32.169784 ], [ -81.410056, 32.168213 ], [ -81.410842, 32.167152 ], [ -81.411491, 32.164585 ], [ -81.410857, 32.161571 ], [ -81.411681, 32.161011 ], [ -81.413482, 32.162025 ], [ -81.413665, 32.16024 ], [ -81.411887, 32.157669 ], [ -81.409576, 32.157021 ], [ -81.407691, 32.154324 ], [ -81.408469, 32.152081 ], [ -81.406532, 32.152766 ], [ -81.405784, 32.151482 ], [ -81.403945, 32.151348 ], [ -81.401931, 32.150184 ], [ -81.402015, 32.147758 ], [ -81.403846, 32.147148 ], [ -81.402177, 32.144505 ], [ -81.402045, 32.143497 ], [ -81.404189, 32.14331 ], [ -81.40557, 32.142494 ], [ -81.40528, 32.139553 ], [ -81.406921, 32.137711 ], [ -81.406989, 32.136269 ], [ -81.406295, 32.134003 ], [ -81.406432, 32.131348 ], [ -81.407111, 32.130375 ], [ -81.405593, 32.129292 ], [ -81.406646, 32.127876 ], [ -81.407706, 32.127995 ], [ -81.407951, 32.126961 ], [ -81.405326, 32.124996 ], [ -81.40454, 32.1208 ], [ -81.406287, 32.12155 ], [ -81.407073, 32.120934 ], [ -81.406791, 32.119518 ], [ -81.405372, 32.118885 ], [ -81.405013, 32.115643 ], [ -81.404304, 32.113975 ], [ -81.403045, 32.113135 ], [ -81.401344, 32.113433 ], [ -81.40084, 32.112152 ], [ -81.402366, 32.111279 ], [ -81.40142, 32.109932 ], [ -81.40155, 32.108826 ], [ -81.40288, 32.108581 ], [ -81.401259, 32.107745 ], [ -81.400724, 32.106215 ], [ -81.401605, 32.107282 ], [ -81.403301, 32.107498 ], [ -81.405962, 32.101905 ], [ -81.404162, 32.104601 ], [ -81.402851, 32.107266 ], [ -81.401949, 32.106286 ], [ -81.402055, 32.104737 ], [ -81.401323, 32.104154 ], [ -81.399573, 32.10461 ], [ -81.395747, 32.102216 ], [ -81.393168, 32.101335 ], [ -81.391261, 32.099827 ], [ -81.391698, 32.095886 ], [ -81.387143, 32.090229 ], [ -81.388967, 32.087046 ], [ -81.386692, 32.082183 ], [ -81.384727, 32.079517 ], [ -81.387963, 32.079513 ], [ -81.391513, 32.08041 ], [ -81.396415, 32.082915 ], [ -81.399706, 32.085496 ], [ -81.404248, 32.090558 ], [ -81.405516, 32.091476 ], [ -81.415269, 32.095259 ], [ -81.419526, 32.094842 ], [ -81.426486, 32.095948 ], [ -81.43498, 32.097835 ], [ -81.436128, 32.09791 ], [ -81.4398, 32.09726 ], [ -81.453238, 32.09337 ], [ -81.46139, 32.091445 ], [ -81.466256, 32.092468 ], [ -81.475579, 32.095221 ], [ -81.481989, 32.094305 ], [ -81.487963, 32.095135 ], [ -81.492806, 32.0948 ], [ -81.497152, 32.094223 ], [ -81.506073, 32.093435 ], [ -81.525995, 32.097207 ], [ -81.528669, 32.102483 ], [ -81.526343, 32.104073 ], [ -81.525412, 32.105888 ], [ -81.523712, 32.107675 ], [ -81.523601, 32.109077 ], [ -81.522147, 32.110248 ], [ -81.522597, 32.111843 ], [ -81.520156, 32.113657 ], [ -81.520515, 32.11708 ], [ -81.519948, 32.119165 ], [ -81.521544, 32.120165 ], [ -81.523197, 32.123392 ], [ -81.523885, 32.126013 ], [ -81.518329, 32.127239 ], [ -81.516684, 32.127262 ], [ -81.516126, 32.128143 ], [ -81.515312, 32.132595 ], [ -81.514408, 32.13454 ], [ -81.517715, 32.13465 ], [ -81.519693, 32.133927 ], [ -81.520036, 32.136595 ], [ -81.517542, 32.138894 ], [ -81.516867, 32.143521 ], [ -81.515535, 32.145639 ], [ -81.510244, 32.147484 ], [ -81.512804, 32.152105 ], [ -81.516801, 32.155562 ], [ -81.517587, 32.155903 ], [ -81.528913, 32.159153 ], [ -81.536624, 32.163063 ], [ -81.534394, 32.158457 ], [ -81.532423, 32.152831 ], [ -81.532387, 32.152217 ], [ -81.544739, 32.160764 ], [ -81.545551, 32.161735 ], [ -81.548849, 32.163487 ], [ -81.551429, 32.160851 ], [ -81.553523, 32.155589 ], [ -81.554167, 32.154995 ], [ -81.560998, 32.154663 ], [ -81.558961, 32.15885 ], [ -81.558593, 32.162028 ], [ -81.559164, 32.166795 ], [ -81.564249, 32.170612 ], [ -81.559844, 32.170707 ], [ -81.552406, 32.173853 ], [ -81.55196, 32.174193 ], [ -81.544269, 32.182146 ], [ -81.54569, 32.184824 ], [ -81.54599, 32.184953 ], [ -81.546207, 32.186171 ], [ -81.545705, 32.191777 ], [ -81.550186, 32.194316 ], [ -81.55476, 32.194314 ], [ -81.560261, 32.195804 ], [ -81.564361, 32.198076 ], [ -81.567886, 32.198782 ], [ -81.570882, 32.200417 ], [ -81.573416, 32.203972 ], [ -81.608304, 32.194291 ], [ -81.612929, 32.19427 ], [ -81.616729, 32.197684 ], [ -81.616768, 32.201113 ] ] ] } },
{ "type": "Feature", "properties": { "id": "ec231edb-58f7-4c73-95e7-799078821496", "Name": "31312", "description": null, "timestamp": null, "begin": null, "end": null, "altitudeMode": null, "tessellate": -1, "extrude": 0, "visibility": -1, "drawOrder": null, "icon": null, "code": "31312", "url": "/us/zip-codes/31312", "jurisdiction_depth_yards": { "PORT WENTWORTH": 51.5, "SAVANNAH": 40.5 } }, "geometry": { "type": "Polygon", "coordinates": [ [ [ -81.542526, 32.419254 ], [ -81.541076, 32.420783 ], [ -81.54026, 32.420361 ], [ -81.54055, 32.41854 ], [ -81.538184, 32.419024 ], [ -81.538368, 32.420563 ], [ -81.536598, 32.420826 ], [ -81.535217, 32.422443 ], [ -81.535461, 32.424602 ], [ -81.536369, 32.426006 ], [ -81.537177, 32.429512 ], [ -81.536018, 32.430103 ], [ -81.536178, 32.43124 ], [ -81.537658, 32.43367 ], [ -81.539047, 32.435077 ], [ -81.538238, 32.436408 ], [ -81.534217, 32.437523 ], [ -81.532508, 32.437592 ], [ -81.531392, 32.43885 ], [ -81.53054, 32.441662 ], [ -81.526946, 32.445923 ], [ -81.525726, 32.449818 ], [ -81.527648, 32.454417 ], [ -81.53009, 32.456493 ], [ -81.531402, 32.459057 ], [ -81.53054, 32.461315 ], [ -81.530647, 32.463394 ], [ -81.532218, 32.463614 ], [ -81.532623, 32.464557 ], [ -81.531341, 32.465942 ], [ -81.53175, 32.466698 ], [ -81.532683, 32.468258 ], [ -81.532436, 32.4728 ], [ -81.533285, 32.47392 ], [ -81.531034, 32.481571 ], [ -81.531274, 32.483697 ], [ -81.532777, 32.485762 ], [ -81.530653, 32.487882 ], [ -81.529326, 32.487971 ], [ -81.527704, 32.490186 ], [ -81.525745, 32.49082 ], [ -81.521554, 32.500732 ], [ -81.518537, 32.503106 ], [ -81.517304, 32.505802 ], [ -81.516129, 32.509753 ], [ -81.513272, 32.51207 ], [ -81.50896, 32.509811 ], [ -81.50475, 32.506614 ], [ -81.501088, 32.50302 ], [ -81.498674, 32.500014 ], [ -81.476504, 32.465311 ], [ -81.476396, 32.467053 ], [ -81.474873, 32.47524 ], [ -81.468203, 32.471307 ], [ -81.465107, 32.471313 ], [ -81.460178, 32.469868 ], [ -81.457837, 32.469557 ], [ -81.450967, 32.466991 ], [ -81.449743, 32.463645 ], [ -81.447506, 32.462373 ], [ -81.444575, 32.461886 ], [ -81.440421, 32.460206 ], [ -81.441963, 32.456816 ], [ -81.443866, 32.456696 ], [ -81.447927, 32.457991 ], [ -81.451802, 32.458683 ], [ -81.454853, 32.450081 ], [ -81.450781, 32.444927 ], [ -81.442302, 32.447623 ], [ -81.442545, 32.445592 ], [ -81.439697, 32.445449 ], [ -81.438946, 32.447459 ], [ -81.435119, 32.445068 ], [ -81.431869, 32.439152 ], [ -81.423984, 32.436484 ], [ -81.42541, 32.428309 ], [ -81.423242, 32.427868 ], [ -81.41746, 32.424494 ], [ -81.405353, 32.425237 ], [ -81.38997, 32.408152 ], [ -81.380181, 32.409799 ], [ -81.380007, 32.411256 ], [ -81.376664, 32.411172 ], [ -81.377332, 32.409509 ], [ -81.375069, 32.409177 ], [ -81.37533, 32.405434 ], [ -81.373502, 32.405211 ], [ -81.372055, 32.402103 ], [ -81.370709, 32.402183 ], [ -81.370151, 32.400257 ], [ -81.370491, 32.398804 ], [ -81.340672, 32.394107 ], [ -81.342626, 32.39242 ], [ -81.343828, 32.390383 ], [ -81.345688, 32.388303 ], [ -81.348049, 32.387497 ], [ -81.351627, 32.385292 ], [ -81.354325, 32.384072 ], [ -81.365306, 32.378566 ], [ -81.367726, 32.378375 ], [ -81.36946, 32.375127 ], [ -81.371767, 32.374916 ], [ -81.372145, 32.373244 ], [ -81.375363, 32.368232 ], [ -81.375748, 32.364673 ], [ -81.374314, 32.36331 ], [ -81.369806, 32.36142 ], [ -81.366883, 32.361584 ], [ -81.36512, 32.361185 ], [ -81.362668, 32.361615 ], [ -81.359516, 32.363574 ], [ -81.359402, 32.360322 ], [ -81.362218, 32.359979 ], [ -81.361704, 32.346569 ], [ -81.357605, 32.345356 ], [ -81.352749, 32.348256 ], [ -81.350459, 32.341414 ], [ -81.344447, 32.343546 ], [ -81.34441, 32.346634 ], [ -81.341547, 32.343393 ], [ -81.340906, 32.345377 ], [ -81.337302, 32.346614 ], [ -81.335924, 32.343792 ], [ -81.335165, 32.344017 ], [ -81.33278, 32.340097 ], [ -81.329135, 32.341588 ], [ -81.328108, 32.339633 ], [ -81.32126, 32.330413 ], [ -81.320423, 32.328886 ], [ -81.322512, 32.322322 ], [ -81.318828, 32.320098 ], [ -81.316086, 32.316884 ], [ -81.308634, 32.307967 ], [ -81.304159, 32.304259 ], [ -81.300868, 32.304305 ], [ -81.2935, 32.300036 ], [ -81.292678, 32.299742 ], [ -81.287268, 32.300134 ], [ -81.282261, 32.295797 ], [ -81.280253, 32.294044 ], [ -81.269079, 32.282532 ], [ -81.269449, 32.282161 ], [ -81.272114, 32.281095 ], [ -81.271591, 32.280011 ], [ -81.277144, 32.274375 ], [ -81.279496, 32.272756 ], [ -81.279329, 32.271634 ], [ -81.282622, 32.268819 ], [ -81.302696, 32.255257 ], [ -81.301041, 32.254468 ], [ -81.297969, 32.251472 ], [ -81.294831, 32.253684 ], [ -81.292084, 32.253402 ], [ -81.290775, 32.252979 ], [ -81.289988, 32.25257 ], [ -81.288961, 32.253187 ], [ -81.288368, 32.252529 ], [ -81.287671, 32.253009 ], [ -81.28709, 32.252348 ], [ -81.286357, 32.252913 ], [ -81.282305, 32.249724 ], [ -81.279726, 32.247219 ], [ -81.282907, 32.245386 ], [ -81.274971, 32.235523 ], [ -81.271153, 32.231772 ], [ -81.264025, 32.236061 ], [ -81.261639, 32.236643 ], [ -81.260748, 32.235188 ], [ -81.263115, 32.233068 ], [ -81.262854, 32.231901 ], [ -81.257684, 32.230128 ], [ -81.258332, 32.230015 ], [ -81.265609, 32.22508 ], [ -81.263459, 32.223216 ], [ -81.262967, 32.22271 ], [ -81.260748, 32.219684 ], [ -81.258016, 32.215186 ], [ -81.256771, 32.205674 ], [ -81.255373, 32.204116 ], [ -81.253331, 32.202877 ], [ -81.252839, 32.202529 ], [ -81.252512, 32.202298 ], [ -81.251263, 32.201123 ], [ -81.249799, 32.199415 ], [ -81.24925, 32.198648 ], [ -81.253546, 32.195493 ], [ -81.255071, 32.194488 ], [ -81.266017, 32.18663 ], [ -81.277395, 32.178406 ], [ -81.284699, 32.173049 ], [ -81.288771, 32.172515 ], [ -81.291429, 32.173189 ], [ -81.294281, 32.171712 ], [ -81.299493, 32.171743 ], [ -81.30032, 32.170997 ], [ -81.302913, 32.171104 ], [ -81.308345, 32.168867 ], [ -81.311218, 32.168888 ], [ -81.316, 32.1719 ], [ -81.317405, 32.172268 ], [ -81.318182, 32.173543 ], [ -81.321916, 32.176173 ], [ -81.32426, 32.178379 ], [ -81.326858, 32.178264 ], [ -81.328744, 32.177559 ], [ -81.335015, 32.182037 ], [ -81.338339, 32.182099 ], [ -81.343715, 32.183269 ], [ -81.346118, 32.182893 ], [ -81.349057, 32.183752 ], [ -81.350606, 32.183625 ], [ -81.351324, 32.182226 ], [ -81.35276, 32.183619 ], [ -81.355004, 32.181869 ], [ -81.355768, 32.183663 ], [ -81.361169, 32.16942 ], [ -81.370153, 32.168826 ], [ -81.370867, 32.173209 ], [ -81.375173, 32.180484 ], [ -81.381911, 32.177517 ], [ -81.38272, 32.181973 ], [ -81.382363, 32.183605 ], [ -81.382568, 32.18783 ], [ -81.381177, 32.190064 ], [ -81.382497, 32.19289 ], [ -81.383675, 32.193192 ], [ -81.383495, 32.195152 ], [ -81.385511, 32.196799 ], [ -81.385735, 32.198486 ], [ -81.385088, 32.199925 ], [ -81.382019, 32.201323 ], [ -81.381805, 32.20523 ], [ -81.380253, 32.207561 ], [ -81.379265, 32.210194 ], [ -81.377343, 32.21144 ], [ -81.376374, 32.214384 ], [ -81.385988, 32.212145 ], [ -81.391218, 32.211515 ], [ -81.392375, 32.210838 ], [ -81.393485, 32.209614 ], [ -81.392449, 32.207915 ], [ -81.391685, 32.204313 ], [ -81.391554, 32.197072 ], [ -81.392106, 32.195757 ], [ -81.398786, 32.18645 ], [ -81.403835, 32.188661 ], [ -81.405885, 32.190571 ], [ -81.407134, 32.19108 ], [ -81.415796, 32.191684 ], [ -81.416267, 32.193989 ], [ -81.418472, 32.196303 ], [ -81.418601, 32.197224 ], [ -81.416427, 32.198504 ], [ -81.415771, 32.199528 ], [ -81.415061, 32.202517 ], [ -81.416129, 32.202613 ], [ -81.415893, 32.204166 ], [ -81.413512, 32.204597 ], [ -81.412948, 32.205429 ], [ -81.414443, 32.206238 ], [ -81.413554, 32.208047 ], [ -81.414657, 32.208439 ], [ -81.416122, 32.210231 ], [ -81.415771, 32.21181 ], [ -81.416824, 32.212193 ], [ -81.417381, 32.211212 ], [ -81.419692, 32.211498 ], [ -81.420562, 32.210068 ], [ -81.421577, 32.210411 ], [ -81.422569, 32.212151 ], [ -81.421638, 32.213306 ], [ -81.423034, 32.214039 ], [ -81.423583, 32.215248 ], [ -81.425117, 32.215007 ], [ -81.425651, 32.216361 ], [ -81.427619, 32.215767 ], [ -81.429221, 32.216586 ], [ -81.429359, 32.217892 ], [ -81.427512, 32.217953 ], [ -81.427009, 32.219181 ], [ -81.427665, 32.22081 ], [ -81.430053, 32.222262 ], [ -81.430114, 32.22393 ], [ -81.428344, 32.223877 ], [ -81.426833, 32.22475 ], [ -81.426147, 32.226067 ], [ -81.426086, 32.228012 ], [ -81.427871, 32.231201 ], [ -81.429473, 32.230762 ], [ -81.430022, 32.231476 ], [ -81.428344, 32.233322 ], [ -81.428687, 32.234444 ], [ -81.431571, 32.233334 ], [ -81.431655, 32.235363 ], [ -81.432891, 32.238391 ], [ -81.43583, 32.241289 ], [ -81.437471, 32.242736 ], [ -81.436645, 32.244231 ], [ -81.435569, 32.244571 ], [ -81.434058, 32.243671 ], [ -81.433128, 32.244736 ], [ -81.434165, 32.246864 ], [ -81.437186, 32.247753 ], [ -81.437354, 32.24836 ], [ -81.435279, 32.250594 ], [ -81.435325, 32.251658 ], [ -81.436561, 32.252476 ], [ -81.437186, 32.254416 ], [ -81.438575, 32.254458 ], [ -81.438667, 32.256355 ], [ -81.437537, 32.256484 ], [ -81.43682, 32.258121 ], [ -81.435455, 32.258685 ], [ -81.435142, 32.259704 ], [ -81.43637, 32.261772 ], [ -81.43653, 32.262981 ], [ -81.437621, 32.263786 ], [ -81.437664, 32.265033 ], [ -81.437598, 32.265586 ], [ -81.438438, 32.265797 ], [ -81.438575, 32.266426 ], [ -81.438941, 32.266708 ], [ -81.441573, 32.268124 ], [ -81.439796, 32.268935 ], [ -81.439643, 32.269962 ], [ -81.438422, 32.270477 ], [ -81.438369, 32.271904 ], [ -81.439506, 32.272854 ], [ -81.439811, 32.274914 ], [ -81.441879, 32.274357 ], [ -81.443527, 32.275181 ], [ -81.445106, 32.275126 ], [ -81.445426, 32.275986 ], [ -81.443198, 32.276386 ], [ -81.443916, 32.27776 ], [ -81.44715, 32.278576 ], [ -81.449912, 32.283073 ], [ -81.449119, 32.283607 ], [ -81.448303, 32.282707 ], [ -81.446334, 32.284717 ], [ -81.44889, 32.285815 ], [ -81.447418, 32.286472 ], [ -81.447799, 32.289535 ], [ -81.448753, 32.290729 ], [ -81.450088, 32.290024 ], [ -81.452995, 32.291137 ], [ -81.452262, 32.292434 ], [ -81.453277, 32.294418 ], [ -81.451591, 32.294189 ], [ -81.449386, 32.294941 ], [ -81.449119, 32.296005 ], [ -81.450279, 32.297416 ], [ -81.452163, 32.298851 ], [ -81.45256, 32.29995 ], [ -81.454307, 32.300831 ], [ -81.452033, 32.301464 ], [ -81.451789, 32.30249 ], [ -81.454505, 32.30294 ], [ -81.454574, 32.30373 ], [ -81.452819, 32.305183 ], [ -81.453193, 32.306407 ], [ -81.454978, 32.307423 ], [ -81.456069, 32.308971 ], [ -81.457412, 32.309624 ], [ -81.458076, 32.308951 ], [ -81.459464, 32.309283 ], [ -81.458907, 32.310467 ], [ -81.459861, 32.310955 ], [ -81.461219, 32.313282 ], [ -81.46363, 32.313643 ], [ -81.465499, 32.312804 ], [ -81.465621, 32.313716 ], [ -81.463119, 32.316822 ], [ -81.464965, 32.317497 ], [ -81.465583, 32.319519 ], [ -81.465301, 32.321533 ], [ -81.467597, 32.323009 ], [ -81.466003, 32.324211 ], [ -81.464378, 32.323799 ], [ -81.464294, 32.324703 ], [ -81.466003, 32.326977 ], [ -81.465499, 32.328648 ], [ -81.466972, 32.327849 ], [ -81.470756, 32.329552 ], [ -81.472328, 32.328339 ], [ -81.473663, 32.328266 ], [ -81.476577, 32.331181 ], [ -81.477925, 32.331352 ], [ -81.478713, 32.329681 ], [ -81.479904, 32.328915 ], [ -81.482078, 32.32959 ], [ -81.483253, 32.330928 ], [ -81.485381, 32.331963 ], [ -81.487831, 32.333886 ], [ -81.488784, 32.335381 ], [ -81.488761, 32.336899 ], [ -81.486221, 32.337563 ], [ -81.486266, 32.338791 ], [ -81.488128, 32.340786 ], [ -81.490218, 32.342396 ], [ -81.4906, 32.343758 ], [ -81.490058, 32.34494 ], [ -81.490829, 32.34677 ], [ -81.49015, 32.348812 ], [ -81.49102, 32.351917 ], [ -81.49166, 32.35199 ], [ -81.491958, 32.350758 ], [ -81.493209, 32.349899 ], [ -81.494804, 32.349846 ], [ -81.496246, 32.350665 ], [ -81.498039, 32.351276 ], [ -81.500254, 32.353178 ], [ -81.505088, 32.355967 ], [ -81.507697, 32.357937 ], [ -81.507911, 32.360146 ], [ -81.508712, 32.360729 ], [ -81.508209, 32.363514 ], [ -81.509055, 32.367489 ], [ -81.508455, 32.37063 ], [ -81.509429, 32.37146 ], [ -81.511588, 32.369262 ], [ -81.514053, 32.371665 ], [ -81.514259, 32.375484 ], [ -81.51596, 32.37669 ], [ -81.520515, 32.376812 ], [ -81.520164, 32.380577 ], [ -81.520896, 32.381031 ], [ -81.522035, 32.379245 ], [ -81.523361, 32.381054 ], [ -81.522842, 32.383136 ], [ -81.523765, 32.385371 ], [ -81.522361, 32.387732 ], [ -81.523414, 32.388443 ], [ -81.522308, 32.389969 ], [ -81.523322, 32.392944 ], [ -81.524368, 32.392815 ], [ -81.524169, 32.391585 ], [ -81.525451, 32.39109 ], [ -81.528045, 32.39101 ], [ -81.528068, 32.392635 ], [ -81.528823, 32.392387 ], [ -81.530219, 32.390358 ], [ -81.533119, 32.391464 ], [ -81.534904, 32.39358 ], [ -81.534217, 32.396434 ], [ -81.533256, 32.396126 ], [ -81.534286, 32.399414 ], [ -81.535293, 32.400394 ], [ -81.534515, 32.401511 ], [ -81.535117, 32.402363 ], [ -81.533759, 32.403854 ], [ -81.532622, 32.406352 ], [ -81.534038, 32.408423 ], [ -81.534773, 32.408257 ], [ -81.53701, 32.410511 ], [ -81.537865, 32.411976 ], [ -81.538574, 32.413021 ], [ -81.540641, 32.413845 ], [ -81.541259, 32.415832 ], [ -81.542404, 32.41716 ], [ -81.542526, 32.419254 ] ] ] } },
{ "type": "Feature", "properties": { "id": "3419ea44-575b-4d2d-9415-156097628a09", "Name": "31318", "description": null, "timestamp": null, "begin": null, "end": null, "altitudeMode": null, "tessellate": -1, "extrude": 0, "visibility": -1, "drawOrder": null, "icon": null, "code": "31318", "url": "/us/zip-codes/31318", "jurisdiction_depth_yards": { } }, "geometry": { "type": "Polygon", "coordinates": [ [ [ -81.390442, 32.144446 ], [ -81.377987, 32.143146 ], [ -81.380696, 32.144478 ], [ -81.380049, 32.14839 ], [ -81.376595, 32.14799 ], [ -81.368525, 32.160041 ], [ -81.365037, 32.158365 ], [ -81.36793, 32.154114 ], [ -81.365461, 32.152727 ], [ -81.367465, 32.12698 ], [ -81.366094, 32.115168 ], [ -81.375822, 32.11866 ], [ -81.382325, 32.121884 ], [ -81.386947, 32.124885 ], [ -81.385677, 32.127443 ], [ -81.385662, 32.130116 ], [ -81.388741, 32.134281 ], [ -81.39064, 32.143043 ], [ -81.390442, 32.144446 ] ] ] } },
{ "type": "Feature", "properties": { "id": "3f7cea15-9085-46e0-999e-dc1ecc5af450", "Name": "31322", "description": null, "timestamp": null, "begin": null, "end": null, "altitudeMode": null, "tessellate": -1, "extrude": 0, "visibility": -1, "drawOrder": null, "icon": null, "code": "31322", "url": "/us/zip-codes/31322", "jurisdiction_depth_yards": { "BLOOMINGDALE": 1637.0, "POOLER": 2701.7, "UNINCORPORATED": 1041.7, "SAVANNAH": 359.6 } }, "geometry": { "type": "Polygon", "coordinates": [ [ [ -81.311562, 32.089354 ], [ -81.310147, 32.092935 ], [ -81.30802, 32.094052 ], [ -81.305068, 32.092987 ], [ -81.302734, 32.093808 ], [ -81.299171, 32.094674 ], [ -81.297671, 32.095303 ], [ -81.311038, 32.110135 ], [ -81.306112, 32.109477 ], [ -81.29145, 32.108716 ], [ -81.290949, 32.108669 ], [ -81.289466, 32.111381 ], [ -81.284965, 32.110002 ], [ -81.282594, 32.111196 ], [ -81.282405, 32.111415 ], [ -81.281251, 32.113963 ], [ -81.279606, 32.114455 ], [ -81.28477, 32.116022 ], [ -81.284612, 32.116115 ], [ -81.284572, 32.116167 ], [ -81.283097, 32.117121 ], [ -81.281744, 32.117704 ], [ -81.27916, 32.117582 ], [ -81.277713, 32.117753 ], [ -81.277243, 32.118573 ], [ -81.274938, 32.122276 ], [ -81.272521, 32.12391 ], [ -81.274096, 32.126837 ], [ -81.275636, 32.124907 ], [ -81.278661, 32.125797 ], [ -81.278502, 32.12874 ], [ -81.276258, 32.128719 ], [ -81.276636, 32.131656 ], [ -81.271845, 32.132422 ], [ -81.269296, 32.134763 ], [ -81.268456, 32.139294 ], [ -81.275513, 32.13839 ], [ -81.278188, 32.137724 ], [ -81.282353, 32.146119 ], [ -81.283537, 32.150118 ], [ -81.283147, 32.154705 ], [ -81.283647, 32.160806 ], [ -81.283499, 32.162883 ], [ -81.285762, 32.164602 ], [ -81.284661, 32.166437 ], [ -81.283249, 32.166376 ], [ -81.281806, 32.166314 ], [ -81.275081, 32.166331 ], [ -81.275027, 32.168207 ], [ -81.271259, 32.168072 ], [ -81.26971, 32.168532 ], [ -81.269428, 32.171022 ], [ -81.267112, 32.1708 ], [ -81.260072, 32.171481 ], [ -81.259881, 32.171775 ], [ -81.257379, 32.171724 ], [ -81.256092, 32.171706 ], [ -81.250734, 32.171112 ], [ -81.241181, 32.170629 ], [ -81.241774, 32.162893 ], [ -81.238373, 32.163016 ], [ -81.238325, 32.160749 ], [ -81.243344, 32.158716 ], [ -81.249115, 32.158583 ], [ -81.248978, 32.157938 ], [ -81.249856, 32.157635 ], [ -81.244235, 32.157108 ], [ -81.244251, 32.155325 ], [ -81.244578, 32.154586 ], [ -81.244554, 32.154225 ], [ -81.244946, 32.154285 ], [ -81.248082, 32.154149 ], [ -81.251012, 32.151045 ], [ -81.252121, 32.149871 ], [ -81.248774, 32.146954 ], [ -81.247741, 32.146946 ], [ -81.247611, 32.146925 ], [ -81.247632, 32.146288 ], [ -81.247628, 32.146028 ], [ -81.247465, 32.14604 ], [ -81.247411, 32.144641 ], [ -81.244681, 32.144783 ], [ -81.244504, 32.143693 ], [ -81.241034, 32.143952 ], [ -81.240928, 32.140969 ], [ -81.240529, 32.14099 ], [ -81.239624, 32.131825 ], [ -81.238989, 32.126815 ], [ -81.238436, 32.126812 ], [ -81.23522, 32.129773 ], [ -81.227897, 32.126768 ], [ -81.226869, 32.126764 ], [ -81.22715, 32.126064 ], [ -81.223509, 32.123511 ], [ -81.222693, 32.122939 ], [ -81.227412, 32.122037 ], [ -81.228661, 32.119514 ], [ -81.232202, 32.119437 ], [ -81.233688, 32.118305 ], [ -81.235063, 32.115176 ], [ -81.234938, 32.111455 ], [ -81.233044, 32.110401 ], [ -81.228704, 32.10671 ], [ -81.225808, 32.109454 ], [ -81.224757, 32.111632 ], [ -81.225436, 32.109719 ], [ -81.225817, 32.109228 ], [ -81.215733, 32.10668 ], [ -81.212707, 32.115486 ], [ -81.211869, 32.115958 ], [ -81.211353, 32.114299 ], [ -81.20518, 32.11164 ], [ -81.204488, 32.109118 ], [ -81.202985, 32.107592 ], [ -81.201823, 32.107047 ], [ -81.20037, 32.106769 ], [ -81.195932, 32.106039 ], [ -81.19569, 32.106001 ], [ -81.196758, 32.092633 ], [ -81.196885, 32.09266 ], [ -81.201015, 32.093567 ], [ -81.199748, 32.090702 ], [ -81.197132, 32.089924 ], [ -81.197424, 32.085979 ], [ -81.196634, 32.084036 ], [ -81.195716, 32.082388 ], [ -81.195646, 32.081927 ], [ -81.197389, 32.081809 ], [ -81.199663, 32.079287 ], [ -81.201453, 32.079023 ], [ -81.204267, 32.070561 ], [ -81.202716, 32.070701 ], [ -81.202359, 32.070677 ], [ -81.202788, 32.070291 ], [ -81.238966, 32.07367 ], [ -81.240657, 32.073831 ], [ -81.24587, 32.074097 ], [ -81.248023, 32.069754 ], [ -81.251432, 32.063069 ], [ -81.252182, 32.061597 ], [ -81.2572, 32.051623 ], [ -81.261855, 32.042333 ], [ -81.261994, 32.042668 ], [ -81.267976, 32.031686 ], [ -81.268698, 32.032704 ], [ -81.268239, 32.03519 ], [ -81.269896, 32.038479 ], [ -81.277047, 32.045344 ], [ -81.279106, 32.046985 ], [ -81.279641, 32.049036 ], [ -81.281074, 32.050351 ], [ -81.283507, 32.051079 ], [ -81.283651, 32.050973 ], [ -81.281375, 32.052815 ], [ -81.282715, 32.053939 ], [ -81.283074, 32.057312 ], [ -81.283832, 32.058157 ], [ -81.281523, 32.059879 ], [ -81.281723, 32.06051 ], [ -81.283985, 32.06001 ], [ -81.285849, 32.061382 ], [ -81.287998, 32.061546 ], [ -81.289646, 32.062723 ], [ -81.29168, 32.062693 ], [ -81.293841, 32.065142 ], [ -81.295144, 32.066221 ], [ -81.295494, 32.067235 ], [ -81.295679, 32.067408 ], [ -81.29578, 32.067529 ], [ -81.295949, 32.067637 ], [ -81.296055, 32.067895 ], [ -81.29625, 32.06818 ], [ -81.29634, 32.06826 ], [ -81.297123, 32.069543 ], [ -81.297543, 32.069884 ], [ -81.297948, 32.070462 ], [ -81.298658, 32.074272 ], [ -81.299764, 32.075584 ], [ -81.300072, 32.080275 ], [ -81.302006, 32.082645 ], [ -81.302701, 32.084584 ], [ -81.309839, 32.085319 ], [ -81.31001, 32.085476 ], [ -81.309898, 32.087493 ], [ -81.310153, 32.087513 ], [ -81.310277, 32.088024 ], [ -81.311562, 32.089354 ] ] ] } },
{ "type": "Feature", "properties": { "id": "97bd0478-ca5c-413a-b0f6-ac322023b8ff", "Name": "31324", "description": null, "timestamp": null, "begin": null, "end": null, "altitudeMode": null, "tessellate": -1, "extrude": 0, "visibility": -1, "drawOrder": null, "icon": null, "code": "31324", "url": "/us/zip-codes/31324", "jurisdiction_depth_yards": { "UNINCORPORATED": 190.2 } }, "geometry": { "type": "Polygon", "coordinates": [ [ [ -81.403615, 31.906376 ], [ -81.401762, 31.908243 ], [ -81.401887, 31.909271 ], [ -81.4036, 31.910095 ], [ -81.402396, 31.911417 ], [ -81.40094, 31.911297 ], [ -81.401024, 31.911934 ], [ -81.400689, 31.914509 ], [ -81.403526, 31.916773 ], [ -81.404388, 31.919701 ], [ -81.402778, 31.921635 ], [ -81.401168, 31.92205 ], [ -81.400848, 31.924356 ], [ -81.401672, 31.92704 ], [ -81.399818, 31.929443 ], [ -81.401862, 31.931658 ], [ -81.404926, 31.936868 ], [ -81.404961, 31.937002 ], [ -81.368451, 31.952315 ], [ -81.360022, 31.95208 ], [ -81.354077, 31.952294 ], [ -81.341094, 31.952384 ], [ -81.337358, 31.952553 ], [ -81.334896, 31.95665 ], [ -81.331882, 31.961759 ], [ -81.334379, 31.96331 ], [ -81.343064, 31.973636 ], [ -81.346637, 31.974631 ], [ -81.343109, 31.97792 ], [ -81.342188, 31.977896 ], [ -81.339579, 31.979793 ], [ -81.337797, 31.980282 ], [ -81.33557, 31.979674 ], [ -81.332988, 31.980659 ], [ -81.332513, 31.981578 ], [ -81.329962, 31.980728 ], [ -81.325848, 31.98344 ], [ -81.324414, 31.982947 ], [ -81.324283, 31.981437 ], [ -81.322926, 31.978761 ], [ -81.321443, 31.977732 ], [ -81.319448, 31.978627 ], [ -81.316539, 31.98202 ], [ -81.313768, 31.983082 ], [ -81.311969, 31.981916 ], [ -81.311616, 31.982308 ], [ -81.30963, 31.981657 ], [ -81.308206, 31.980904 ], [ -81.307552, 31.981278 ], [ -81.307298, 31.981118 ], [ -81.303224, 31.979784 ], [ -81.29493, 31.979909 ], [ -81.291247, 31.979225 ], [ -81.289563, 31.97814 ], [ -81.28863, 31.977201 ], [ -81.28754, 31.974182 ], [ -81.288728, 31.968971 ], [ -81.288927, 31.966102 ], [ -81.290232, 31.962309 ], [ -81.290534, 31.960512 ], [ -81.289924, 31.957789 ], [ -81.287771, 31.954223 ], [ -81.287031, 31.950656 ], [ -81.288836, 31.945898 ], [ -81.28803, 31.94411 ], [ -81.285467, 31.942994 ], [ -81.283201, 31.94367 ], [ -81.280432, 31.945308 ], [ -81.27742, 31.944699 ], [ -81.274111, 31.942508 ], [ -81.273121, 31.941281 ], [ -81.272349, 31.93876 ], [ -81.272715, 31.937127 ], [ -81.276137, 31.931819 ], [ -81.27594, 31.928143 ], [ -81.274336, 31.925896 ], [ -81.273034, 31.925005 ], [ -81.269933, 31.924209 ], [ -81.267932, 31.924509 ], [ -81.263132, 31.927109 ], [ -81.259631, 31.927609 ], [ -81.258031, 31.92671 ], [ -81.257314, 31.924451 ], [ -81.257533, 31.923724 ], [ -81.25985, 31.921632 ], [ -81.263635, 31.919707 ], [ -81.265045, 31.917641 ], [ -81.265826, 31.915848 ], [ -81.266047, 31.91201 ], [ -81.26568, 31.910586 ], [ -81.263549, 31.908075 ], [ -81.261315, 31.906271 ], [ -81.259014, 31.905364 ], [ -81.256391, 31.905369 ], [ -81.254623, 31.906476 ], [ -81.251881, 31.909422 ], [ -81.24983, 31.910711 ], [ -81.246147, 31.911665 ], [ -81.240961, 31.911976 ], [ -81.239344, 31.911621 ], [ -81.235253, 31.910102 ], [ -81.233177, 31.907954 ], [ -81.233451, 31.903967 ], [ -81.234199, 31.902279 ], [ -81.236285, 31.899957 ], [ -81.24142, 31.896138 ], [ -81.242927, 31.894075 ], [ -81.242853, 31.891757 ], [ -81.241342, 31.88936 ], [ -81.238735, 31.887088 ], [ -81.235596, 31.887672 ], [ -81.234315, 31.889547 ], [ -81.232232, 31.891196 ], [ -81.227967, 31.89648 ], [ -81.225592, 31.902627 ], [ -81.21868, 31.911353 ], [ -81.215405, 31.915153 ], [ -81.21108, 31.919305 ], [ -81.206902, 31.921368 ], [ -81.203586, 31.922256 ], [ -81.201173, 31.922514 ], [ -81.197031, 31.922345 ], [ -81.193817, 31.921377 ], [ -81.192283, 31.920401 ], [ -81.190728, 31.918403 ], [ -81.190665, 31.915012 ], [ -81.193681, 31.908913 ], [ -81.195924, 31.906578 ], [ -81.200307, 31.903488 ], [ -81.2047, 31.901429 ], [ -81.210351, 31.899686 ], [ -81.217201, 31.897736 ], [ -81.220749, 31.895694 ], [ -81.222387, 31.893741 ], [ -81.222617, 31.891122 ], [ -81.221208, 31.889044 ], [ -81.218391, 31.887739 ], [ -81.216596, 31.887402 ], [ -81.212172, 31.887366 ], [ -81.208655, 31.888512 ], [ -81.198251, 31.894762 ], [ -81.191385, 31.89794 ], [ -81.185573, 31.899875 ], [ -81.180429, 31.90071 ], [ -81.173396, 31.899751 ], [ -81.171653, 31.898925 ], [ -81.169044, 31.897043 ], [ -81.163848, 31.891246 ], [ -81.161187, 31.887571 ], [ -81.16077, 31.882759 ], [ -81.161323, 31.880522 ], [ -81.16103, 31.87713 ], [ -81.159632, 31.872807 ], [ -81.157629, 31.867817 ], [ -81.155124, 31.864311 ], [ -81.15263, 31.862215 ], [ -81.147726, 31.859614 ], [ -81.142331, 31.858025 ], [ -81.138533, 31.855921 ], [ -81.138512, 31.854385 ], [ -81.139326, 31.852618 ], [ -81.144735, 31.848116 ], [ -81.148844, 31.843317 ], [ -81.150847, 31.841617 ], [ -81.154539, 31.839417 ], [ -81.155833, 31.838116 ], [ -81.157827, 31.834517 ], [ -81.158432, 31.832413 ], [ -81.158724, 31.828213 ], [ -81.159726, 31.823615 ], [ -81.160926, 31.821617 ], [ -81.163013, 31.820623 ], [ -81.168126, 31.820321 ], [ -81.173917, 31.818519 ], [ -81.17613, 31.817214 ], [ -81.177027, 31.816113 ], [ -81.177225, 31.81432 ], [ -81.176724, 31.808016 ], [ -81.177225, 31.805619 ], [ -81.179625, 31.801713 ], [ -81.18093, 31.798206 ], [ -81.181222, 31.795614 ], [ -81.181128, 31.793217 ], [ -81.180523, 31.792116 ], [ -81.177924, 31.790616 ], [ -81.172227, 31.789417 ], [ -81.167323, 31.788822 ], [ -81.164422, 31.788121 ], [ -81.162523, 31.787118 ], [ -81.16102, 31.785529 ], [ -81.160425, 31.782519 ], [ -81.161917, 31.779217 ], [ -81.165528, 31.776322 ], [ -81.169128, 31.772816 ], [ -81.170526, 31.77072 ], [ -81.17182, 31.767924 ], [ -81.173124, 31.763929 ], [ -81.173625, 31.75862 ], [ -81.173323, 31.757226 ], [ -81.171225, 31.754421 ], [ -81.164724, 31.750124 ], [ -81.163921, 31.749121 ], [ -81.159528, 31.746031 ], [ -81.158025, 31.74462 ], [ -81.156418, 31.742329 ], [ -81.154728, 31.737722 ], [ -81.15468633, 31.726202579 ], [ -81.16067, 31.728144 ], [ -81.17404, 31.727487 ], [ -81.192784, 31.733245 ], [ -81.198394185, 31.726070016 ], [ -81.203628, 31.72827 ], [ -81.206252, 31.729809 ], [ -81.209998, 31.733499 ], [ -81.214469, 31.73963 ], [ -81.21907, 31.742762 ], [ -81.220862, 31.743637 ], [ -81.223998, 31.744503 ], [ -81.228423, 31.745096 ], [ -81.234656, 31.747784 ], [ -81.239562, 31.74905 ], [ -81.249801, 31.751829 ], [ -81.256621, 31.752668 ], [ -81.260924, 31.754312 ], [ -81.26686, 31.758486 ], [ -81.268867, 31.760723 ], [ -81.269553, 31.762103 ], [ -81.270393, 31.764482 ], [ -81.270743, 31.766937 ], [ -81.270682, 31.769587 ], [ -81.270051, 31.772894 ], [ -81.270226, 31.774916 ], [ -81.268726, 31.779516 ], [ -81.268426, 31.784616 ], [ -81.270826, 31.789715 ], [ -81.273526, 31.792615 ], [ -81.276231, 31.79391 ], [ -81.277426, 31.794615 ], [ -81.283827, 31.794415 ], [ -81.290127, 31.792715 ], [ -81.299327, 31.789915 ], [ -81.305927, 31.789015 ], [ -81.311027, 31.789915 ], [ -81.311627, 31.792215 ], [ -81.310127, 31.795615 ], [ -81.309927, 31.797715 ], [ -81.310827, 31.800314 ], [ -81.314428, 31.802814 ], [ -81.319228, 31.806814 ], [ -81.320028, 31.808914 ], [ -81.318628, 31.811314 ], [ -81.315506, 31.814725 ], [ -81.315043, 31.816787 ], [ -81.316278, 31.818092 ], [ -81.322971, 31.821765 ], [ -81.326799, 31.822313 ], [ -81.328224, 31.823013 ], [ -81.328544, 31.825784 ], [ -81.327092, 31.827862 ], [ -81.326224, 31.830118 ], [ -81.328298, 31.834065 ], [ -81.328873, 31.837037 ], [ -81.3304, 31.839018 ], [ -81.333333, 31.840468 ], [ -81.33586, 31.840831 ], [ -81.340009, 31.840549 ], [ -81.343376, 31.839074 ], [ -81.34545, 31.837036 ], [ -81.345582, 31.835707 ], [ -81.34397, 31.834411 ], [ -81.341848, 31.834274 ], [ -81.336379, 31.835958 ], [ -81.333814, 31.835885 ], [ -81.332541, 31.834016 ], [ -81.333371, 31.831914 ], [ -81.334738, 31.831197 ], [ -81.338444, 31.830835 ], [ -81.341574, 31.829473 ], [ -81.342866, 31.827943 ], [ -81.342177, 31.824995 ], [ -81.338953, 31.820363 ], [ -81.339028, 31.818793 ], [ -81.340753, 31.817085 ], [ -81.345825, 31.815006 ], [ -81.349247, 31.814216 ], [ -81.355007, 31.814425 ], [ -81.355837, 31.8149 ], [ -81.356573, 31.817832 ], [ -81.355197, 31.819314 ], [ -81.352604, 31.819701 ], [ -81.351096, 31.819371 ], [ -81.348116, 31.817809 ], [ -81.346297, 31.818711 ], [ -81.345439, 31.820967 ], [ -81.344808, 31.824785 ], [ -81.346599, 31.825727 ], [ -81.350955, 31.82559 ], [ -81.352379, 31.826556 ], [ -81.355008, 31.829746 ], [ -81.358075, 31.831219 ], [ -81.358264, 31.832709 ], [ -81.357029, 31.834634 ], [ -81.353437, 31.835505 ], [ -81.35306, 31.837583 ], [ -81.355626, 31.83883 ], [ -81.359464, 31.837371 ], [ -81.362151, 31.837 ], [ -81.363067, 31.839618 ], [ -81.364915, 31.840843 ], [ -81.363488, 31.842819 ], [ -81.363746, 31.843963 ], [ -81.365595, 31.846456 ], [ -81.367186, 31.846519 ], [ -81.369507, 31.844382 ], [ -81.369248, 31.840898 ], [ -81.370602, 31.840049 ], [ -81.372079, 31.840147 ], [ -81.373101, 31.843557 ], [ -81.371847, 31.846928 ], [ -81.373377, 31.847431 ], [ -81.374806, 31.846579 ], [ -81.375153, 31.848125 ], [ -81.378097, 31.848678 ], [ -81.376957, 31.850545 ], [ -81.378783, 31.850761 ], [ -81.378247, 31.852428 ], [ -81.379075, 31.853671 ], [ -81.381744, 31.853956 ], [ -81.382253, 31.85669 ], [ -81.383111, 31.857976 ], [ -81.382854, 31.8599 ], [ -81.383874, 31.86068 ], [ -81.381051, 31.86737 ], [ -81.381157, 31.86996 ], [ -81.383035, 31.872229 ], [ -81.382934, 31.876085 ], [ -81.385232, 31.878171 ], [ -81.384941, 31.878872 ], [ -81.38684, 31.880045 ], [ -81.387878, 31.879406 ], [ -81.392776, 31.880304 ], [ -81.39363, 31.880901 ], [ -81.39643, 31.883162 ], [ -81.394912, 31.885508 ], [ -81.395606, 31.887417 ], [ -81.393188, 31.890476 ], [ -81.391578, 31.893562 ], [ -81.392992, 31.898428 ], [ -81.394454, 31.899965 ], [ -81.395133, 31.901031 ], [ -81.394431, 31.904711 ], [ -81.396955, 31.90713 ], [ -81.398094, 31.905297 ], [ -81.401077, 31.904773 ], [ -81.405555, 31.905426 ], [ -81.403615, 31.906376 ] ] ] } },
{ "type": "Feature", "properties": { "id": "22f6a156-5872-466f-b7ed-9ca7d9293996", "Name": "31326", "description": null, "timestamp": null, "begin": null, "end": null, "altitudeMode": null, "tessellate": -1, "extrude": 0, "visibility": -1, "drawOrder": null, "icon": null, "code": "31326", "url": "/us/zip-codes/31326", "jurisdiction_depth_yards": { "PORT WENTWORTH": 107.6 } }, "geometry": { "type": "Polygon", "coordinates": [ [ [ -81.316086, 32.316884 ], [ -81.30421, 32.321775 ], [ -81.304182, 32.327458 ], [ -81.307626, 32.346077 ], [ -81.301071, 32.348515 ], [ -81.301914, 32.351425 ], [ -81.298678, 32.345719 ], [ -81.293599, 32.342252 ], [ -81.29142, 32.339985 ], [ -81.286702, 32.342598 ], [ -81.287369, 32.347703 ], [ -81.286109, 32.347906 ], [ -81.28383, 32.344416 ], [ -81.281, 32.341444 ], [ -81.276044, 32.343801 ], [ -81.278044, 32.346894 ], [ -81.277317, 32.347668 ], [ -81.275282, 32.347269 ], [ -81.27506, 32.345492 ], [ -81.270115, 32.346789 ], [ -81.267605, 32.345929 ], [ -81.265732, 32.344895 ], [ -81.264708, 32.345751 ], [ -81.262411, 32.345233 ], [ -81.260026, 32.347956 ], [ -81.256186, 32.350982 ], [ -81.255617, 32.350064 ], [ -81.254048, 32.350921 ], [ -81.252248, 32.349149 ], [ -81.247819, 32.347991 ], [ -81.247525, 32.346947 ], [ -81.245386, 32.347494 ], [ -81.243795, 32.349101 ], [ -81.241454, 32.350353 ], [ -81.242331, 32.351464 ], [ -81.240617, 32.351715 ], [ -81.239878, 32.353366 ], [ -81.240335, 32.354422 ], [ -81.23831, 32.358783 ], [ -81.237164, 32.35928 ], [ -81.238526, 32.360458 ], [ -81.237124, 32.36211 ], [ -81.232353, 32.362229 ], [ -81.23231, 32.363892 ], [ -81.23076, 32.364857 ], [ -81.232384, 32.366197 ], [ -81.23099, 32.365888 ], [ -81.231691, 32.367673 ], [ -81.230237, 32.368102 ], [ -81.232842, 32.368481 ], [ -81.232848, 32.370569 ], [ -81.231848, 32.371147 ], [ -81.231902, 32.372935 ], [ -81.2298, 32.373213 ], [ -81.231323, 32.3742 ], [ -81.227543, 32.376137 ], [ -81.227425, 32.377642 ], [ -81.22616, 32.377913 ], [ -81.222244, 32.375216 ], [ -81.220934, 32.376514 ], [ -81.21879, 32.374899 ], [ -81.216879, 32.376729 ], [ -81.216739, 32.378008 ], [ -81.215143, 32.37903 ], [ -81.212375, 32.378132 ], [ -81.210767, 32.378577 ], [ -81.209553, 32.380499 ], [ -81.210277, 32.381642 ], [ -81.213338, 32.381418 ], [ -81.212293, 32.385022 ], [ -81.210025, 32.384971 ], [ -81.208677, 32.384 ], [ -81.206765, 32.384129 ], [ -81.205815, 32.385655 ], [ -81.201051, 32.385099 ], [ -81.200096, 32.385723 ], [ -81.197323, 32.385126 ], [ -81.19467, 32.383346 ], [ -81.194863, 32.38225 ], [ -81.193246, 32.382151 ], [ -81.188571, 32.384144 ], [ -81.186013, 32.384645 ], [ -81.18281, 32.382435 ], [ -81.181495036, 32.379882815 ], [ -81.181845, 32.379348 ], [ -81.180983548, 32.378985071 ], [ -81.178859, 32.37809 ], [ -81.175758, 32.375812 ], [ -81.17379, 32.373098 ], [ -81.169217, 32.370136 ], [ -81.167906, 32.368304 ], [ -81.168996, 32.365119 ], [ -81.173933, 32.363546 ], [ -81.173852862, 32.36293136 ], [ -81.173824, 32.36271 ], [ -81.167124, 32.361041 ], [ -81.167124, 32.358718 ], [ -81.163863, 32.35665 ], [ -81.160998, 32.355905 ], [ -81.160498, 32.353644 ], [ -81.161608, 32.35042 ], [ -81.160096, 32.348952 ], [ -81.161035, 32.345492 ], [ -81.162261, 32.344474 ], [ -81.164348, 32.344524 ], [ -81.166173, 32.338735 ], [ -81.16591, 32.337445 ], [ -81.166779, 32.335932 ], [ -81.168366, 32.336655 ], [ -81.168311, 32.334541 ], [ -81.169441, 32.333906 ], [ -81.168393, 32.332859 ], [ -81.17, 32.332405 ], [ -81.172341, 32.330177 ], [ -81.173837, 32.327548 ], [ -81.174967, 32.326901 ], [ -81.17394, 32.324457 ], [ -81.175701, 32.32356 ], [ -81.176745, 32.321401 ], [ -81.176497, 32.319794 ], [ -81.175478, 32.319604 ], [ -81.177644, 32.319173 ], [ -81.17751, 32.3178 ], [ -81.176275, 32.316153 ], [ -81.177149, 32.316042 ], [ -81.176383, 32.314366 ], [ -81.177804, 32.313595 ], [ -81.17931, 32.314045 ], [ -81.179301, 32.311393 ], [ -81.180765, 32.308861 ], [ -81.18197, 32.306303 ], [ -81.18086, 32.303008 ], [ -81.179123, 32.301212 ], [ -81.179548, 32.29746 ], [ -81.178122, 32.296708 ], [ -81.177937, 32.294289 ], [ -81.174808, 32.292166 ], [ -81.173612, 32.292416 ], [ -81.174075, 32.290602 ], [ -81.180081, 32.287154 ], [ -81.178231, 32.285179 ], [ -81.176886, 32.284138 ], [ -81.174429, 32.28472 ], [ -81.176623, 32.282874 ], [ -81.176992, 32.281912 ], [ -81.176986, 32.280043 ], [ -81.173444, 32.280298 ], [ -81.172293, 32.279448 ], [ -81.17097, 32.280399 ], [ -81.171297, 32.281539 ], [ -81.169761, 32.281556 ], [ -81.170187, 32.278367 ], [ -81.167514, 32.277068 ], [ -81.167182, 32.279583 ], [ -81.16603, 32.278321 ], [ -81.166219, 32.276781 ], [ -81.167734, 32.274841 ], [ -81.167094, 32.272122 ], [ -81.170457, 32.271717 ], [ -81.170177, 32.270096 ], [ -81.172077, 32.267248 ], [ -81.173326, 32.263424 ], [ -81.172497, 32.261998 ], [ -81.170813, 32.261507 ], [ -81.17149, 32.26086 ], [ -81.173645, 32.262051 ], [ -81.174986, 32.261608 ], [ -81.17816, 32.258778 ], [ -81.178254, 32.256196 ], [ -81.177957, 32.255502 ], [ -81.174493, 32.254025 ], [ -81.170452, 32.254603 ], [ -81.168492, 32.252319 ], [ -81.167519, 32.249339 ], [ -81.165316, 32.248252 ], [ -81.164042, 32.248506 ], [ -81.162186, 32.250355 ], [ -81.159508, 32.250869 ], [ -81.157288, 32.25056 ], [ -81.154537, 32.249145 ], [ -81.154241, 32.248405 ], [ -81.156563, 32.246251 ], [ -81.157784, 32.244239 ], [ -81.157524, 32.241574 ], [ -81.153847, 32.235252 ], [ -81.153097, 32.234561 ], [ -81.159636, 32.229819 ], [ -81.192389, 32.236884 ], [ -81.195679, 32.237468 ], [ -81.201403, 32.233531 ], [ -81.216987, 32.222014 ], [ -81.22427, 32.216654 ], [ -81.229025, 32.21329 ], [ -81.24438, 32.202398 ], [ -81.24925, 32.198648 ], [ -81.249799, 32.199415 ], [ -81.251263, 32.201123 ], [ -81.252512, 32.202298 ], [ -81.252839, 32.202529 ], [ -81.253331, 32.202877 ], [ -81.255373, 32.204116 ], [ -81.256771, 32.205674 ], [ -81.258016, 32.215186 ], [ -81.260748, 32.219684 ], [ -81.262967, 32.22271 ], [ -81.263459, 32.223216 ], [ -81.265609, 32.22508 ], [ -81.258332, 32.230015 ], [ -81.257684, 32.230128 ], [ -81.262854, 32.231901 ], [ -81.263115, 32.233068 ], [ -81.260748, 32.235188 ], [ -81.261639, 32.236643 ], [ -81.264025, 32.236061 ], [ -81.271153, 32.231772 ], [ -81.274971, 32.235523 ], [ -81.282907, 32.245386 ], [ -81.279726, 32.247219 ], [ -81.282305, 32.249724 ], [ -81.286357, 32.252913 ], [ -81.28709, 32.252348 ], [ -81.287671, 32.253009 ], [ -81.288368, 32.252529 ], [ -81.288961, 32.253187 ], [ -81.289988, 32.25257 ], [ -81.290775, 32.252979 ], [ -81.292084, 32.253402 ], [ -81.294831, 32.253684 ], [ -81.297969, 32.251472 ], [ -81.301041, 32.254468 ], [ -81.302696, 32.255257 ], [ -81.282622, 32.268819 ], [ -81.279329, 32.271634 ], [ -81.279496, 32.272756 ], [ -81.277144, 32.274375 ], [ -81.271591, 32.280011 ], [ -81.272114, 32.281095 ], [ -81.269449, 32.282161 ], [ -81.269079, 32.282532 ], [ -81.280253, 32.294044 ], [ -81.282261, 32.295797 ], [ -81.287268, 32.300134 ], [ -81.292678, 32.299742 ], [ -81.2935, 32.300036 ], [ -81.300868, 32.304305 ], [ -81.304159, 32.304259 ], [ -81.308634, 32.307967 ], [ -81.316086, 32.316884 ] ] ] } },
{ "type": "Feature", "properties": { "id": "80bb2cbb-14d2-4ac2-bb99-d6e48b630768", "Name": "31328", "description": null, "timestamp": null, "begin": null, "end": null, "altitudeMode": null, "tessellate": -1, "extrude": 0, "visibility": -1, "drawOrder": null, "icon": null, "code": "31328", "url": "/us/zip-codes/31328", "jurisdiction_depth_yards": { "TYBEE ISLAND": 1145.6, "UNINCORPORATED": 5017.0 } }, "geometry": { "type": "Polygon", "coordinates": [ [ [ -80.950418, 32.040601 ], [ -80.946771, 32.040844 ], [ -80.923324, 32.0264 ], [ -80.921761, 32.025737 ], [ -80.908132, 32.021791 ], [ -80.90195, 32.018891 ], [ -80.892166, 32.016593 ], [ -80.884348, 32.015848 ], [ -80.884026, 32.01682 ], [ -80.882386, 32.018095 ], [ -80.882118, 32.017502 ], [ -80.882035, 32.017177 ], [ -80.88112, 32.016781 ], [ -80.880556, 32.017207 ], [ -80.876950492, 32.01771124 ], [ -80.876485255, 32.017266196 ], [ -80.875954, 32.016758 ], [ -80.866209, 32.019377 ], [ -80.859111, 32.023693 ], [ -80.855056, 32.025463 ], [ -80.852869195, 32.028579502 ], [ -80.852725, 32.028785 ], [ -80.843456, 32.023647 ], [ -80.841068059, 32.012339315 ], [ -80.840917, 32.011624 ], [ -80.840378, 32.003044 ], [ -80.841854046, 32.002658401 ], [ -80.841913, 32.002643 ], [ -80.842783141, 32.000204019 ], [ -80.844504154, 31.995380069 ], [ -80.846882362, 31.98871402 ], [ -80.847298, 31.987549 ], [ -80.848113344, 31.987308228 ], [ -80.850792048, 31.986517203 ], [ -80.852261832, 31.986083173 ], [ -80.852920553, 31.985888652 ], [ -80.853305, 31.986858 ], [ -80.853589, 31.987571 ], [ -80.854191, 31.99284 ], [ -80.855627, 31.995083 ], [ -80.855927, 31.997709 ], [ -80.857757, 31.998471 ], [ -80.860672, 32.000019 ], [ -80.859934, 32.003357 ], [ -80.86197, 32.006347 ], [ -80.860293, 32.007702 ], [ -80.862166, 32.007022 ], [ -80.863502, 32.007167 ], [ -80.866111, 32.009272 ], [ -80.864851, 32.007847 ], [ -80.862904, 32.006389 ], [ -80.862306, 32.004385 ], [ -80.860537, 32.002696 ], [ -80.861387, 32.000597 ], [ -80.864404, 32.000284 ], [ -80.868591, 31.997419 ], [ -80.870423, 31.996522 ], [ -80.876583, 31.993085 ], [ -80.878759, 31.994223 ], [ -80.879629, 31.996464 ], [ -80.881464, 31.998263 ], [ -80.884736, 31.999451 ], [ -80.88715, 31.999061 ], [ -80.890346, 31.996339 ], [ -80.894574, 31.994441 ], [ -80.896356, 31.996277 ], [ -80.89961, 31.997392 ], [ -80.903653, 31.99648 ], [ -80.904535, 31.997529 ], [ -80.904383, 31.995598 ], [ -80.905412, 31.994828 ], [ -80.910635, 31.995653 ], [ -80.910617, 31.994967 ], [ -80.913387, 31.992336 ], [ -80.915381, 31.988214 ], [ -80.91646, 31.987716 ], [ -80.917731, 31.988161 ], [ -80.920196, 31.991225 ], [ -80.926451, 31.994613 ], [ -80.925868, 31.996768 ], [ -80.926487, 31.999032 ], [ -80.923067, 32.004156 ], [ -80.921769, 32.008131 ], [ -80.921975, 32.009953 ], [ -80.924669, 32.012745 ], [ -80.929468, 32.014663 ], [ -80.934572, 32.015819 ], [ -80.939744, 32.018005 ], [ -80.94005, 32.019634 ], [ -80.939272, 32.022973 ], [ -80.939203, 32.025986 ], [ -80.940599, 32.027915 ], [ -80.943483, 32.029215 ], [ -80.947443, 32.029635 ], [ -80.948503, 32.031551 ], [ -80.947008, 32.034515 ], [ -80.948312, 32.035257 ], [ -80.949304, 32.037079 ], [ -80.948442, 32.039085 ], [ -80.950624, 32.039474 ], [ -80.950418, 32.040601 ] ] ] } },
{ "type": "Feature", "properties": { "id": "c4bb0253-4851-4f50-9057-48595c26eb67", "Name": "31401", "description": null, "timestamp": null, "begin": null, "end": null, "altitudeMode": null, "tessellate": -1, "extrude": 0, "visibility": -1, "drawOrder": null, "icon": null, "code": "31401", "url": "/us/zip-codes/31401", "jurisdiction_depth_yards": { "UNINCORPORATED": 1.0, "SAVANNAH": 3852.2 } }, "geometry": { "type": "Polygon", "coordinates": [ [ [ -81.108537, 32.076648 ], [ -81.107215, 32.076909 ], [ -81.10485, 32.073304 ], [ -81.106508, 32.076457 ], [ -81.103725, 32.077151 ], [ -81.106954, 32.07797 ], [ -81.106654, 32.079255 ], [ -81.102898, 32.083965 ], [ -81.10183, 32.083713 ], [ -81.099909, 32.08766 ], [ -81.098937, 32.088483 ], [ -81.098261, 32.087909 ], [ -81.09535, 32.08487 ], [ -81.090767, 32.082574 ], [ -81.085074, 32.081553 ], [ -81.080798, 32.080294 ], [ -81.081251, 32.078971 ], [ -81.078108, 32.078173 ], [ -81.073778, 32.07787 ], [ -81.073768, 32.077716 ], [ -81.071519, 32.07788 ], [ -81.065589, 32.078837 ], [ -81.065482, 32.078207 ], [ -81.073815, 32.077001 ], [ -81.073997, 32.076575 ], [ -81.075269, 32.073601 ], [ -81.075313, 32.073131 ], [ -81.076369, 32.070634 ], [ -81.076867, 32.070059 ], [ -81.077982, 32.067206 ], [ -81.07725, 32.066032 ], [ -81.079286, 32.06512 ], [ -81.080064, 32.063041 ], [ -81.080356, 32.062177 ], [ -81.081249, 32.059694 ], [ -81.081523, 32.058861 ], [ -81.08275, 32.05538 ], [ -81.082822, 32.055183 ], [ -81.083036, 32.054609 ], [ -81.08411, 32.051582 ], [ -81.084965, 32.049205 ], [ -81.086475, 32.048613 ], [ -81.08918, 32.049315 ], [ -81.089008, 32.049781 ], [ -81.091279, 32.050369 ], [ -81.096195, 32.051687 ], [ -81.096244, 32.051558 ], [ -81.097255, 32.051793 ], [ -81.100672, 32.053099 ], [ -81.101842, 32.052487 ], [ -81.102108, 32.052473 ], [ -81.102592, 32.052495 ], [ -81.102486, 32.052764 ], [ -81.10409, 32.053192 ], [ -81.104178, 32.05295 ], [ -81.104258, 32.05323 ], [ -81.105738, 32.053622 ], [ -81.105847, 32.053308 ], [ -81.106149, 32.053388 ], [ -81.107088, 32.053866 ], [ -81.10702, 32.054053 ], [ -81.106092, 32.056843 ], [ -81.105127, 32.059367 ], [ -81.104596, 32.060715 ], [ -81.103582, 32.06046 ], [ -81.10347, 32.060753 ], [ -81.104398, 32.061242 ], [ -81.103756, 32.063113 ], [ -81.10271, 32.062846 ], [ -81.101845, 32.065182 ], [ -81.102872, 32.065455 ], [ -81.102592, 32.066252 ], [ -81.102272, 32.067022 ], [ -81.101251, 32.066757 ], [ -81.101098, 32.067164 ], [ -81.102112, 32.067437 ], [ -81.101847, 32.068165 ], [ -81.105011, 32.068943 ], [ -81.104846, 32.069394 ], [ -81.106978, 32.069933 ], [ -81.107257, 32.070006 ], [ -81.112416, 32.071303 ], [ -81.108537, 32.076648 ] ] ] } },
{ "type": "Feature", "properties": { "id": "7669ec30-28b2-42f7-a5c3-f62f7f09257b", "Name": "31404", "description": null, "timestamp": null, "begin": null, "end": null, "altitudeMode": null, "tessellate": -1, "extrude": 0, "visibility": -1, "drawOrder": null, "icon": null, "code": "31404", "url": "/us/zip-codes/31404", "jurisdiction_depth_yards": { "THUNDERBOLT": 667.3, "UNINCORPORATED": 2664.1, "SAVANNAH": 3263.8 } }, "geometry": { "type": "Polygon", "coordinates": [ [ [ -81.09521, 32.026209 ], [ -81.094109, 32.025874 ], [ -81.09263, 32.029704 ], [ -81.092913, 32.029779 ], [ -81.092693, 32.032049 ], [ -81.095147, 32.032702 ], [ -81.094223, 32.035179 ], [ -81.090955, 32.034166 ], [ -81.089408, 32.038359 ], [ -81.08899, 32.03924 ], [ -81.088588, 32.039977 ], [ -81.087453, 32.042144 ], [ -81.085284, 32.048277 ], [ -81.084965, 32.049205 ], [ -81.08411, 32.051582 ], [ -81.083036, 32.054609 ], [ -81.082822, 32.055183 ], [ -81.08275, 32.05538 ], [ -81.081523, 32.058861 ], [ -81.081249, 32.059694 ], [ -81.080356, 32.062177 ], [ -81.080064, 32.063041 ], [ -81.079286, 32.06512 ], [ -81.07725, 32.066032 ], [ -81.077982, 32.067206 ], [ -81.076867, 32.070059 ], [ -81.076369, 32.070634 ], [ -81.075313, 32.073131 ], [ -81.075269, 32.073601 ], [ -81.073997, 32.076575 ], [ -81.073815, 32.077001 ], [ -81.065482, 32.078207 ], [ -81.065589, 32.078837 ], [ -81.060007, 32.07961 ], [ -81.054945, 32.078676 ], [ -81.049028, 32.078594 ], [ -81.049415, 32.078141 ], [ -81.048944, 32.077934 ], [ -81.043933, 32.079279 ], [ -81.04174, 32.079115 ], [ -81.0355, 32.082299 ], [ -81.029229, 32.083917 ], [ -81.026149, 32.08551 ], [ -81.023515, 32.0864 ], [ -81.02002, 32.088119 ], [ -81.018158, 32.088148 ], [ -81.015984, 32.088958 ], [ -81.00872, 32.084864 ], [ -81.0044, 32.082625 ], [ -81.004688, 32.081404 ], [ -81.003388, 32.083208 ], [ -81.001864, 32.082268 ], [ -81.000128, 32.079839 ], [ -81.00029, 32.077533 ], [ -81.002157, 32.074083 ], [ -81.006698, 32.070562 ], [ -81.008872, 32.071697 ], [ -81.011698, 32.073892 ], [ -81.013376, 32.074028 ], [ -81.018537, 32.070299 ], [ -81.021731, 32.069197 ], [ -81.022352, 32.066471 ], [ -81.024425, 32.06442 ], [ -81.027696, 32.063663 ], [ -81.029477, 32.062005 ], [ -81.030723, 32.056232 ], [ -81.02984, 32.050934 ], [ -81.029543, 32.050312 ], [ -81.031507, 32.048974 ], [ -81.034237, 32.049008 ], [ -81.040914, 32.044796 ], [ -81.041534, 32.044025 ], [ -81.042214, 32.042172 ], [ -81.045095, 32.037934 ], [ -81.04494, 32.037853 ], [ -81.045545, 32.036025 ], [ -81.046482, 32.033951 ], [ -81.048104, 32.031596 ], [ -81.048308, 32.030703 ], [ -81.048643, 32.029241 ], [ -81.048393, 32.027509 ], [ -81.046175, 32.025028 ], [ -81.044207, 32.024349 ], [ -81.041584, 32.023443 ], [ -81.037081, 32.022556 ], [ -81.031976, 32.020733 ], [ -81.031105, 32.019409 ], [ -81.031513, 32.016567 ], [ -81.033641, 32.013947 ], [ -81.035622, 32.012954 ], [ -81.037618, 32.013488 ], [ -81.041354, 32.016689 ], [ -81.043229, 32.017077 ], [ -81.044702, 32.016395 ], [ -81.04594, 32.014539 ], [ -81.046608, 32.010837 ], [ -81.047766, 32.008591 ], [ -81.048189, 32.006245 ], [ -81.047581, 32.003765 ], [ -81.047937, 32.00179 ], [ -81.049081, 32.00043 ], [ -81.051789, 31.99953 ], [ -81.053668, 32.001992 ], [ -81.052062, 32.00725 ], [ -81.054963, 32.009044 ], [ -81.055398, 32.009821 ], [ -81.055694, 32.011161 ], [ -81.056186, 32.012292 ], [ -81.057442, 32.012794 ], [ -81.05823, 32.013319 ], [ -81.059635, 32.014507 ], [ -81.060018, 32.015071 ], [ -81.060011, 32.019039 ], [ -81.056674, 32.021538 ], [ -81.053919, 32.02223 ], [ -81.05417, 32.022993 ], [ -81.059608, 32.020124 ], [ -81.060608, 32.018821 ], [ -81.061027, 32.016486 ], [ -81.060195, 32.01384 ], [ -81.06331, 32.014712 ], [ -81.062925, 32.015974 ], [ -81.064814, 32.016856 ], [ -81.066646, 32.01719 ], [ -81.066891, 32.017603 ], [ -81.069869, 32.019083 ], [ -81.073858, 32.020009 ], [ -81.074291, 32.019114 ], [ -81.075108, 32.019325 ], [ -81.075563, 32.019441 ], [ -81.075483, 32.020028 ], [ -81.076155, 32.020355 ], [ -81.078741, 32.020661 ], [ -81.078578, 32.021127 ], [ -81.080429, 32.021992 ], [ -81.080636, 32.021401 ], [ -81.081339, 32.021358 ], [ -81.081478, 32.020958 ], [ -81.089043, 32.022866 ], [ -81.088683, 32.023537 ], [ -81.091267, 32.023798 ], [ -81.093879, 32.024831 ], [ -81.094061, 32.024355 ], [ -81.094507, 32.024804 ], [ -81.094652, 32.024423 ], [ -81.095764, 32.024777 ], [ -81.09521, 32.026209 ] ] ] } },
{ "type": "Feature", "properties": { "id": "013a7f8f-80da-4535-a746-f418ef7d9ed1", "Name": "31405", "description": null, "timestamp": null, "begin": null, "end": null, "altitudeMode": null, "tessellate": -1, "extrude": 0, "visibility": -1, "drawOrder": null, "icon": null, "code": "31405", "url": "/us/zip-codes/31405", "jurisdiction_depth_yards": { "POOLER": 45.9, "GARDEN CITY": 1397.1, "UNINCORPORATED": 2393.2, "SAVANNAH": 3948.6 } }, "geometry": { "type": "MultiPolygon", "coordinates": [ [ [ [ -81.173629, 31.993922 ], [ -81.174252, 31.99567 ], [ -81.173285, 31.996875 ], [ -81.170546, 31.997564 ], [ -81.169423, 31.998438 ], [ -81.168353, 32.00122 ], [ -81.163741, 32.000174 ], [ -81.163109, 32.001756 ], [ -81.161565, 32.002938 ], [ -81.159349, 32.008001 ], [ -81.158414, 32.008809 ], [ -81.157156, 32.008975 ], [ -81.143414, 32.008453 ], [ -81.136817, 32.008837 ], [ -81.13429, 32.008291 ], [ -81.140567, 32.002831 ], [ -81.142208, 32.003245 ], [ -81.143002, 32.002997 ], [ -81.14634, 31.999733 ], [ -81.146895, 31.999455 ], [ -81.151301, 31.997253 ], [ -81.151637, 31.997497 ], [ -81.152996, 31.997331 ], [ -81.15397, 31.997485 ], [ -81.157779, 31.998534 ], [ -81.159193, 31.99629 ], [ -81.161762, 31.994515 ], [ -81.165193, 31.992098 ], [ -81.168766, 31.993499 ], [ -81.170301, 31.989174 ], [ -81.174776, 31.990231 ], [ -81.173629, 31.993922 ] ] ], [ [ [ -81.251432, 32.063069 ], [ -81.248023, 32.069754 ], [ -81.24587, 32.074097 ], [ -81.240657, 32.073831 ], [ -81.238966, 32.07367 ], [ -81.202788, 32.070291 ], [ -81.202574, 32.07027 ], [ -81.175776, 32.067746 ], [ -81.173766, 32.067762 ], [ -81.170929, 32.068105 ], [ -81.161024, 32.070557 ], [ -81.150503, 32.073157 ], [ -81.149175, 32.073327 ], [ -81.147849, 32.073338 ], [ -81.136853, 32.07246 ], [ -81.134635, 32.07209 ], [ -81.136692, 32.066502 ], [ -81.133063, 32.061608 ], [ -81.131432, 32.062552 ], [ -81.126312, 32.059989 ], [ -81.122409, 32.06007 ], [ -81.121844, 32.059936 ], [ -81.119824, 32.061084 ], [ -81.119462, 32.057633 ], [ -81.119348, 32.057367 ], [ -81.111732, 32.055317 ], [ -81.107153, 32.054138 ], [ -81.10702, 32.054053 ], [ -81.107088, 32.053866 ], [ -81.106149, 32.053388 ], [ -81.105847, 32.053308 ], [ -81.105738, 32.053622 ], [ -81.104258, 32.05323 ], [ -81.104178, 32.05295 ], [ -81.10409, 32.053192 ], [ -81.102486, 32.052764 ], [ -81.102592, 32.052495 ], [ -81.102108, 32.052473 ], [ -81.101842, 32.052487 ], [ -81.100672, 32.053099 ], [ -81.097255, 32.051793 ], [ -81.096244, 32.051558 ], [ -81.096195, 32.051687 ], [ -81.091279, 32.050369 ], [ -81.089008, 32.049781 ], [ -81.08918, 32.049315 ], [ -81.086475, 32.048613 ], [ -81.084965, 32.049205 ], [ -81.085284, 32.048277 ], [ -81.087453, 32.042144 ], [ -81.088588, 32.039977 ], [ -81.08899, 32.03924 ], [ -81.089408, 32.038359 ], [ -81.090955, 32.034166 ], [ -81.094223, 32.035179 ], [ -81.095147, 32.032702 ], [ -81.092693, 32.032049 ], [ -81.092913, 32.029779 ], [ -81.09263, 32.029704 ], [ -81.094109, 32.025874 ], [ -81.09521, 32.026209 ], [ -81.095764, 32.024777 ], [ -81.097896, 32.025467 ], [ -81.095203, 32.024224 ], [ -81.097693, 32.018622 ], [ -81.096968, 32.01843 ], [ -81.098909, 32.012479 ], [ -81.099967, 32.01276 ], [ -81.100337, 32.01198 ], [ -81.100591, 32.011122 ], [ -81.099508, 32.010835 ], [ -81.099779, 32.010027 ], [ -81.105012, 32.011471 ], [ -81.108838, 32.012541 ], [ -81.108988, 32.012095 ], [ -81.109581, 32.012265 ], [ -81.110068, 32.010897 ], [ -81.111735, 32.011358 ], [ -81.111155, 32.013207 ], [ -81.115754, 32.014421 ], [ -81.116545, 32.015179 ], [ -81.123971, 32.017173 ], [ -81.122853, 32.019058 ], [ -81.123042, 32.019847 ], [ -81.125524, 32.021276 ], [ -81.123661, 32.023657 ], [ -81.127146, 32.024614 ], [ -81.126091, 32.028713 ], [ -81.121146, 32.027841 ], [ -81.121071, 32.02802 ], [ -81.12028, 32.031287 ], [ -81.124329, 32.032151 ], [ -81.125518, 32.032404 ], [ -81.134829, 32.035083 ], [ -81.164574, 32.019402 ], [ -81.199041, 32.001151 ], [ -81.19979, 32.000754 ], [ -81.20057, 32.001439 ], [ -81.201706, 32.002437 ], [ -81.203289, 32.003188 ], [ -81.206093, 32.003055 ], [ -81.208101, 32.00481 ], [ -81.209593, 32.003771 ], [ -81.210232, 32.002128 ], [ -81.212016, 32.001241 ], [ -81.213172, 31.999547 ], [ -81.215856, 31.99871 ], [ -81.21758, 31.99754 ], [ -81.220017, 32.000042 ], [ -81.222494, 31.999356 ], [ -81.224271, 31.997025 ], [ -81.224961, 31.9989 ], [ -81.228998, 32.000759 ], [ -81.230938, 31.999532 ], [ -81.233578, 32.000851 ], [ -81.233493, 32.001348 ], [ -81.232313, 32.002571 ], [ -81.233066, 32.003874 ], [ -81.233024, 32.004805 ], [ -81.235738, 32.005899 ], [ -81.236917, 32.007455 ], [ -81.237606, 32.006503 ], [ -81.238296, 32.006453 ], [ -81.238483, 32.007444 ], [ -81.238327, 32.007559 ], [ -81.23675, 32.008969 ], [ -81.2351, 32.011211 ], [ -81.239773, 32.01546 ], [ -81.238712, 32.016877 ], [ -81.236148, 32.014627 ], [ -81.234299, 32.014207 ], [ -81.233604, 32.014559 ], [ -81.233023, 32.014032 ], [ -81.229616, 32.01863 ], [ -81.225688, 32.023773 ], [ -81.220325, 32.030724 ], [ -81.225149, 32.031882 ], [ -81.221155, 32.034818 ], [ -81.229047, 32.042543 ], [ -81.221632, 32.045296 ], [ -81.219427, 32.044902 ], [ -81.220604, 32.045717 ], [ -81.221087, 32.045585 ], [ -81.224895, 32.045067 ], [ -81.231341, 32.043401 ], [ -81.230969, 32.048939 ], [ -81.235026, 32.050053 ], [ -81.235357, 32.049876 ], [ -81.237743, 32.049421 ], [ -81.238759, 32.048702 ], [ -81.240467, 32.047893 ], [ -81.241712, 32.045194 ], [ -81.24436, 32.049734 ], [ -81.245777, 32.049267 ], [ -81.248371, 32.051853 ], [ -81.245164, 32.057842 ], [ -81.243579, 32.057108 ], [ -81.240196, 32.057446 ], [ -81.240427, 32.058047 ], [ -81.240686, 32.058349 ], [ -81.241552, 32.059182 ], [ -81.241787, 32.059431 ], [ -81.251322, 32.063028 ], [ -81.251432, 32.063069 ] ] ] ] } },
{ "type": "Feature", "properties": { "id": "3f866048-bebb-4906-9f8e-d0b339387ffe", "Name": "31406", "description": null, "timestamp": null, "begin": null, "end": null, "altitudeMode": null, "tessellate": -1, "extrude": 0, "visibility": -1, "drawOrder": null, "icon": null, "code": "31406", "url": "/us/zip-codes/31406", "jurisdiction_depth_yards": { "VERNONBURG": 34.2, "UNINCORPORATED": 5225.6, "SAVANNAH": 3578.8 } }, "geometry": { "type": "Polygon", "coordinates": [ [ [ -81.151301, 31.997253 ], [ -81.146895, 31.999455 ], [ -81.14634, 31.999733 ], [ -81.143002, 32.002997 ], [ -81.142208, 32.003245 ], [ -81.140567, 32.002831 ], [ -81.135892, 32.001662 ], [ -81.131867, 32.000755 ], [ -81.127296, 31.999583 ], [ -81.124924, 32.005319 ], [ -81.124944, 32.005645 ], [ -81.120173, 32.004293 ], [ -81.11858, 32.008367 ], [ -81.116968, 32.01089 ], [ -81.115754, 32.014421 ], [ -81.111155, 32.013207 ], [ -81.111735, 32.011358 ], [ -81.110068, 32.010897 ], [ -81.109581, 32.012265 ], [ -81.108988, 32.012095 ], [ -81.108838, 32.012541 ], [ -81.105012, 32.011471 ], [ -81.099779, 32.010027 ], [ -81.099508, 32.010835 ], [ -81.100591, 32.011122 ], [ -81.100337, 32.01198 ], [ -81.099967, 32.01276 ], [ -81.098909, 32.012479 ], [ -81.096968, 32.01843 ], [ -81.097693, 32.018622 ], [ -81.095203, 32.024224 ], [ -81.097896, 32.025467 ], [ -81.095764, 32.024777 ], [ -81.094652, 32.024423 ], [ -81.094507, 32.024804 ], [ -81.094061, 32.024355 ], [ -81.093879, 32.024831 ], [ -81.091267, 32.023798 ], [ -81.088683, 32.023537 ], [ -81.089043, 32.022866 ], [ -81.081478, 32.020958 ], [ -81.081339, 32.021358 ], [ -81.080636, 32.021401 ], [ -81.080429, 32.021992 ], [ -81.078578, 32.021127 ], [ -81.078741, 32.020661 ], [ -81.076155, 32.020355 ], [ -81.075483, 32.020028 ], [ -81.075563, 32.019441 ], [ -81.075108, 32.019325 ], [ -81.074291, 32.019114 ], [ -81.073858, 32.020009 ], [ -81.069869, 32.019083 ], [ -81.066891, 32.017603 ], [ -81.066646, 32.01719 ], [ -81.064814, 32.016856 ], [ -81.062925, 32.015974 ], [ -81.06331, 32.014712 ], [ -81.060195, 32.01384 ], [ -81.061027, 32.016486 ], [ -81.060608, 32.018821 ], [ -81.059608, 32.020124 ], [ -81.05417, 32.022993 ], [ -81.053919, 32.02223 ], [ -81.056674, 32.021538 ], [ -81.060011, 32.019039 ], [ -81.060018, 32.015071 ], [ -81.059635, 32.014507 ], [ -81.05823, 32.013319 ], [ -81.057442, 32.012794 ], [ -81.056186, 32.012292 ], [ -81.055694, 32.011161 ], [ -81.055398, 32.009821 ], [ -81.054963, 32.009044 ], [ -81.052062, 32.00725 ], [ -81.053668, 32.001992 ], [ -81.051789, 31.99953 ], [ -81.049081, 32.00043 ], [ -81.047937, 32.00179 ], [ -81.047581, 32.003765 ], [ -81.048189, 32.006245 ], [ -81.047766, 32.008591 ], [ -81.046608, 32.010837 ], [ -81.04594, 32.014539 ], [ -81.044702, 32.016395 ], [ -81.043229, 32.017077 ], [ -81.041354, 32.016689 ], [ -81.037618, 32.013488 ], [ -81.035622, 32.012954 ], [ -81.033641, 32.013947 ], [ -81.031513, 32.016567 ], [ -81.031105, 32.019409 ], [ -81.027939, 32.021276 ], [ -81.024347, 32.020667 ], [ -81.01509, 32.013351 ], [ -81.013134, 32.012013 ], [ -81.016324, 32.008167 ], [ -81.017341, 32.007026 ], [ -81.02035, 31.993072 ], [ -81.028388, 31.990057 ], [ -81.029155, 31.989844 ], [ -81.035097, 31.98754 ], [ -81.035902, 31.987228 ], [ -81.036173, 31.983569 ], [ -81.042877, 31.977695 ], [ -81.046672, 31.977044 ], [ -81.051428, 31.98087 ], [ -81.053321, 31.981595 ], [ -81.055276, 31.981665 ], [ -81.055675, 31.979845 ], [ -81.055286, 31.979077 ], [ -81.053285, 31.975295 ], [ -81.052911, 31.974186 ], [ -81.052343, 31.970419 ], [ -81.053955, 31.967967 ], [ -81.057178, 31.965526 ], [ -81.057227, 31.963596 ], [ -81.056767, 31.961212 ], [ -81.057929, 31.959255 ], [ -81.063474, 31.953223 ], [ -81.064055, 31.949282 ], [ -81.065472, 31.947325 ], [ -81.06887, 31.945313 ], [ -81.075775, 31.943915 ], [ -81.076921, 31.943815 ], [ -81.078956, 31.942067 ], [ -81.078343, 31.940108 ], [ -81.07569, 31.936408 ], [ -81.074697, 31.931961 ], [ -81.072217, 31.928506 ], [ -81.071814, 31.926326 ], [ -81.071632, 31.92428 ], [ -81.071679, 31.923496 ], [ -81.07222, 31.922339 ], [ -81.075027, 31.920608 ], [ -81.07964, 31.921504 ], [ -81.082789, 31.923222 ], [ -81.088372, 31.924949 ], [ -81.099023, 31.924413 ], [ -81.10376, 31.921765 ], [ -81.104855, 31.920148 ], [ -81.107293, 31.919155 ], [ -81.109702, 31.921347 ], [ -81.111932, 31.926178 ], [ -81.115244, 31.931632 ], [ -81.117471, 31.935963 ], [ -81.11919, 31.93671 ], [ -81.121595, 31.936822 ], [ -81.127131, 31.936229 ], [ -81.132238, 31.936207 ], [ -81.134607, 31.937014 ], [ -81.135683, 31.939018 ], [ -81.136407, 31.941907 ], [ -81.13581, 31.945131 ], [ -81.132711, 31.950793 ], [ -81.130145, 31.953872 ], [ -81.129539, 31.953683 ], [ -81.128038, 31.955264 ], [ -81.126407, 31.958355 ], [ -81.124941, 31.96249 ], [ -81.123267, 31.964679 ], [ -81.119445, 31.961752 ], [ -81.117264, 31.961334 ], [ -81.116403, 31.9618 ], [ -81.115755, 31.96215 ], [ -81.112924, 31.965637 ], [ -81.110048, 31.968784 ], [ -81.110447, 31.970479 ], [ -81.113782, 31.971263 ], [ -81.113737, 31.968762 ], [ -81.114489, 31.967164 ], [ -81.1161, 31.967769 ], [ -81.119433, 31.969271 ], [ -81.121666, 31.968921 ], [ -81.122677, 31.968315 ], [ -81.122061, 31.969496 ], [ -81.119548, 31.971039 ], [ -81.121252, 31.972946 ], [ -81.120774, 31.975601 ], [ -81.124709, 31.976128 ], [ -81.12621, 31.977034 ], [ -81.126153, 31.979316 ], [ -81.124772, 31.981538 ], [ -81.124776, 31.98289 ], [ -81.129781, 31.984434 ], [ -81.129409, 31.985847 ], [ -81.13069, 31.987295 ], [ -81.129643, 31.988554 ], [ -81.130964, 31.989017 ], [ -81.131616, 31.989247 ], [ -81.132463, 31.987136 ], [ -81.133771, 31.988429 ], [ -81.136758, 31.989475 ], [ -81.137464, 31.991304 ], [ -81.138454, 31.991655 ], [ -81.138893, 31.990201 ], [ -81.143962, 31.992012 ], [ -81.144217, 31.993211 ], [ -81.146901, 31.993683 ], [ -81.150517, 31.995649 ], [ -81.149982, 31.996022 ], [ -81.151301, 31.997253 ] ] ] } },
{ "type": "Feature", "properties": { "id": "c936b45d-6220-4b51-8c2b-2df8ed8b45c8", "Name": "31407", "description": null, "timestamp": null, "begin": null, "end": null, "altitudeMode": null, "tessellate": -1, "extrude": 0, "visibility": -1, "drawOrder": null, "icon": null, "code": "31407", "url": "/us/zip-codes/31407", "jurisdiction_depth_yards": { "BLOOMINGDALE": 64.7, "PORT WENTWORTH": 2460.5, "POOLER": 153.5, "GARDEN CITY": 16.7, "UNINCORPORATED": 2404.2, "SAVANNAH": 1815.4 } }, "geometry": { "type": "Polygon", "coordinates": [ [ [ -81.284699, 32.173049 ], [ -81.277395, 32.178406 ], [ -81.266017, 32.18663 ], [ -81.255071, 32.194488 ], [ -81.253546, 32.195493 ], [ -81.24925, 32.198648 ], [ -81.24438, 32.202398 ], [ -81.229025, 32.21329 ], [ -81.22427, 32.216654 ], [ -81.216987, 32.222014 ], [ -81.201403, 32.233531 ], [ -81.195679, 32.237468 ], [ -81.192389, 32.236884 ], [ -81.159636, 32.229819 ], [ -81.15925, 32.229736 ], [ -81.159778, 32.229354 ], [ -81.159039, 32.228341 ], [ -81.159959, 32.22607 ], [ -81.159077, 32.224646 ], [ -81.154013, 32.225987 ], [ -81.153604, 32.226276 ], [ -81.153185, 32.224828 ], [ -81.154464, 32.223022 ], [ -81.153963, 32.218341 ], [ -81.152332, 32.216096 ], [ -81.149791, 32.210658 ], [ -81.150071, 32.209173 ], [ -81.151804, 32.207667 ], [ -81.152572, 32.202087 ], [ -81.154107, 32.19995 ], [ -81.15705, 32.198314 ], [ -81.15773, 32.198599 ], [ -81.159413, 32.195677 ], [ -81.158851, 32.192838 ], [ -81.157193, 32.19117 ], [ -81.154487, 32.189867 ], [ -81.153284, 32.188678 ], [ -81.153694, 32.187371 ], [ -81.158347, 32.183849 ], [ -81.159121, 32.185392 ], [ -81.157903, 32.18658 ], [ -81.159694, 32.186515 ], [ -81.159795, 32.18477 ], [ -81.157569, 32.182841 ], [ -81.158042, 32.181123 ], [ -81.155823, 32.179558 ], [ -81.153895, 32.176631 ], [ -81.155532, 32.170164 ], [ -81.15623, 32.170568 ], [ -81.157051, 32.171043 ], [ -81.157562, 32.16919 ], [ -81.156639, 32.168304 ], [ -81.156531, 32.165716 ], [ -81.156468, 32.16532 ], [ -81.155308, 32.16536 ], [ -81.155224, 32.16521 ], [ -81.154912, 32.164648 ], [ -81.154407, 32.158119 ], [ -81.153599, 32.155592 ], [ -81.152217, 32.153616 ], [ -81.14866, 32.151902 ], [ -81.145781, 32.151395 ], [ -81.144187, 32.149945 ], [ -81.14202, 32.148097 ], [ -81.140985, 32.143879 ], [ -81.142414, 32.138962 ], [ -81.141948, 32.136614 ], [ -81.140775, 32.134172 ], [ -81.138746, 32.131464 ], [ -81.136785, 32.128102 ], [ -81.137638, 32.127691 ], [ -81.141167, 32.125199 ], [ -81.145409, 32.124319 ], [ -81.146141, 32.124646 ], [ -81.150736, 32.123681 ], [ -81.150951, 32.123636 ], [ -81.152121, 32.127325 ], [ -81.157678, 32.126367 ], [ -81.159314, 32.130584 ], [ -81.161172, 32.133404 ], [ -81.164815, 32.133992 ], [ -81.172364, 32.132796 ], [ -81.177741, 32.146322 ], [ -81.178017, 32.146268 ], [ -81.179276, 32.149619 ], [ -81.180941, 32.15325 ], [ -81.183542, 32.151862 ], [ -81.186111, 32.149357 ], [ -81.191427, 32.147272 ], [ -81.192432, 32.146164 ], [ -81.19256, 32.145018 ], [ -81.191305, 32.142401 ], [ -81.191811, 32.142188 ], [ -81.194967, 32.148139 ], [ -81.216485, 32.148342 ], [ -81.217997, 32.146668 ], [ -81.22165, 32.1467 ], [ -81.223178, 32.145986 ], [ -81.223448, 32.144833 ], [ -81.228896, 32.144877 ], [ -81.228926, 32.142133 ], [ -81.226805, 32.140203 ], [ -81.226805, 32.139248 ], [ -81.225256, 32.139233 ], [ -81.225267, 32.138254 ], [ -81.231872, 32.138398 ], [ -81.236705, 32.140928 ], [ -81.240293, 32.141199 ], [ -81.240551, 32.14118 ], [ -81.240529, 32.14099 ], [ -81.240928, 32.140969 ], [ -81.241034, 32.143952 ], [ -81.244504, 32.143693 ], [ -81.244681, 32.144783 ], [ -81.247411, 32.144641 ], [ -81.247465, 32.14604 ], [ -81.247628, 32.146028 ], [ -81.247632, 32.146288 ], [ -81.247611, 32.146925 ], [ -81.247741, 32.146946 ], [ -81.248774, 32.146954 ], [ -81.252121, 32.149871 ], [ -81.251012, 32.151045 ], [ -81.248082, 32.154149 ], [ -81.244946, 32.154285 ], [ -81.244554, 32.154225 ], [ -81.244578, 32.154586 ], [ -81.244251, 32.155325 ], [ -81.244235, 32.157108 ], [ -81.249856, 32.157635 ], [ -81.248978, 32.157938 ], [ -81.249115, 32.158583 ], [ -81.243344, 32.158716 ], [ -81.238325, 32.160749 ], [ -81.238373, 32.163016 ], [ -81.241774, 32.162893 ], [ -81.241181, 32.170629 ], [ -81.250734, 32.171112 ], [ -81.256092, 32.171706 ], [ -81.257379, 32.171724 ], [ -81.259881, 32.171775 ], [ -81.260072, 32.171481 ], [ -81.267112, 32.1708 ], [ -81.269428, 32.171022 ], [ -81.26971, 32.168532 ], [ -81.271259, 32.168072 ], [ -81.275027, 32.168207 ], [ -81.275081, 32.166331 ], [ -81.281806, 32.166314 ], [ -81.283249, 32.166376 ], [ -81.284661, 32.166437 ], [ -81.283394, 32.167115 ], [ -81.279677, 32.171236 ], [ -81.283054, 32.173014 ], [ -81.283893, 32.17297 ], [ -81.284699, 32.173049 ] ] ] } },
{ "type": "Feature", "properties": { "id": "6bedb5c4-8386-434a-b8fd-2dfe45767ae6", "Name": "31408", "description": null, "timestamp": null, "begin": null, "end": null, "altitudeMode": null, "tessellate": -1, "extrude": 0, "visibility": -1, "drawOrder": null, "icon": null, "code": "31408", "url": "/us/zip-codes/31408", "jurisdiction_depth_yards": { "PORT WENTWORTH": 676.2, "POOLER": 1109.9, "GARDEN CITY": 2216.9, "UNINCORPORATED": 1598.8, "SAVANNAH": 1146.4 } }, "geometry": { "type": "Polygon", "coordinates": [ [ [ -81.240551, 32.14118 ], [ -81.240293, 32.141199 ], [ -81.236705, 32.140928 ], [ -81.231872, 32.138398 ], [ -81.225267, 32.138254 ], [ -81.225256, 32.139233 ], [ -81.226805, 32.139248 ], [ -81.226805, 32.140203 ], [ -81.228926, 32.142133 ], [ -81.228896, 32.144877 ], [ -81.223448, 32.144833 ], [ -81.223178, 32.145986 ], [ -81.22165, 32.1467 ], [ -81.217997, 32.146668 ], [ -81.216485, 32.148342 ], [ -81.194967, 32.148139 ], [ -81.191811, 32.142188 ], [ -81.191305, 32.142401 ], [ -81.19256, 32.145018 ], [ -81.192432, 32.146164 ], [ -81.191427, 32.147272 ], [ -81.186111, 32.149357 ], [ -81.183542, 32.151862 ], [ -81.180941, 32.15325 ], [ -81.179276, 32.149619 ], [ -81.178017, 32.146268 ], [ -81.177741, 32.146322 ], [ -81.172364, 32.132796 ], [ -81.164815, 32.133992 ], [ -81.161172, 32.133404 ], [ -81.159314, 32.130584 ], [ -81.157678, 32.126367 ], [ -81.152121, 32.127325 ], [ -81.150951, 32.123636 ], [ -81.150736, 32.123681 ], [ -81.146141, 32.124646 ], [ -81.145409, 32.124319 ], [ -81.141167, 32.125199 ], [ -81.137638, 32.127691 ], [ -81.136785, 32.128102 ], [ -81.134967, 32.12456 ], [ -81.131319, 32.118893 ], [ -81.128506, 32.116304 ], [ -81.125898, 32.113084 ], [ -81.125825, 32.111863 ], [ -81.124771, 32.110798 ], [ -81.123806, 32.110014 ], [ -81.12882, 32.104451 ], [ -81.129303, 32.103371 ], [ -81.133781, 32.099442 ], [ -81.137696, 32.097899 ], [ -81.138836, 32.09659 ], [ -81.132113, 32.092055 ], [ -81.131482, 32.091603 ], [ -81.133747, 32.086368 ], [ -81.134236, 32.085976 ], [ -81.135483, 32.085638 ], [ -81.153563, 32.090342 ], [ -81.153854, 32.090165 ], [ -81.150773, 32.085937 ], [ -81.15095, 32.085861 ], [ -81.15242, 32.085237 ], [ -81.163997, 32.083123 ], [ -81.164831, 32.080263 ], [ -81.157737, 32.07812 ], [ -81.160189, 32.074264 ], [ -81.16102, 32.070739 ], [ -81.161024, 32.070557 ], [ -81.170929, 32.068105 ], [ -81.173766, 32.067762 ], [ -81.175776, 32.067746 ], [ -81.202574, 32.07027 ], [ -81.202788, 32.070291 ], [ -81.202359, 32.070677 ], [ -81.202716, 32.070701 ], [ -81.204267, 32.070561 ], [ -81.201453, 32.079023 ], [ -81.199663, 32.079287 ], [ -81.197389, 32.081809 ], [ -81.195646, 32.081927 ], [ -81.195716, 32.082388 ], [ -81.196634, 32.084036 ], [ -81.197424, 32.085979 ], [ -81.197132, 32.089924 ], [ -81.199748, 32.090702 ], [ -81.201015, 32.093567 ], [ -81.196885, 32.09266 ], [ -81.196758, 32.092633 ], [ -81.19569, 32.106001 ], [ -81.195932, 32.106039 ], [ -81.20037, 32.106769 ], [ -81.201823, 32.107047 ], [ -81.202985, 32.107592 ], [ -81.204488, 32.109118 ], [ -81.20518, 32.11164 ], [ -81.211353, 32.114299 ], [ -81.211869, 32.115958 ], [ -81.212707, 32.115486 ], [ -81.215733, 32.10668 ], [ -81.225817, 32.109228 ], [ -81.225436, 32.109719 ], [ -81.224757, 32.111632 ], [ -81.225808, 32.109454 ], [ -81.228704, 32.10671 ], [ -81.233044, 32.110401 ], [ -81.234938, 32.111455 ], [ -81.235063, 32.115176 ], [ -81.233688, 32.118305 ], [ -81.232202, 32.119437 ], [ -81.228661, 32.119514 ], [ -81.227412, 32.122037 ], [ -81.222693, 32.122939 ], [ -81.223509, 32.123511 ], [ -81.22715, 32.126064 ], [ -81.226869, 32.126764 ], [ -81.227897, 32.126768 ], [ -81.23522, 32.129773 ], [ -81.238436, 32.126812 ], [ -81.238989, 32.126815 ], [ -81.239624, 32.131825 ], [ -81.240529, 32.14099 ], [ -81.240551, 32.14118 ] ] ] } },
{ "type": "Feature", "properties": { "id": "3f6b48c0-daa2-4408-a96f-45ac36620a12", "Name": "31409", "description": null, "timestamp": null, "begin": null, "end": null, "altitudeMode": null, "tessellate": -1, "extrude": 0, "visibility": -1, "drawOrder": null, "icon": null, "code": "31409", "url": "/us/zip-codes/31409", "jurisdiction_depth_yards": { "UNINCORPORATED": 47.8, "SAVANNAH": 3320.8 } }, "geometry": { "type": "Polygon", "coordinates": [ [ [ -81.199041, 32.001151 ], [ -81.164574, 32.019402 ], [ -81.134829, 32.035083 ], [ -81.125518, 32.032404 ], [ -81.124329, 32.032151 ], [ -81.12028, 32.031287 ], [ -81.121071, 32.02802 ], [ -81.121146, 32.027841 ], [ -81.126091, 32.028713 ], [ -81.127146, 32.024614 ], [ -81.123661, 32.023657 ], [ -81.125524, 32.021276 ], [ -81.123042, 32.019847 ], [ -81.122853, 32.019058 ], [ -81.123971, 32.017173 ], [ -81.116545, 32.015179 ], [ -81.115754, 32.014421 ], [ -81.116968, 32.01089 ], [ -81.11858, 32.008367 ], [ -81.120173, 32.004293 ], [ -81.124944, 32.005645 ], [ -81.124924, 32.005319 ], [ -81.127296, 31.999583 ], [ -81.131867, 32.000755 ], [ -81.135892, 32.001662 ], [ -81.140567, 32.002831 ], [ -81.13429, 32.008291 ], [ -81.136817, 32.008837 ], [ -81.143414, 32.008453 ], [ -81.157156, 32.008975 ], [ -81.158414, 32.008809 ], [ -81.159349, 32.008001 ], [ -81.161565, 32.002938 ], [ -81.163109, 32.001756 ], [ -81.163741, 32.000174 ], [ -81.168353, 32.00122 ], [ -81.169423, 31.998438 ], [ -81.170546, 31.997564 ], [ -81.173285, 31.996875 ], [ -81.174252, 31.99567 ], [ -81.173629, 31.993922 ], [ -81.174776, 31.990231 ], [ -81.176953, 31.983912 ], [ -81.177437, 31.98296 ], [ -81.180345, 31.983624 ], [ -81.182375, 31.983717 ], [ -81.182474, 31.98533 ], [ -81.184661, 31.986647 ], [ -81.19178, 31.98763 ], [ -81.194089, 31.992815 ], [ -81.196487, 31.994872 ], [ -81.196683, 31.997433 ], [ -81.197583, 31.999738 ], [ -81.199041, 32.001151 ] ] ] } },
{ "type": "Feature", "properties": { "id": "4594c9c8-4904-45cb-8dfd-a8f846aa1c73", "Name": "31410", "description": null, "timestamp": null, "begin": null, "end": null, "altitudeMode": null, "tessellate": -1, "extrude": 0, "visibility": -1, "drawOrder": null, "icon": null, "code": "31410", "url": "/us/zip-codes/31410", "jurisdiction_depth_yards": { "THUNDERBOLT": 452.4, "UNINCORPORATED": 8813.6, "SAVANNAH": 43.8 } }, "geometry": { "type": "Polygon", "coordinates": [ [ [ -81.048643, 32.029241 ], [ -81.048308, 32.030703 ], [ -81.048104, 32.031596 ], [ -81.046482, 32.033951 ], [ -81.045545, 32.036025 ], [ -81.04494, 32.037853 ], [ -81.045095, 32.037934 ], [ -81.042214, 32.042172 ], [ -81.041534, 32.044025 ], [ -81.040914, 32.044796 ], [ -81.034237, 32.049008 ], [ -81.031507, 32.048974 ], [ -81.029543, 32.050312 ], [ -81.02984, 32.050934 ], [ -81.030723, 32.056232 ], [ -81.029477, 32.062005 ], [ -81.027696, 32.063663 ], [ -81.024425, 32.06442 ], [ -81.022352, 32.066471 ], [ -81.021731, 32.069197 ], [ -81.018537, 32.070299 ], [ -81.013376, 32.074028 ], [ -81.011698, 32.073892 ], [ -81.008872, 32.071697 ], [ -81.006698, 32.070562 ], [ -81.004779, 32.067707 ], [ -81.003056, 32.067045 ], [ -80.999803, 32.066553 ], [ -80.999914, 32.065959 ], [ -80.999103, 32.066189 ], [ -80.997101, 32.064254 ], [ -80.994465, 32.063727 ], [ -80.991216, 32.064414 ], [ -80.989562, 32.062164 ], [ -80.986206, 32.061981 ], [ -80.982024, 32.060209 ], [ -80.980751, 32.058014 ], [ -80.978238, 32.058605 ], [ -80.977197, 32.058296 ], [ -80.977196, 32.055259 ], [ -80.974178, 32.052926 ], [ -80.975461, 32.049646 ], [ -80.973361, 32.046622 ], [ -80.968285, 32.044024 ], [ -80.969333, 32.043632 ], [ -80.964197, 32.042499 ], [ -80.962944, 32.04119 ], [ -80.960962, 32.03725 ], [ -80.958825, 32.035717 ], [ -80.956991, 32.034304 ], [ -80.952623, 32.031926 ], [ -80.950651, 32.029618 ], [ -80.948567, 32.028697 ], [ -80.942842, 32.027915 ], [ -80.940729, 32.026353 ], [ -80.941651, 32.02074 ], [ -80.943075, 32.020111 ], [ -80.945474, 32.020051 ], [ -80.947977, 32.017145 ], [ -80.950861, 32.015531 ], [ -80.951479, 32.014232 ], [ -80.950009, 32.011367 ], [ -80.948122, 32.010761 ], [ -80.944212, 32.011471 ], [ -80.942196, 32.011068 ], [ -80.940092, 32.009341 ], [ -80.941006, 32.006583 ], [ -80.944252, 32.005043 ], [ -80.949776, 32.004416 ], [ -80.950403, 32.004117 ], [ -80.950594, 32.004118 ], [ -80.950724, 32.004055 ], [ -80.95088, 32.004711 ], [ -80.952379, 32.00576 ], [ -80.95347, 32.003546 ], [ -80.955713, 32.003258 ], [ -80.955789, 32.00316 ], [ -80.957407, 32.000481 ], [ -80.958041, 31.997089 ], [ -80.960038, 31.995701 ], [ -80.960733, 31.993296 ], [ -80.962579, 31.989991 ], [ -80.96007, 31.985784 ], [ -80.959397, 31.980802 ], [ -80.960825, 31.978052 ], [ -80.963062, 31.97746 ], [ -80.96767, 31.9778 ], [ -80.970045, 31.979742 ], [ -80.974086, 31.981082 ], [ -80.974905, 31.981254 ], [ -80.977033, 31.980758 ], [ -80.981322, 31.978915 ], [ -80.983471, 31.978735 ], [ -80.988461, 31.979276 ], [ -80.990391, 31.978824 ], [ -80.991585, 31.977585 ], [ -80.99245, 31.972866 ], [ -80.993954, 31.973508 ], [ -80.995516, 31.973765 ], [ -80.995771, 31.97345 ], [ -80.992977, 31.972815 ], [ -80.991601, 31.969511 ], [ -80.991966, 31.966778 ], [ -80.994477, 31.96628 ], [ -80.991758, 31.966552 ], [ -80.991183, 31.969534 ], [ -80.99111, 31.973064 ], [ -80.990378, 31.977749 ], [ -80.988254, 31.978685 ], [ -80.986047, 31.978221 ], [ -80.981408, 31.978102 ], [ -80.974681, 31.980389 ], [ -80.973618, 31.980362 ], [ -80.969104, 31.977661 ], [ -80.967486, 31.973885 ], [ -80.965309, 31.972047 ], [ -80.963149, 31.970977 ], [ -80.961954, 31.969468 ], [ -80.961789, 31.967091 ], [ -80.966675, 31.96628 ], [ -80.967886, 31.963898 ], [ -80.968044, 31.962263 ], [ -80.969604, 31.960971 ], [ -80.973676, 31.960101 ], [ -80.976544, 31.960812 ], [ -80.98096, 31.962704 ], [ -80.981477, 31.963555 ], [ -80.981549, 31.967373 ], [ -80.981135, 31.96986 ], [ -80.982216, 31.971027 ], [ -80.984391, 31.971175 ], [ -80.982424, 31.97034 ], [ -80.982001, 31.968128 ], [ -80.986511, 31.968096 ], [ -80.982563, 31.966823 ], [ -80.982573, 31.964103 ], [ -80.984986, 31.962672 ], [ -80.986613, 31.962698 ], [ -80.985017, 31.961683 ], [ -80.984979, 31.95862 ], [ -80.985971, 31.95561 ], [ -80.985739, 31.95171 ], [ -80.989813, 31.951966 ], [ -80.994726, 31.954157 ], [ -81.000688, 31.955559 ], [ -81.002088, 31.956508 ], [ -81.003582, 31.959626 ], [ -81.004298, 31.962823 ], [ -81.004475, 31.967289 ], [ -81.003476, 31.972027 ], [ -81.007542, 31.973801 ], [ -81.007252, 31.974415 ], [ -81.004212, 31.980843 ], [ -81.002143, 31.99392 ], [ -81.002698, 32.000216 ], [ -81.007015, 32.008294 ], [ -81.008527, 32.010407 ], [ -81.013134, 32.012013 ], [ -81.01509, 32.013351 ], [ -81.024347, 32.020667 ], [ -81.027939, 32.021276 ], [ -81.031105, 32.019409 ], [ -81.031976, 32.020733 ], [ -81.037081, 32.022556 ], [ -81.041584, 32.023443 ], [ -81.044207, 32.024349 ], [ -81.046175, 32.025028 ], [ -81.048393, 32.027509 ], [ -81.048643, 32.029241 ] ] ] } },
{ "type": "Feature", "properties": { "id": "c3a2c3f4-db69-424f-a45e-fd2aa658c146", "Name": "31411", "description": null, "timestamp": null, "begin": null, "end": null, "altitudeMode": null, "tessellate": -1, "extrude": 0, "visibility": -1, "drawOrder": null, "icon": null, "code": "31411", "url": "/us/zip-codes/31411", "jurisdiction_depth_yards": { "UNINCORPORATED": 8856.5, "SAVANNAH": 0.2 } }, "geometry": { "type": "Polygon", "coordinates": [ [ [ -81.104855, 31.920148 ], [ -81.10376, 31.921765 ], [ -81.099023, 31.924413 ], [ -81.088372, 31.924949 ], [ -81.082789, 31.923222 ], [ -81.07964, 31.921504 ], [ -81.075027, 31.920608 ], [ -81.07222, 31.922339 ], [ -81.071679, 31.923496 ], [ -81.071632, 31.92428 ], [ -81.071814, 31.926326 ], [ -81.072217, 31.928506 ], [ -81.074697, 31.931961 ], [ -81.07569, 31.936408 ], [ -81.078343, 31.940108 ], [ -81.078956, 31.942067 ], [ -81.076921, 31.943815 ], [ -81.075775, 31.943915 ], [ -81.06887, 31.945313 ], [ -81.065472, 31.947325 ], [ -81.064055, 31.949282 ], [ -81.063474, 31.953223 ], [ -81.057929, 31.959255 ], [ -81.056767, 31.961212 ], [ -81.057227, 31.963596 ], [ -81.057178, 31.965526 ], [ -81.053955, 31.967967 ], [ -81.052343, 31.970419 ], [ -81.052911, 31.974186 ], [ -81.053285, 31.975295 ], [ -81.055286, 31.979077 ], [ -81.055675, 31.979845 ], [ -81.055276, 31.981665 ], [ -81.053321, 31.981595 ], [ -81.051428, 31.98087 ], [ -81.046672, 31.977044 ], [ -81.042877, 31.977695 ], [ -81.036173, 31.983569 ], [ -81.035902, 31.987228 ], [ -81.035097, 31.98754 ], [ -81.029155, 31.989844 ], [ -81.028388, 31.990057 ], [ -81.02035, 31.993072 ], [ -81.017341, 32.007026 ], [ -81.016324, 32.008167 ], [ -81.013134, 32.012013 ], [ -81.008527, 32.010407 ], [ -81.007015, 32.008294 ], [ -81.002698, 32.000216 ], [ -81.002143, 31.99392 ], [ -81.004212, 31.980843 ], [ -81.007252, 31.974415 ], [ -81.007542, 31.973801 ], [ -81.008814, 31.971111 ], [ -81.008464, 31.960303 ], [ -81.005356, 31.955926 ], [ -80.999832, 31.951982 ], [ -80.998267, 31.951421 ], [ -80.993287, 31.9505 ], [ -80.986098, 31.947106 ], [ -80.984336, 31.94547 ], [ -80.980794, 31.943786 ], [ -80.979049733, 31.940642911 ], [ -80.984336, 31.940145 ], [ -80.983623, 31.931674 ], [ -80.981277353, 31.92928001 ], [ -80.985224, 31.92953 ], [ -80.985329, 31.927932 ], [ -80.991607, 31.929725 ], [ -80.99781, 31.928749 ], [ -80.99982, 31.928893 ], [ -81.004038, 31.930532 ], [ -81.005005, 31.930478 ], [ -81.008809, 31.928518 ], [ -81.008443, 31.925305 ], [ -81.00885, 31.92157 ], [ -81.008547, 31.918934 ], [ -81.008793, 31.916023 ], [ -81.00778, 31.914539 ], [ -81.009424, 31.913332 ], [ -81.01131, 31.912813 ], [ -81.011536, 31.911865 ], [ -81.010006, 31.911891 ], [ -81.010056, 31.910875 ], [ -81.008219, 31.911464 ], [ -81.007544, 31.909843 ], [ -81.008367, 31.908938 ], [ -81.010606, 31.908926 ], [ -81.011716, 31.906923 ], [ -81.014317, 31.907983 ], [ -81.017571, 31.908293 ], [ -81.020823, 31.907679 ], [ -81.021454, 31.907694 ], [ -81.021249, 31.907077 ], [ -81.023937, 31.901704 ], [ -81.02755, 31.898384 ], [ -81.028423, 31.896092 ], [ -81.028074, 31.89141 ], [ -81.028285, 31.890174 ], [ -81.030704, 31.888598 ], [ -81.034616, 31.890359 ], [ -81.038913, 31.893741 ], [ -81.040377, 31.895294 ], [ -81.03841, 31.896144 ], [ -81.04052, 31.8955 ], [ -81.041279, 31.894297 ], [ -81.043233, 31.893494 ], [ -81.046358, 31.888824 ], [ -81.047544, 31.888107 ], [ -81.051728, 31.887436 ], [ -81.052621, 31.886676 ], [ -81.053608, 31.883789 ], [ -81.055568, 31.88053 ], [ -81.056136, 31.876947 ], [ -81.062083, 31.878133 ], [ -81.063917, 31.879579 ], [ -81.066863, 31.884291 ], [ -81.06587, 31.886419 ], [ -81.062396, 31.888958 ], [ -81.061706, 31.89188 ], [ -81.062045, 31.893307 ], [ -81.061638, 31.895514 ], [ -81.06017, 31.898584 ], [ -81.060089, 31.901865 ], [ -81.060644, 31.902813 ], [ -81.064099, 31.90495 ], [ -81.067988, 31.905172 ], [ -81.069981, 31.904661 ], [ -81.071664, 31.904858 ], [ -81.073861, 31.908759 ], [ -81.075041, 31.909596 ], [ -81.077602, 31.909804 ], [ -81.07981, 31.90934 ], [ -81.078961, 31.911294 ], [ -81.079741, 31.912855 ], [ -81.081238, 31.913295 ], [ -81.081976, 31.915809 ], [ -81.084394, 31.914946 ], [ -81.08497, 31.917528 ], [ -81.088592, 31.919523 ], [ -81.090251, 31.919566 ], [ -81.09354, 31.918334 ], [ -81.097253, 31.917918 ], [ -81.09981, 31.917161 ], [ -81.102317, 31.91707 ], [ -81.107293, 31.919155 ], [ -81.104855, 31.920148 ] ] ] } },
{ "type": "Feature", "properties": { "id": "0d838b3e-9716-428f-82d4-0f15f53d5831", "Name": "31415", "description": null, "timestamp": null, "begin": null, "end": null, "altitudeMode": null, "tessellate": -1, "extrude": 0, "visibility": -1, "drawOrder": null, "icon": null, "code": "31415", "url": "/us/zip-codes/31415", "jurisdiction_depth_yards": { "GARDEN CITY": 1383.0, "UNINCORPORATED": 1368.4, "SAVANNAH": 3684.5 } }, "geometry": { "type": "Polygon", "coordinates": [ [ [ -81.163997, 32.083123 ], [ -81.15242, 32.085237 ], [ -81.15095, 32.085861 ], [ -81.150773, 32.085937 ], [ -81.153854, 32.090165 ], [ -81.153563, 32.090342 ], [ -81.135483, 32.085638 ], [ -81.134236, 32.085976 ], [ -81.133747, 32.086368 ], [ -81.131482, 32.091603 ], [ -81.132113, 32.092055 ], [ -81.138836, 32.09659 ], [ -81.137696, 32.097899 ], [ -81.133781, 32.099442 ], [ -81.129303, 32.103371 ], [ -81.12882, 32.104451 ], [ -81.123806, 32.110014 ], [ -81.124013, 32.108286 ], [ -81.12311, 32.108561 ], [ -81.121885, 32.106845 ], [ -81.118257, 32.103012 ], [ -81.11592, 32.10167 ], [ -81.110874, 32.097648 ], [ -81.109514, 32.096095 ], [ -81.108923, 32.096001 ], [ -81.104479, 32.092366 ], [ -81.099909, 32.08766 ], [ -81.10183, 32.083713 ], [ -81.102898, 32.083965 ], [ -81.106654, 32.079255 ], [ -81.106954, 32.07797 ], [ -81.103725, 32.077151 ], [ -81.106508, 32.076457 ], [ -81.10485, 32.073304 ], [ -81.107215, 32.076909 ], [ -81.108537, 32.076648 ], [ -81.112416, 32.071303 ], [ -81.107257, 32.070006 ], [ -81.106978, 32.069933 ], [ -81.104846, 32.069394 ], [ -81.105011, 32.068943 ], [ -81.101847, 32.068165 ], [ -81.102112, 32.067437 ], [ -81.101098, 32.067164 ], [ -81.101251, 32.066757 ], [ -81.102272, 32.067022 ], [ -81.102592, 32.066252 ], [ -81.102872, 32.065455 ], [ -81.101845, 32.065182 ], [ -81.10271, 32.062846 ], [ -81.103756, 32.063113 ], [ -81.104398, 32.061242 ], [ -81.10347, 32.060753 ], [ -81.103582, 32.06046 ], [ -81.104596, 32.060715 ], [ -81.105127, 32.059367 ], [ -81.106092, 32.056843 ], [ -81.10702, 32.054053 ], [ -81.107153, 32.054138 ], [ -81.111732, 32.055317 ], [ -81.119348, 32.057367 ], [ -81.119462, 32.057633 ], [ -81.119824, 32.061084 ], [ -81.121844, 32.059936 ], [ -81.122409, 32.06007 ], [ -81.126312, 32.059989 ], [ -81.131432, 32.062552 ], [ -81.133063, 32.061608 ], [ -81.136692, 32.066502 ], [ -81.134635, 32.07209 ], [ -81.136853, 32.07246 ], [ -81.147849, 32.073338 ], [ -81.149175, 32.073327 ], [ -81.150503, 32.073157 ], [ -81.161024, 32.070557 ], [ -81.16102, 32.070739 ], [ -81.160189, 32.074264 ], [ -81.157737, 32.07812 ], [ -81.164831, 32.080263 ], [ -81.163997, 32.083123 ] ] ] } },
{ "type": "Feature", "properties": { "id": "959369c1-fb80-4880-abfe-1e6495045d24", "Name": "31419", "description": null, "timestamp": null, "begin": null, "end": null, "altitudeMode": null, "tessellate": -1, "extrude": 0, "visibility": -1, "drawOrder": null, "icon": null, "code": "31419", "url": "/us/zip-codes/31419", "jurisdiction_depth_yards": { "VERNONBURG": 307.7, "BLOOMINGDALE": 4.2, "POOLER": 645.2, "GARDEN CITY": 114.1, "UNINCORPORATED": 2252.1, "SAVANNAH": 3577.3 } }, "geometry": { "type": "Polygon", "coordinates": [ [ [ -81.384727, 32.079517 ], [ -81.381495, 32.077334 ], [ -81.379268, 32.074717 ], [ -81.377389, 32.073676 ], [ -81.376904, 32.074072 ], [ -81.372559, 32.072206 ], [ -81.372302, 32.074841 ], [ -81.372314, 32.07237 ], [ -81.369289, 32.069834 ], [ -81.368435, 32.068247 ], [ -81.36881, 32.067932 ], [ -81.369701, 32.067729 ], [ -81.370676, 32.067909 ], [ -81.371322, 32.067877 ], [ -81.371612, 32.067909 ], [ -81.372672, 32.068412 ], [ -81.374325, 32.067754 ], [ -81.374713, 32.06581 ], [ -81.373712, 32.065134 ], [ -81.371956, 32.065492 ], [ -81.370114, 32.063865 ], [ -81.369867, 32.063164 ], [ -81.368363, 32.063448 ], [ -81.366385, 32.061878 ], [ -81.361676, 32.062004 ], [ -81.358004, 32.060039 ], [ -81.353414, 32.06149 ], [ -81.351779, 32.059835 ], [ -81.347145, 32.056863 ], [ -81.345204, 32.055077 ], [ -81.342363, 32.057247 ], [ -81.342564, 32.059431 ], [ -81.336733, 32.062525 ], [ -81.339768, 32.06573 ], [ -81.346733, 32.060484 ], [ -81.349675, 32.065381 ], [ -81.352439, 32.067318 ], [ -81.353096, 32.068562 ], [ -81.354898, 32.068124 ], [ -81.355904, 32.069843 ], [ -81.357978, 32.069221 ], [ -81.359446, 32.071715 ], [ -81.361577, 32.073658 ], [ -81.359477, 32.075322 ], [ -81.357172, 32.075644 ], [ -81.350725, 32.075567 ], [ -81.344528, 32.077447 ], [ -81.339161, 32.07282 ], [ -81.335056, 32.067946 ], [ -81.334113, 32.067911 ], [ -81.327138, 32.06163 ], [ -81.323471, 32.058555 ], [ -81.3205, 32.062244 ], [ -81.3165, 32.064404 ], [ -81.31746, 32.066603 ], [ -81.320161, 32.081766 ], [ -81.321055, 32.086827 ], [ -81.317992, 32.088061 ], [ -81.310153, 32.087513 ], [ -81.309898, 32.087493 ], [ -81.31001, 32.085476 ], [ -81.309839, 32.085319 ], [ -81.302701, 32.084584 ], [ -81.302006, 32.082645 ], [ -81.300072, 32.080275 ], [ -81.299764, 32.075584 ], [ -81.298658, 32.074272 ], [ -81.297948, 32.070462 ], [ -81.297543, 32.069884 ], [ -81.297123, 32.069543 ], [ -81.29634, 32.06826 ], [ -81.29625, 32.06818 ], [ -81.296055, 32.067895 ], [ -81.295949, 32.067637 ], [ -81.29578, 32.067529 ], [ -81.295679, 32.067408 ], [ -81.295494, 32.067235 ], [ -81.295144, 32.066221 ], [ -81.293841, 32.065142 ], [ -81.29168, 32.062693 ], [ -81.289646, 32.062723 ], [ -81.287998, 32.061546 ], [ -81.285849, 32.061382 ], [ -81.283985, 32.06001 ], [ -81.281723, 32.06051 ], [ -81.281523, 32.059879 ], [ -81.283832, 32.058157 ], [ -81.283074, 32.057312 ], [ -81.282715, 32.053939 ], [ -81.281375, 32.052815 ], [ -81.283651, 32.050973 ], [ -81.283507, 32.051079 ], [ -81.281074, 32.050351 ], [ -81.279641, 32.049036 ], [ -81.279106, 32.046985 ], [ -81.277047, 32.045344 ], [ -81.269896, 32.038479 ], [ -81.268239, 32.03519 ], [ -81.268698, 32.032704 ], [ -81.267976, 32.031686 ], [ -81.261994, 32.042668 ], [ -81.261855, 32.042333 ], [ -81.2572, 32.051623 ], [ -81.252182, 32.061597 ], [ -81.251432, 32.063069 ], [ -81.251322, 32.063028 ], [ -81.241787, 32.059431 ], [ -81.241552, 32.059182 ], [ -81.240686, 32.058349 ], [ -81.240427, 32.058047 ], [ -81.240196, 32.057446 ], [ -81.243579, 32.057108 ], [ -81.245164, 32.057842 ], [ -81.248371, 32.051853 ], [ -81.245777, 32.049267 ], [ -81.24436, 32.049734 ], [ -81.241712, 32.045194 ], [ -81.240467, 32.047893 ], [ -81.238759, 32.048702 ], [ -81.237743, 32.049421 ], [ -81.235357, 32.049876 ], [ -81.235026, 32.050053 ], [ -81.230969, 32.048939 ], [ -81.231341, 32.043401 ], [ -81.224895, 32.045067 ], [ -81.221087, 32.045585 ], [ -81.220604, 32.045717 ], [ -81.219427, 32.044902 ], [ -81.221632, 32.045296 ], [ -81.229047, 32.042543 ], [ -81.221155, 32.034818 ], [ -81.225149, 32.031882 ], [ -81.220325, 32.030724 ], [ -81.225688, 32.023773 ], [ -81.229616, 32.01863 ], [ -81.233023, 32.014032 ], [ -81.233604, 32.014559 ], [ -81.234299, 32.014207 ], [ -81.236148, 32.014627 ], [ -81.238712, 32.016877 ], [ -81.239773, 32.01546 ], [ -81.2351, 32.011211 ], [ -81.23675, 32.008969 ], [ -81.238327, 32.007559 ], [ -81.238483, 32.007444 ], [ -81.238296, 32.006453 ], [ -81.237606, 32.006503 ], [ -81.236917, 32.007455 ], [ -81.235738, 32.005899 ], [ -81.233024, 32.004805 ], [ -81.233066, 32.003874 ], [ -81.232313, 32.002571 ], [ -81.233493, 32.001348 ], [ -81.233578, 32.000851 ], [ -81.230938, 31.999532 ], [ -81.228998, 32.000759 ], [ -81.224961, 31.9989 ], [ -81.224271, 31.997025 ], [ -81.222494, 31.999356 ], [ -81.220017, 32.000042 ], [ -81.21758, 31.99754 ], [ -81.215856, 31.99871 ], [ -81.213172, 31.999547 ], [ -81.212016, 32.001241 ], [ -81.210232, 32.002128 ], [ -81.209593, 32.003771 ], [ -81.208101, 32.00481 ], [ -81.206093, 32.003055 ], [ -81.203289, 32.003188 ], [ -81.201706, 32.002437 ], [ -81.20057, 32.001439 ], [ -81.19979, 32.000754 ], [ -81.199041, 32.001151 ], [ -81.197583, 31.999738 ], [ -81.196683, 31.997433 ], [ -81.196487, 31.994872 ], [ -81.194089, 31.992815 ], [ -81.19178, 31.98763 ], [ -81.184661, 31.986647 ], [ -81.182474, 31.98533 ], [ -81.182375, 31.983717 ], [ -81.180345, 31.983624 ], [ -81.177437, 31.98296 ], [ -81.176953, 31.983912 ], [ -81.174776, 31.990231 ], [ -81.170301, 31.989174 ], [ -81.168766, 31.993499 ], [ -81.165193, 31.992098 ], [ -81.161762, 31.994515 ], [ -81.159193, 31.99629 ], [ -81.157779, 31.998534 ], [ -81.15397, 31.997485 ], [ -81.152996, 31.997331 ], [ -81.151637, 31.997497 ], [ -81.151301, 31.997253 ], [ -81.149982, 31.996022 ], [ -81.150517, 31.995649 ], [ -81.146901, 31.993683 ], [ -81.144217, 31.993211 ], [ -81.143962, 31.992012 ], [ -81.138893, 31.990201 ], [ -81.138454, 31.991655 ], [ -81.137464, 31.991304 ], [ -81.136758, 31.989475 ], [ -81.133771, 31.988429 ], [ -81.132463, 31.987136 ], [ -81.131616, 31.989247 ], [ -81.130964, 31.989017 ], [ -81.129643, 31.988554 ], [ -81.13069, 31.987295 ], [ -81.129409, 31.985847 ], [ -81.129781, 31.984434 ], [ -81.124776, 31.98289 ], [ -81.124772, 31.981538 ], [ -81.126153, 31.979316 ], [ -81.12621, 31.977034 ], [ -81.124709, 31.976128 ], [ -81.120774, 31.975601 ], [ -81.121252, 31.972946 ], [ -81.119548, 31.971039 ], [ -81.122061, 31.969496 ], [ -81.122677, 31.968315 ], [ -81.121666, 31.968921 ], [ -81.119433, 31.969271 ], [ -81.1161, 31.967769 ], [ -81.114489, 31.967164 ], [ -81.113737, 31.968762 ], [ -81.113782, 31.971263 ], [ -81.110447, 31.970479 ], [ -81.110048, 31.968784 ], [ -81.112924, 31.965637 ], [ -81.115755, 31.96215 ], [ -81.116403, 31.9618 ], [ -81.117264, 31.961334 ], [ -81.119445, 31.961752 ], [ -81.123267, 31.964679 ], [ -81.124941, 31.96249 ], [ -81.126407, 31.958355 ], [ -81.128038, 31.955264 ], [ -81.129539, 31.953683 ], [ -81.130145, 31.953872 ], [ -81.132711, 31.950793 ], [ -81.13581, 31.945131 ], [ -81.136407, 31.941907 ], [ -81.135683, 31.939018 ], [ -81.134607, 31.937014 ], [ -81.132238, 31.936207 ], [ -81.127131, 31.936229 ], [ -81.121595, 31.936822 ], [ -81.11919, 31.93671 ], [ -81.117471, 31.935963 ], [ -81.115244, 31.931632 ], [ -81.111932, 31.926178 ], [ -81.109702, 31.921347 ], [ -81.107293, 31.919155 ], [ -81.10538, 31.917288 ], [ -81.103369, 31.914688 ], [ -81.10138, 31.910123 ], [ -81.099647, 31.904758 ], [ -81.095814, 31.895606 ], [ -81.100545, 31.894023 ], [ -81.105365, 31.894096 ], [ -81.107233, 31.891943 ], [ -81.111562, 31.895339 ], [ -81.115794, 31.899257 ], [ -81.120482, 31.901088 ], [ -81.122414, 31.901226 ], [ -81.12407, 31.899211 ], [ -81.127171, 31.897985 ], [ -81.127548, 31.899068 ], [ -81.129975, 31.900785 ], [ -81.133471, 31.908357 ], [ -81.134524, 31.911741 ], [ -81.138591, 31.918062 ], [ -81.142024, 31.921064 ], [ -81.144758, 31.923 ], [ -81.14489, 31.92595 ], [ -81.146724, 31.93051 ], [ -81.14851, 31.93278 ], [ -81.154262, 31.936131 ], [ -81.155138, 31.93524 ], [ -81.15822, 31.935732 ], [ -81.159785, 31.935229 ], [ -81.16663, 31.931808 ], [ -81.167914, 31.932415 ], [ -81.168663, 31.933194 ], [ -81.169476, 31.935229 ], [ -81.169344, 31.940352 ], [ -81.169798, 31.941704 ], [ -81.170983, 31.943749 ], [ -81.17522, 31.948027 ], [ -81.177598, 31.949333 ], [ -81.180235, 31.949506 ], [ -81.183595, 31.949158 ], [ -81.185259, 31.949736 ], [ -81.185434, 31.950969 ], [ -81.18193, 31.954218 ], [ -81.182146, 31.956017 ], [ -81.183457, 31.95706 ], [ -81.188209, 31.958793 ], [ -81.189238, 31.961099 ], [ -81.18733, 31.966618 ], [ -81.187803, 31.970687 ], [ -81.190068, 31.973668 ], [ -81.194969, 31.971924 ], [ -81.197474, 31.972226 ], [ -81.197734, 31.973263 ], [ -81.196432, 31.975164 ], [ -81.196313, 31.976478 ], [ -81.197422, 31.97759 ], [ -81.199085, 31.978171 ], [ -81.203102, 31.97764 ], [ -81.205374, 31.976768 ], [ -81.207592, 31.975376 ], [ -81.210259, 31.973185 ], [ -81.211271, 31.971793 ], [ -81.212534, 31.966618 ], [ -81.211542, 31.965469 ], [ -81.209994, 31.964883 ], [ -81.209003, 31.963734 ], [ -81.211225, 31.959067 ], [ -81.210535, 31.958268 ], [ -81.21011, 31.957775 ], [ -81.207588, 31.957568 ], [ -81.205331, 31.959177 ], [ -81.202146, 31.960917 ], [ -81.199555, 31.961082 ], [ -81.198586, 31.959809 ], [ -81.198809, 31.957803 ], [ -81.197584, 31.955478 ], [ -81.195348, 31.954546 ], [ -81.192878, 31.952437 ], [ -81.192041, 31.949655 ], [ -81.189091, 31.946083 ], [ -81.190186, 31.94343 ], [ -81.196129, 31.939003 ], [ -81.196576, 31.937409 ], [ -81.195732, 31.936279 ], [ -81.192289, 31.93455 ], [ -81.191275, 31.933525 ], [ -81.19057, 31.93165 ], [ -81.190576, 31.929998 ], [ -81.189586, 31.928848 ], [ -81.192494, 31.928295 ], [ -81.194224, 31.925755 ], [ -81.195777, 31.925537 ], [ -81.195785, 31.923321 ], [ -81.198285, 31.923768 ], [ -81.203606, 31.923738 ], [ -81.20417, 31.923877 ], [ -81.203586, 31.922256 ], [ -81.206902, 31.921368 ], [ -81.21108, 31.919305 ], [ -81.215405, 31.915153 ], [ -81.21868, 31.911353 ], [ -81.225592, 31.902627 ], [ -81.227967, 31.89648 ], [ -81.232232, 31.891196 ], [ -81.234315, 31.889547 ], [ -81.235596, 31.887672 ], [ -81.238735, 31.887088 ], [ -81.241342, 31.88936 ], [ -81.242853, 31.891757 ], [ -81.242927, 31.894075 ], [ -81.24142, 31.896138 ], [ -81.236285, 31.899957 ], [ -81.234199, 31.902279 ], [ -81.233451, 31.903967 ], [ -81.233177, 31.907954 ], [ -81.235253, 31.910102 ], [ -81.239344, 31.911621 ], [ -81.240961, 31.911976 ], [ -81.246147, 31.911665 ], [ -81.24983, 31.910711 ], [ -81.251881, 31.909422 ], [ -81.254623, 31.906476 ], [ -81.256391, 31.905369 ], [ -81.259014, 31.905364 ], [ -81.261315, 31.906271 ], [ -81.263549, 31.908075 ], [ -81.26568, 31.910586 ], [ -81.266047, 31.91201 ], [ -81.265826, 31.915848 ], [ -81.265045, 31.917641 ], [ -81.263635, 31.919707 ], [ -81.25985, 31.921632 ], [ -81.257533, 31.923724 ], [ -81.257314, 31.924451 ], [ -81.258031, 31.92671 ], [ -81.259631, 31.927609 ], [ -81.263132, 31.927109 ], [ -81.267932, 31.924509 ], [ -81.269933, 31.924209 ], [ -81.273034, 31.925005 ], [ -81.274336, 31.925896 ], [ -81.27594, 31.928143 ], [ -81.276137, 31.931819 ], [ -81.272715, 31.937127 ], [ -81.272349, 31.93876 ], [ -81.273121, 31.941281 ], [ -81.274111, 31.942508 ], [ -81.27742, 31.944699 ], [ -81.280432, 31.945308 ], [ -81.283201, 31.94367 ], [ -81.285467, 31.942994 ], [ -81.28803, 31.94411 ], [ -81.288836, 31.945898 ], [ -81.287031, 31.950656 ], [ -81.287771, 31.954223 ], [ -81.289924, 31.957789 ], [ -81.290534, 31.960512 ], [ -81.290232, 31.962309 ], [ -81.288927, 31.966102 ], [ -81.288728, 31.968971 ], [ -81.28754, 31.974182 ], [ -81.28863, 31.977201 ], [ -81.289563, 31.97814 ], [ -81.291247, 31.979225 ], [ -81.29493, 31.979909 ], [ -81.303224, 31.979784 ], [ -81.307298, 31.981118 ], [ -81.307552, 31.981278 ], [ -81.308852, 31.98233 ], [ -81.309399, 31.984721 ], [ -81.308182, 31.987118 ], [ -81.307442, 31.989639 ], [ -81.307755, 31.990713 ], [ -81.309977, 31.992959 ], [ -81.310149, 31.995103 ], [ -81.307995, 31.997079 ], [ -81.305563, 31.997789 ], [ -81.304269, 31.999174 ], [ -81.304436, 32.000709 ], [ -81.305436, 32.001908 ], [ -81.30873, 32.003906 ], [ -81.312921, 32.004005 ], [ -81.31412, 32.004511 ], [ -81.315332, 32.006912 ], [ -81.314417, 32.009513 ], [ -81.314916, 32.011412 ], [ -81.316417, 32.011412 ], [ -81.317709, 32.010108 ], [ -81.317912, 32.008812 ], [ -81.31942, 32.006884 ], [ -81.321909, 32.00741 ], [ -81.322909, 32.008716 ], [ -81.322907, 32.011609 ], [ -81.321601, 32.013013 ], [ -81.319234, 32.013806 ], [ -81.318296, 32.015497 ], [ -81.319434, 32.016405 ], [ -81.320734, 32.016306 ], [ -81.323333, 32.015206 ], [ -81.324733, 32.016607 ], [ -81.32345, 32.020063 ], [ -81.323734, 32.021106 ], [ -81.325034, 32.021805 ], [ -81.327934, 32.019405 ], [ -81.330534, 32.019506 ], [ -81.335734, 32.022005 ], [ -81.336613, 32.023927 ], [ -81.335234, 32.025605 ], [ -81.334635, 32.027704 ], [ -81.336325, 32.0291 ], [ -81.338255, 32.03291 ], [ -81.338991, 32.032927 ], [ -81.340677, 32.031315 ], [ -81.341824, 32.031959 ], [ -81.342368, 32.03418 ], [ -81.343765, 32.03306 ], [ -81.344824, 32.034339 ], [ -81.347737, 32.035494 ], [ -81.348821, 32.039059 ], [ -81.349704, 32.038009 ], [ -81.349533, 32.035075 ], [ -81.350429, 32.034242 ], [ -81.351163, 32.036513 ], [ -81.354336, 32.03947 ], [ -81.356005, 32.042071 ], [ -81.357289, 32.042195 ], [ -81.36124, 32.045724 ], [ -81.360607, 32.048641 ], [ -81.362081, 32.048848 ], [ -81.362672, 32.048254 ], [ -81.362902, 32.048239 ], [ -81.362672, 32.048358 ], [ -81.362517, 32.048524 ], [ -81.362452, 32.048705 ], [ -81.362536, 32.04881 ], [ -81.36275, 32.048766 ], [ -81.363047, 32.048682 ], [ -81.363589, 32.048639 ], [ -81.363905, 32.048544 ], [ -81.364073, 32.048419 ], [ -81.364041, 32.048248 ], [ -81.363814, 32.04818 ], [ -81.367004, 32.047877 ], [ -81.368089, 32.048676 ], [ -81.367494, 32.050905 ], [ -81.368557, 32.052884 ], [ -81.370211, 32.054457 ], [ -81.367498, 32.05751 ], [ -81.369805, 32.05887 ], [ -81.368736, 32.059685 ], [ -81.370377, 32.063736 ], [ -81.372127, 32.06526 ], [ -81.373859, 32.064861 ], [ -81.375116, 32.065739 ], [ -81.375227, 32.066693 ], [ -81.374413, 32.067801 ], [ -81.37339, 32.068391 ], [ -81.37269, 32.068469 ], [ -81.37228, 32.068367 ], [ -81.371639, 32.067967 ], [ -81.368874, 32.068042 ], [ -81.36917, 32.069164 ], [ -81.370539, 32.069626 ], [ -81.371524, 32.071269 ], [ -81.37457, 32.072899 ], [ -81.376197, 32.073044 ], [ -81.378753, 32.074316 ], [ -81.379554, 32.074834 ], [ -81.381361, 32.076369 ], [ -81.381712, 32.077061 ], [ -81.382946, 32.078068 ], [ -81.383478, 32.078342 ], [ -81.384727, 32.079517 ] ] ] } },
{ "type": "Feature", "properties": { "id": "c659d001-578f-47ab-b97f-f24e7698cceb", "Name": "31421", "description": null, "timestamp": null, "begin": null, "end": null, "altitudeMode": null, "tessellate": -1, "extrude": 0, "visibility": -1, "drawOrder": null, "icon": null, "code": "31421", "url": "/us/zip-codes/31421", "jurisdiction_depth_yards": { "UNINCORPORATED": 273.9, "SAVANNAH": 572.2 } }, "geometry": { "type": "Polygon", "coordinates": [ [ [ -81.098529, 32.089316 ], [ -81.09787, 32.090107 ], [ -81.094513, 32.093853 ], [ -81.093314, 32.095622 ], [ -81.092669, 32.096909 ], [ -81.09191, 32.0981 ], [ -81.090545, 32.097638 ], [ -81.089021, 32.097173 ], [ -81.084845, 32.096938 ], [ -81.084374, 32.097048 ], [ -81.083578, 32.097029 ], [ -81.0834, 32.096851 ], [ -81.083053, 32.096872 ], [ -81.082556, 32.09683 ], [ -81.082121, 32.096872 ], [ -81.081937, 32.096968 ], [ -81.081426, 32.097273 ], [ -81.080389, 32.097032 ], [ -81.080246, 32.097238 ], [ -81.080026, 32.097153 ], [ -81.08, 32.096909 ], [ -81.078834, 32.096184 ], [ -81.078852, 32.095305 ], [ -81.074968, 32.0927 ], [ -81.066707, 32.086264 ], [ -81.063645, 32.085698 ], [ -81.059319, 32.084057 ], [ -81.050135, 32.082425 ], [ -81.050133, 32.081537 ], [ -81.054035, 32.082124 ], [ -81.060592, 32.082617 ], [ -81.062108, 32.082183 ], [ -81.065589, 32.078837 ], [ -81.071519, 32.07788 ], [ -81.073768, 32.077716 ], [ -81.073778, 32.07787 ], [ -81.078108, 32.078173 ], [ -81.081251, 32.078971 ], [ -81.080798, 32.080294 ], [ -81.085074, 32.081553 ], [ -81.090767, 32.082574 ], [ -81.09535, 32.08487 ], [ -81.098261, 32.087909 ], [ -81.098937, 32.088483 ], [ -81.098529, 32.089316 ] ] ] } }
]
}
